id,google_product_category
10015556,Home & Garden > Lawn & Garden > Outdoor Living > Outdoor Umbrellas & Sunshades
10015557,Home & Garden > Lawn & Garden > Outdoor Living > Outdoor Umbrellas & Sunshades
10015558,Home & Garden > Lawn & Garden > Outdoor Living > Outdoor Umbrellas & Sunshades
10015559,Home & Garden > Lawn & Garden > Outdoor Living > Outdoor Umbrellas & Sunshades
10015560,Home & Garden > Lawn & Garden > Outdoor Living > Outdoor Umbrellas & Sunshades
10015561,Home & Garden > Lawn & Garden > Outdoor Living > Outdoor Umbrellas & Sunshades
10015562,Home & Garden > Lawn & Garden > Outdoor Living > Outdoor Umbrellas & Sunshades
10015563,Home & Garden > Lawn & Garden > Outdoor Living > Outdoor Umbrellas & Sunshades
10015564,Home & Garden > Lawn & Garden > Outdoor Living > Outdoor Umbrellas & Sunshades
10015565,Home & Garden > Lawn & Garden > Outdoor Living > Outdoor Umbrellas & Sunshades
10015566,Home & Garden > Lawn & Garden > Outdoor Living > Outdoor Umbrellas & Sunshades
10015567,Home & Garden > Lawn & Garden > Outdoor Living > Outdoor Umbrellas & Sunshades
10015568,Home & Garden > Lawn & Garden > Outdoor Living > Outdoor Umbrellas & Sunshades
10015570,Home & Garden > Lawn & Garden > Outdoor Living > Outdoor Umbrellas & Sunshades
10015571,Home & Garden > Lawn & Garden > Outdoor Living > Outdoor Umbrellas & Sunshades
10015572,Home & Garden > Lawn & Garden > Outdoor Living > Outdoor Umbrellas & Sunshades
10015573,Home & Garden > Lawn & Garden > Outdoor Living > Outdoor Umbrellas & Sunshades
10015574,Home & Garden > Lawn & Garden > Outdoor Living > Outdoor Umbrellas & Sunshades
10015575,Home & Garden > Lawn & Garden > Outdoor Living > Outdoor Umbrellas & Sunshades
10015576,Home & Garden > Lawn & Garden > Outdoor Living > Outdoor Umbrellas & Sunshades
10015577,Home & Garden > Lawn & Garden > Outdoor Living > Outdoor Umbrellas & Sunshades
10015578,Home & Garden > Lawn & Garden > Outdoor Living > Outdoor Umbrellas & Sunshades
10015579,Home & Garden > Lawn & Garden > Outdoor Living > Outdoor Umbrellas & Sunshades
10015580,Home & Garden > Lawn & Garden > Outdoor Living > Outdoor Umbrellas & Sunshades
10015581,Home & Garden > Lawn & Garden > Outdoor Living > Outdoor Umbrellas & Sunshades
10023645,Home & Garden > Lawn & Garden > Outdoor Living > Outdoor Umbrellas & Sunshades
100318919,"Furniture > Chairs > Arm Chairs, Recliners & Sleeper Chairs"
100318928,"Furniture > Chairs > Arm Chairs, Recliners & Sleeper Chairs"
100318981,Furniture > Sofas
100319058,Furniture > Sofas
100319094,Furniture > Ottomans
100319100,Furniture > Ottomans
100319110,"Furniture > Chairs > Arm Chairs, Recliners & Sleeper Chairs"
100319111,"Furniture > Chairs > Arm Chairs, Recliners & Sleeper Chairs"
100319121,"Furniture > Chairs > Arm Chairs, Recliners & Sleeper Chairs"
100319137,"Furniture > Chairs > Arm Chairs, Recliners & Sleeper Chairs"
100328622,Furniture > Ottomans
100328655,Furniture > Ottomans
100328738,Furniture > Ottomans
100328749,Furniture > Ottomans
100328836,Furniture > Futons
100328837,Furniture > Futons
100328907,Furniture > Futons
100328908,Furniture > Futons
10038295,Furniture > Benches
10038296,Furniture > Benches
10038297,Furniture > Benches
10038301,Furniture > Benches
10038302,Furniture > Benches
10038304,Furniture > Benches
10038306,Furniture > Benches
10038315,Furniture > Benches
10038317,Furniture > Benches
10038318,Furniture > Benches
10038319,Furniture > Benches
10038325,Furniture > Benches
10038328,Furniture > Benches
10038330,Furniture > Benches
10038335,Furniture > Benches
10038356,Furniture > Benches
10038357,Furniture > Benches
10038358,Furniture > Benches
10038359,Furniture > Benches
10038362,Furniture > Benches
10038364,Furniture > Benches
10038365,Furniture > Benches
10038366,Furniture > Benches
10038367,Furniture > Benches
10038368,Furniture > Benches
10038376,Furniture > Benches
10038377,Furniture > Benches
10038390,Furniture > Benches
10038391,Furniture > Benches
10038392,Furniture > Benches
10038393,Furniture > Benches
10038395,Furniture > Benches
10038396,Furniture > Benches
10038397,Furniture > Benches
10038399,Furniture > Benches
10038400,Furniture > Benches
10038401,Furniture > Benches
10038402,Furniture > Benches
10038403,Furniture > Benches
10038404,Furniture > Benches
10038598,Furniture > Benches
10038604,Furniture > Benches
10038605,Furniture > Benches
10038606,Furniture > Benches
10038610,Furniture > Benches
10038614,Furniture > Benches
10038615,Furniture > Benches
10038616,Furniture > Benches
10038716,Furniture > Benches
10038717,Furniture > Benches
10038718,Furniture > Benches
10038719,Furniture > Benches
10038721,Furniture > Benches
10038722,Furniture > Benches
10038749,Furniture > Benches
10038752,Furniture > Benches
10038757,Furniture > Benches
10038758,Furniture > Benches
10038759,Furniture > Benches
10038765,Furniture > Benches
10038772,Furniture > Benches
10038774,Furniture > Benches
10038776,Furniture > Benches
10038777,Furniture > Benches
10038784,Furniture > Benches
10038804,Furniture > Benches
10038805,Furniture > Benches
10038806,Furniture > Benches
10038807,Furniture > Benches
10038808,Furniture > Benches
10038810,Furniture > Benches
10038825,Furniture > Benches
10038826,Furniture > Benches
10038827,Furniture > Benches
10038828,Furniture > Benches
10038829,Furniture > Benches
10038830,Furniture > Benches
10038832,Furniture > Benches
10038833,Furniture > Benches
10038834,Furniture > Benches
10114627,Furniture > Tables > Kitchen & Dining Room Tables
10114629,Furniture > Tables > Kitchen & Dining Room Tables
10114633,Furniture > Tables > Kitchen & Dining Room Tables
10114634,Furniture > Tables > Kitchen & Dining Room Tables
10114635,Furniture > Tables > Kitchen & Dining Room Tables
10114638,Furniture > Tables > Kitchen & Dining Room Tables
10114639,Furniture > Tables > Kitchen & Dining Room Tables
10114643,Furniture > Tables > Kitchen & Dining Room Tables
10114644,Furniture > Tables > Kitchen & Dining Room Tables
10114645,Furniture > Tables > Kitchen & Dining Room Tables
10114647,Furniture > Tables > Kitchen & Dining Room Tables
10114657,Furniture > Tables > Kitchen & Dining Room Tables
10114660,Furniture > Tables > Kitchen & Dining Room Tables
10114670,Furniture > Tables > Kitchen & Dining Room Tables
10114671,Furniture > Tables > Kitchen & Dining Room Tables
10114726,Furniture > Tables > Kitchen & Dining Room Tables
10114729,Furniture > Tables > Kitchen & Dining Room Tables
10114730,Furniture > Tables > Kitchen & Dining Room Tables
10114731,Furniture > Tables > Kitchen & Dining Room Tables
10114734,Furniture > Tables > Kitchen & Dining Room Tables
10114736,Furniture > Tables > Kitchen & Dining Room Tables
10114737,Furniture > Tables > Kitchen & Dining Room Tables
10114738,Furniture > Tables > Kitchen & Dining Room Tables
10114739,Furniture > Tables > Kitchen & Dining Room Tables
10114740,Furniture > Tables > Kitchen & Dining Room Tables
10114742,Furniture > Tables > Kitchen & Dining Room Tables
10114743,Furniture > Tables > Kitchen & Dining Room Tables
10114744,Furniture > Tables > Kitchen & Dining Room Tables
10115587,Furniture > Tables > Kitchen & Dining Room Tables
10115729,Furniture > Tables > Kitchen & Dining Room Tables
10115730,Furniture > Tables > Kitchen & Dining Room Tables
10115792,Furniture > Tables > Kitchen & Dining Room Tables
10115804,Furniture > Tables > Kitchen & Dining Room Tables
10115805,Furniture > Tables > Kitchen & Dining Room Tables
10115806,Furniture > Tables > Kitchen & Dining Room Tables
10115808,Furniture > Tables > Kitchen & Dining Room Tables
10115809,Furniture > Tables > Kitchen & Dining Room Tables
10115810,Furniture > Tables > Kitchen & Dining Room Tables
10115811,Furniture > Tables > Kitchen & Dining Room Tables
10115815,Furniture > Tables > Kitchen & Dining Room Tables
10115816,Furniture > Tables > Kitchen & Dining Room Tables
10115817,Furniture > Tables > Kitchen & Dining Room Tables
10115821,Furniture > Tables > Kitchen & Dining Room Tables
10115835,Furniture > Tables > Kitchen & Dining Room Tables
10115856,Furniture > Tables > Kitchen & Dining Room Tables
10115857,Furniture > Tables > Kitchen & Dining Room Tables
10115859,Furniture > Tables > Kitchen & Dining Room Tables
10115866,Furniture > Tables > Kitchen & Dining Room Tables
10115869,Furniture > Tables > Kitchen & Dining Room Tables
10115870,Furniture > Tables > Kitchen & Dining Room Tables
10115871,Furniture > Tables > Kitchen & Dining Room Tables
10115872,Furniture > Tables > Kitchen & Dining Room Tables
10115873,Furniture > Tables > Kitchen & Dining Room Tables
10115874,Furniture > Tables > Kitchen & Dining Room Tables
10115881,Furniture > Tables > Kitchen & Dining Room Tables
10115918,Furniture > Tables > Kitchen & Dining Room Tables
10115920,Furniture > Tables > Kitchen & Dining Room Tables
10115922,Furniture > Tables > Kitchen & Dining Room Tables
10115923,Furniture > Tables > Kitchen & Dining Room Tables
10115924,Furniture > Tables > Kitchen & Dining Room Tables
10115925,Furniture > Tables > Kitchen & Dining Room Tables
10115936,Furniture > Tables > Kitchen & Dining Room Tables
10115938,Furniture > Tables > Kitchen & Dining Room Tables
10115939,Furniture > Tables > Kitchen & Dining Room Tables
10115941,Furniture > Tables > Kitchen & Dining Room Tables
10115942,Furniture > Tables > Kitchen & Dining Room Tables
10115943,Furniture > Tables > Kitchen & Dining Room Tables
10115965,Furniture > Tables > Kitchen & Dining Room Tables
10115966,Furniture > Tables > Kitchen & Dining Room Tables
10115969,Furniture > Tables > Kitchen & Dining Room Tables
10115972,Furniture > Tables > Kitchen & Dining Room Tables
10115974,Furniture > Tables > Kitchen & Dining Room Tables
10115975,Furniture > Tables > Kitchen & Dining Room Tables
10115976,Furniture > Tables > Kitchen & Dining Room Tables
10115977,Furniture > Tables > Kitchen & Dining Room Tables
10161068,Furniture > Tables > Accent Tables > End Tables
10163759,Furniture > Tables > Accent Tables > End Tables
10164152,Furniture > Tables > Accent Tables > End Tables
10177915,Furniture > Tables
10179140,Furniture > Tables
10179141,Furniture > Tables
10227070,Furniture > Chairs > Kitchen & Dining Room Chairs
10227469,Furniture > Chairs > Kitchen & Dining Room Chairs
10227685,Furniture > Chairs > Kitchen & Dining Room Chairs
10227916,Furniture > Chairs > Kitchen & Dining Room Chairs
10227979,Furniture > Chairs > Kitchen & Dining Room Chairs
10228242,Furniture > Chairs > Kitchen & Dining Room Chairs
10228811,Furniture
10228983,Furniture
10232377,Furniture
10232491,"Furniture > Chairs > Arm Chairs, Recliners & Sleeper Chairs"
10232716,"Furniture > Chairs > Arm Chairs, Recliners & Sleeper Chairs"
10233055,"Furniture > Chairs > Arm Chairs, Recliners & Sleeper Chairs"
10234151,"Furniture > Chairs > Arm Chairs, Recliners & Sleeper Chairs"
10235080,"Furniture > Chairs > Arm Chairs, Recliners & Sleeper Chairs"
10235081,"Furniture > Chairs > Arm Chairs, Recliners & Sleeper Chairs"
10254740,Furniture > Tables > Accent Tables > End Tables
10254741,Furniture > Tables > Accent Tables > End Tables
10266265,Furniture > Tables > Accent Tables > End Tables
10271321,Furniture > Tables > Accent Tables > End Tables
10271780,Furniture > Tables > Accent Tables > End Tables
10343392,Furniture
10343393,Furniture
10362110,Furniture
10362115,Furniture
10366257,Furniture
10366258,Furniture
10366633,Furniture
10403271,Furniture > Tables > Kitchen & Dining Room Tables
10403388,Furniture > Tables > Kitchen & Dining Room Tables
10403848,Furniture > Tables > Kitchen & Dining Room Tables
10403958,Furniture > Tables > Kitchen & Dining Room Tables
10403967,Furniture > Tables > Kitchen & Dining Room Tables
10404548,Furniture > Tables > Kitchen & Dining Room Tables
10431856,Furniture > Tables > Accent Tables > Coffee Tables
10431857,Furniture > Tables > Accent Tables > Coffee Tables
10473268,Home & Garden > Decor > Figurines
10491069,Furniture > Tables > Accent Tables > Coffee Tables
10491174,Furniture > Tables > Accent Tables > End Tables
10491196,Furniture > Tables > Accent Tables > End Tables
10491226,Furniture > Tables > Accent Tables > End Tables
10491264,Furniture > Tables > Accent Tables > End Tables
10491281,Furniture > Tables > Accent Tables > End Tables
10491291,Furniture > Tables > Accent Tables > End Tables
10497108,Furniture > Tables > Accent Tables > End Tables
10497109,Furniture > Tables > Accent Tables > End Tables
10497110,Furniture > Tables > Accent Tables > End Tables
10497111,Furniture > Tables > Accent Tables > End Tables
10497114,Furniture > Tables > Accent Tables > End Tables
10497115,Furniture > Tables > Accent Tables > End Tables
10497919,Furniture > Tables > Accent Tables > Coffee Tables
10497920,Furniture > Tables > Accent Tables > Coffee Tables
10497921,Furniture > Tables > Accent Tables > Coffee Tables
10497922,Furniture > Tables > Accent Tables > Coffee Tables
10497923,Furniture > Tables > Accent Tables > Coffee Tables
10497924,Furniture > Tables > Accent Tables > Coffee Tables
10497925,Furniture > Tables > Accent Tables > Coffee Tables
10497926,Furniture > Tables > Accent Tables > Coffee Tables
10498102,Furniture > Tables > Accent Tables > Coffee Tables
10498103,Furniture > Tables > Accent Tables > Coffee Tables
10498104,Furniture > Tables > Accent Tables > Coffee Tables
10498105,Furniture > Tables > Accent Tables > Coffee Tables
10498106,Furniture > Tables > Accent Tables > Coffee Tables
10498107,Furniture > Tables > Accent Tables > Coffee Tables
10498108,Furniture > Tables > Accent Tables > Coffee Tables
10498109,Furniture > Tables > Accent Tables > Coffee Tables
10498298,Furniture > Tables > Accent Tables > Coffee Tables
10498299,Furniture > Tables > Accent Tables > Coffee Tables
10498300,Furniture > Tables > Accent Tables > Coffee Tables
10498301,Furniture > Tables > Accent Tables > Coffee Tables
10498302,Furniture > Tables > Accent Tables > Coffee Tables
10498303,Furniture > Tables > Accent Tables > Coffee Tables
10498304,Furniture > Tables > Accent Tables > Coffee Tables
10498305,Furniture > Tables > Accent Tables > Coffee Tables
10498675,Furniture > Tables > Accent Tables > Coffee Tables
10498676,Furniture > Tables > Accent Tables > Coffee Tables
10498677,Furniture > Tables > Accent Tables > Coffee Tables
10498678,Furniture > Tables > Accent Tables > Coffee Tables
10498679,Furniture > Tables > Accent Tables > Coffee Tables
10498680,Furniture > Tables > Accent Tables > Coffee Tables
10498681,Furniture > Tables > Accent Tables > Coffee Tables
10498682,Furniture > Tables > Accent Tables > Coffee Tables
10509052,Furniture > Tables > Accent Tables > Coffee Tables
10509242,Furniture > Tables > Accent Tables > Coffee Tables
10510230,Furniture > Tables
10510231,Furniture > Tables
10513652,Furniture
10578715,Furniture
10581283,Furniture
10581285,Furniture
111068552,Furniture
13579667,"Furniture > Chairs > Arm Chairs, Recliners & Sleeper Chairs"
13579668,"Furniture > Chairs > Arm Chairs, Recliners & Sleeper Chairs"
13579679,"Furniture > Chairs > Arm Chairs, Recliners & Sleeper Chairs"
13579680,"Furniture > Chairs > Arm Chairs, Recliners & Sleeper Chairs"
13579681,"Furniture > Chairs > Arm Chairs, Recliners & Sleeper Chairs"
13579683,"Furniture > Chairs > Arm Chairs, Recliners & Sleeper Chairs"
13579686,"Furniture > Chairs > Arm Chairs, Recliners & Sleeper Chairs"
13579765,"Furniture > Chairs > Arm Chairs, Recliners & Sleeper Chairs"
13579766,"Furniture > Chairs > Arm Chairs, Recliners & Sleeper Chairs"
13579767,"Furniture > Chairs > Arm Chairs, Recliners & Sleeper Chairs"
13579769,"Furniture > Chairs > Arm Chairs, Recliners & Sleeper Chairs"
13579770,"Furniture > Chairs > Arm Chairs, Recliners & Sleeper Chairs"
13579771,"Furniture > Chairs > Arm Chairs, Recliners & Sleeper Chairs"
13579773,"Furniture > Chairs > Arm Chairs, Recliners & Sleeper Chairs"
13579779,"Furniture > Chairs > Arm Chairs, Recliners & Sleeper Chairs"
13579780,"Furniture > Chairs > Arm Chairs, Recliners & Sleeper Chairs"
13579781,"Furniture > Chairs > Arm Chairs, Recliners & Sleeper Chairs"
13579800,"Furniture > Chairs > Arm Chairs, Recliners & Sleeper Chairs"
13579801,"Furniture > Chairs > Arm Chairs, Recliners & Sleeper Chairs"
13579806,"Furniture > Chairs > Arm Chairs, Recliners & Sleeper Chairs"
13579807,"Furniture > Chairs > Arm Chairs, Recliners & Sleeper Chairs"
13590451,Furniture > Tables > Accent Tables > Coffee Tables
13590549,Furniture > Tables > Accent Tables > Coffee Tables
14105958,Furniture > Chairs > Kitchen & Dining Room Chairs
14105961,Furniture > Chairs > Kitchen & Dining Room Chairs
14105962,Furniture > Chairs > Kitchen & Dining Room Chairs
14105964,Furniture > Chairs > Kitchen & Dining Room Chairs
14106017,Furniture > Chairs > Kitchen & Dining Room Chairs
14106018,Furniture > Chairs > Kitchen & Dining Room Chairs
14106022,Furniture > Chairs > Kitchen & Dining Room Chairs
14106024,Furniture > Chairs > Kitchen & Dining Room Chairs
141212894,Furniture
141213800,Home & Garden > Lighting
141220746,Home & Garden > Lighting
141227123,Home & Garden > Lighting
14147118,"Furniture > Chairs > Arm Chairs, Recliners & Sleeper Chairs"
14147119,"Furniture > Chairs > Arm Chairs, Recliners & Sleeper Chairs"
14147162,"Furniture > Chairs > Arm Chairs, Recliners & Sleeper Chairs"
14147202,"Furniture > Chairs > Arm Chairs, Recliners & Sleeper Chairs"
14147203,"Furniture > Chairs > Arm Chairs, Recliners & Sleeper Chairs"
14147204,"Furniture > Chairs > Arm Chairs, Recliners & Sleeper Chairs"
14147205,"Furniture > Chairs > Arm Chairs, Recliners & Sleeper Chairs"
15083601,"Furniture > Chairs > Arm Chairs, Recliners & Sleeper Chairs"
15247398,Furniture > Office Furniture > Office Chairs
15247417,Furniture > Office Furniture > Office Chairs
15247419,Furniture > Office Furniture > Office Chairs
15247426,Furniture > Office Furniture > Office Chairs
15247427,Furniture > Office Furniture > Office Chairs
15247429,Furniture > Office Furniture > Office Chairs
15247431,Furniture > Office Furniture > Office Chairs
15247434,Furniture > Office Furniture > Office Chairs
15247435,Furniture > Office Furniture > Office Chairs
15247436,Furniture > Office Furniture > Office Chairs
15247437,Furniture > Office Furniture > Office Chairs
15247438,Furniture > Office Furniture > Office Chairs
15247439,Furniture > Office Furniture > Office Chairs
15247442,Furniture > Office Furniture > Office Chairs
15247444,Furniture > Office Furniture > Office Chairs
15247454,Furniture > Office Furniture > Office Chairs
15247505,Furniture > Office Furniture > Office Chairs
15247521,Furniture > Office Furniture > Office Chairs
15247563,Furniture > Office Furniture > Office Chairs
15247565,Furniture > Office Furniture > Office Chairs
15247567,Furniture > Office Furniture > Office Chairs
15280003,Furniture
15463447,Furniture > Tables > Accent Tables > End Tables
15465102,Furniture
15787285,Furniture
159562435,Furniture > Chairs > Kitchen & Dining Room Chairs
172296849,"Furniture > Chairs > Arm Chairs, Recliners & Sleeper Chairs"
172296853,"Furniture > Chairs > Arm Chairs, Recliners & Sleeper Chairs"
172394049,"Furniture > Chairs > Arm Chairs, Recliners & Sleeper Chairs"
173867189,"Furniture > Chairs > Arm Chairs, Recliners & Sleeper Chairs"
173867203,"Furniture > Chairs > Arm Chairs, Recliners & Sleeper Chairs"
174169082,Furniture > Office Furniture > Office Chairs
17682636,"Furniture > Chairs > Arm Chairs, Recliners & Sleeper Chairs"
17746011,"Furniture > Chairs > Arm Chairs, Recliners & Sleeper Chairs"
17746013,"Furniture > Chairs > Arm Chairs, Recliners & Sleeper Chairs"
17746073,"Furniture > Chairs > Arm Chairs, Recliners & Sleeper Chairs"
17746097,"Furniture > Chairs > Arm Chairs, Recliners & Sleeper Chairs"
181597934,"Furniture > Chairs > Arm Chairs, Recliners & Sleeper Chairs"
181597936,"Furniture > Chairs > Arm Chairs, Recliners & Sleeper Chairs"
181597937,"Furniture > Chairs > Arm Chairs, Recliners & Sleeper Chairs"
181597938,"Furniture > Chairs > Arm Chairs, Recliners & Sleeper Chairs"
181597941,"Furniture > Chairs > Arm Chairs, Recliners & Sleeper Chairs"
181597942,"Furniture > Chairs > Arm Chairs, Recliners & Sleeper Chairs"
181597943,"Furniture > Chairs > Arm Chairs, Recliners & Sleeper Chairs"
181597944,"Furniture > Chairs > Arm Chairs, Recliners & Sleeper Chairs"
181597946,"Furniture > Chairs > Arm Chairs, Recliners & Sleeper Chairs"
181597947,"Furniture > Chairs > Arm Chairs, Recliners & Sleeper Chairs"
181597948,"Furniture > Chairs > Arm Chairs, Recliners & Sleeper Chairs"
181597949,"Furniture > Chairs > Arm Chairs, Recliners & Sleeper Chairs"
181597950,"Furniture > Chairs > Arm Chairs, Recliners & Sleeper Chairs"
181597951,"Furniture > Chairs > Arm Chairs, Recliners & Sleeper Chairs"
181597953,"Furniture > Chairs > Arm Chairs, Recliners & Sleeper Chairs"
181597958,"Furniture > Chairs > Arm Chairs, Recliners & Sleeper Chairs"
181597959,"Furniture > Chairs > Arm Chairs, Recliners & Sleeper Chairs"
181597962,"Furniture > Chairs > Arm Chairs, Recliners & Sleeper Chairs"
181597963,"Furniture > Chairs > Arm Chairs, Recliners & Sleeper Chairs"
181597964,"Furniture > Chairs > Arm Chairs, Recliners & Sleeper Chairs"
181597965,"Furniture > Chairs > Arm Chairs, Recliners & Sleeper Chairs"
181597966,"Furniture > Chairs > Arm Chairs, Recliners & Sleeper Chairs"
181597967,"Furniture > Chairs > Arm Chairs, Recliners & Sleeper Chairs"
181597970,"Furniture > Chairs > Arm Chairs, Recliners & Sleeper Chairs"
181597972,"Furniture > Chairs > Arm Chairs, Recliners & Sleeper Chairs"
181597976,"Furniture > Chairs > Arm Chairs, Recliners & Sleeper Chairs"
181597977,"Furniture > Chairs > Arm Chairs, Recliners & Sleeper Chairs"
181597978,"Furniture > Chairs > Arm Chairs, Recliners & Sleeper Chairs"
181597980,"Furniture > Chairs > Arm Chairs, Recliners & Sleeper Chairs"
181597982,"Furniture > Chairs > Arm Chairs, Recliners & Sleeper Chairs"
181597990,"Furniture > Chairs > Arm Chairs, Recliners & Sleeper Chairs"
181597992,"Furniture > Chairs > Arm Chairs, Recliners & Sleeper Chairs"
181597994,"Furniture > Chairs > Arm Chairs, Recliners & Sleeper Chairs"
18672505,"Furniture > Chairs > Arm Chairs, Recliners & Sleeper Chairs"
200485818,"Furniture > Chairs > Arm Chairs, Recliners & Sleeper Chairs"
200485820,"Furniture > Chairs > Arm Chairs, Recliners & Sleeper Chairs"
200485821,"Furniture > Chairs > Arm Chairs, Recliners & Sleeper Chairs"
200485822,"Furniture > Chairs > Arm Chairs, Recliners & Sleeper Chairs"
200485825,"Furniture > Chairs > Arm Chairs, Recliners & Sleeper Chairs"
200485826,"Furniture > Chairs > Arm Chairs, Recliners & Sleeper Chairs"
200485827,"Furniture > Chairs > Arm Chairs, Recliners & Sleeper Chairs"
200485828,"Furniture > Chairs > Arm Chairs, Recliners & Sleeper Chairs"
200485830,"Furniture > Chairs > Arm Chairs, Recliners & Sleeper Chairs"
200485831,"Furniture > Chairs > Arm Chairs, Recliners & Sleeper Chairs"
200485832,"Furniture > Chairs > Arm Chairs, Recliners & Sleeper Chairs"
200485833,"Furniture > Chairs > Arm Chairs, Recliners & Sleeper Chairs"
200485834,"Furniture > Chairs > Arm Chairs, Recliners & Sleeper Chairs"
200485835,"Furniture > Chairs > Arm Chairs, Recliners & Sleeper Chairs"
200485837,"Furniture > Chairs > Arm Chairs, Recliners & Sleeper Chairs"
200485842,"Furniture > Chairs > Arm Chairs, Recliners & Sleeper Chairs"
200485843,"Furniture > Chairs > Arm Chairs, Recliners & Sleeper Chairs"
200485846,"Furniture > Chairs > Arm Chairs, Recliners & Sleeper Chairs"
200485847,"Furniture > Chairs > Arm Chairs, Recliners & Sleeper Chairs"
200485848,"Furniture > Chairs > Arm Chairs, Recliners & Sleeper Chairs"
200485849,"Furniture > Chairs > Arm Chairs, Recliners & Sleeper Chairs"
200485850,"Furniture > Chairs > Arm Chairs, Recliners & Sleeper Chairs"
200485851,"Furniture > Chairs > Arm Chairs, Recliners & Sleeper Chairs"
200485854,"Furniture > Chairs > Arm Chairs, Recliners & Sleeper Chairs"
200485856,"Furniture > Chairs > Arm Chairs, Recliners & Sleeper Chairs"
200485861,"Furniture > Chairs > Arm Chairs, Recliners & Sleeper Chairs"
200485862,"Furniture > Chairs > Arm Chairs, Recliners & Sleeper Chairs"
200485863,"Furniture > Chairs > Arm Chairs, Recliners & Sleeper Chairs"
200485865,"Furniture > Chairs > Arm Chairs, Recliners & Sleeper Chairs"
200485867,"Furniture > Chairs > Arm Chairs, Recliners & Sleeper Chairs"
200485875,"Furniture > Chairs > Arm Chairs, Recliners & Sleeper Chairs"
200485877,"Furniture > Chairs > Arm Chairs, Recliners & Sleeper Chairs"
200485879,"Furniture > Chairs > Arm Chairs, Recliners & Sleeper Chairs"
200487998,"Furniture > Chairs > Arm Chairs, Recliners & Sleeper Chairs"
200488000,"Furniture > Chairs > Arm Chairs, Recliners & Sleeper Chairs"
200488001,"Furniture > Chairs > Arm Chairs, Recliners & Sleeper Chairs"
200488002,"Furniture > Chairs > Arm Chairs, Recliners & Sleeper Chairs"
200488005,"Furniture > Chairs > Arm Chairs, Recliners & Sleeper Chairs"
200488006,"Furniture > Chairs > Arm Chairs, Recliners & Sleeper Chairs"
200488007,"Furniture > Chairs > Arm Chairs, Recliners & Sleeper Chairs"
200488008,"Furniture > Chairs > Arm Chairs, Recliners & Sleeper Chairs"
200488010,"Furniture > Chairs > Arm Chairs, Recliners & Sleeper Chairs"
200488011,"Furniture > Chairs > Arm Chairs, Recliners & Sleeper Chairs"
200488012,"Furniture > Chairs > Arm Chairs, Recliners & Sleeper Chairs"
200488013,"Furniture > Chairs > Arm Chairs, Recliners & Sleeper Chairs"
200488014,"Furniture > Chairs > Arm Chairs, Recliners & Sleeper Chairs"
200488015,"Furniture > Chairs > Arm Chairs, Recliners & Sleeper Chairs"
200488017,"Furniture > Chairs > Arm Chairs, Recliners & Sleeper Chairs"
200488022,"Furniture > Chairs > Arm Chairs, Recliners & Sleeper Chairs"
200488023,"Furniture > Chairs > Arm Chairs, Recliners & Sleeper Chairs"
200488026,"Furniture > Chairs > Arm Chairs, Recliners & Sleeper Chairs"
200488027,"Furniture > Chairs > Arm Chairs, Recliners & Sleeper Chairs"
200488028,"Furniture > Chairs > Arm Chairs, Recliners & Sleeper Chairs"
200488029,"Furniture > Chairs > Arm Chairs, Recliners & Sleeper Chairs"
200488030,"Furniture > Chairs > Arm Chairs, Recliners & Sleeper Chairs"
200488031,"Furniture > Chairs > Arm Chairs, Recliners & Sleeper Chairs"
200488034,"Furniture > Chairs > Arm Chairs, Recliners & Sleeper Chairs"
200488036,"Furniture > Chairs > Arm Chairs, Recliners & Sleeper Chairs"
200488040,"Furniture > Chairs > Arm Chairs, Recliners & Sleeper Chairs"
200488041,"Furniture > Chairs > Arm Chairs, Recliners & Sleeper Chairs"
200488042,"Furniture > Chairs > Arm Chairs, Recliners & Sleeper Chairs"
200488045,"Furniture > Chairs > Arm Chairs, Recliners & Sleeper Chairs"
200488046,"Furniture > Chairs > Arm Chairs, Recliners & Sleeper Chairs"
200488054,"Furniture > Chairs > Arm Chairs, Recliners & Sleeper Chairs"
200488056,"Furniture > Chairs > Arm Chairs, Recliners & Sleeper Chairs"
200488058,"Furniture > Chairs > Arm Chairs, Recliners & Sleeper Chairs"
200489617,"Furniture > Chairs > Arm Chairs, Recliners & Sleeper Chairs"
200489619,"Furniture > Chairs > Arm Chairs, Recliners & Sleeper Chairs"
200489620,"Furniture > Chairs > Arm Chairs, Recliners & Sleeper Chairs"
200489621,"Furniture > Chairs > Arm Chairs, Recliners & Sleeper Chairs"
200489624,"Furniture > Chairs > Arm Chairs, Recliners & Sleeper Chairs"
200489625,"Furniture > Chairs > Arm Chairs, Recliners & Sleeper Chairs"
200489626,"Furniture > Chairs > Arm Chairs, Recliners & Sleeper Chairs"
200489627,"Furniture > Chairs > Arm Chairs, Recliners & Sleeper Chairs"
200489629,"Furniture > Chairs > Arm Chairs, Recliners & Sleeper Chairs"
200489630,"Furniture > Chairs > Arm Chairs, Recliners & Sleeper Chairs"
200489631,"Furniture > Chairs > Arm Chairs, Recliners & Sleeper Chairs"
200489632,"Furniture > Chairs > Arm Chairs, Recliners & Sleeper Chairs"
200489633,"Furniture > Chairs > Arm Chairs, Recliners & Sleeper Chairs"
200489634,"Furniture > Chairs > Arm Chairs, Recliners & Sleeper Chairs"
200489636,"Furniture > Chairs > Arm Chairs, Recliners & Sleeper Chairs"
200489641,"Furniture > Chairs > Arm Chairs, Recliners & Sleeper Chairs"
200489642,"Furniture > Chairs > Arm Chairs, Recliners & Sleeper Chairs"
200489645,"Furniture > Chairs > Arm Chairs, Recliners & Sleeper Chairs"
200489646,"Furniture > Chairs > Arm Chairs, Recliners & Sleeper Chairs"
200489647,"Furniture > Chairs > Arm Chairs, Recliners & Sleeper Chairs"
200489648,"Furniture > Chairs > Arm Chairs, Recliners & Sleeper Chairs"
200489649,"Furniture > Chairs > Arm Chairs, Recliners & Sleeper Chairs"
200489650,"Furniture > Chairs > Arm Chairs, Recliners & Sleeper Chairs"
200489653,"Furniture > Chairs > Arm Chairs, Recliners & Sleeper Chairs"
200489655,"Furniture > Chairs > Arm Chairs, Recliners & Sleeper Chairs"
200489659,"Furniture > Chairs > Arm Chairs, Recliners & Sleeper Chairs"
200489660,"Furniture > Chairs > Arm Chairs, Recliners & Sleeper Chairs"
200489661,"Furniture > Chairs > Arm Chairs, Recliners & Sleeper Chairs"
200489663,"Furniture > Chairs > Arm Chairs, Recliners & Sleeper Chairs"
200489665,"Furniture > Chairs > Arm Chairs, Recliners & Sleeper Chairs"
200489674,"Furniture > Chairs > Arm Chairs, Recliners & Sleeper Chairs"
200489676,"Furniture > Chairs > Arm Chairs, Recliners & Sleeper Chairs"
200489678,"Furniture > Chairs > Arm Chairs, Recliners & Sleeper Chairs"
200650167,Furniture > Sofas
200650169,Furniture > Sofas
200650170,Furniture > Sofas
200650171,Furniture > Sofas
200650174,Furniture > Sofas
200650175,Furniture > Sofas
200650176,Furniture > Sofas
200650177,Furniture > Sofas
200650179,Furniture > Sofas
200650180,Furniture > Sofas
200650181,Furniture > Sofas
200650182,Furniture > Sofas
200650183,Furniture > Sofas
200650184,Furniture > Sofas
200650186,Furniture > Sofas
200650192,Furniture > Sofas
200650193,Furniture > Sofas
200650196,Furniture > Sofas
200650197,Furniture > Sofas
200650198,Furniture > Sofas
200650199,Furniture > Sofas
200650200,Furniture > Sofas
200650201,Furniture > Sofas
200650204,Furniture > Sofas
200650206,Furniture > Sofas
200650210,Furniture > Sofas
200650211,Furniture > Sofas
200650212,Furniture > Sofas
200650214,Furniture > Sofas
200650216,Furniture > Sofas
200650225,Furniture > Sofas
200650227,Furniture > Sofas
200650229,Furniture > Sofas
200656492,Furniture > Sofas
200656494,Furniture > Sofas
200656495,Furniture > Sofas
200656496,Furniture > Sofas
200656499,Furniture > Sofas
200656500,Furniture > Sofas
200656501,Furniture > Sofas
200656502,Furniture > Sofas
200656503,Furniture > Sofas
200656504,Furniture > Sofas
200656505,Furniture > Sofas
200656507,Furniture > Sofas
200656508,Furniture > Sofas
200656509,Furniture > Sofas
200656511,Furniture > Sofas
200656517,Furniture > Sofas
200656518,Furniture > Sofas
200656521,Furniture > Sofas
200656522,Furniture > Sofas
200656523,Furniture > Sofas
200656524,Furniture > Sofas
200656525,Furniture > Sofas
200656526,Furniture > Sofas
200656529,Furniture > Sofas
200656531,Furniture > Sofas
200656535,Furniture > Sofas
200656536,Furniture > Sofas
200656537,Furniture > Sofas
200656539,Furniture > Sofas
200656541,Furniture > Sofas
200656550,Furniture > Sofas
200656552,Furniture > Sofas
200656554,Furniture > Sofas
200658721,Furniture > Sofas
200658723,Furniture > Sofas
200658724,Furniture > Sofas
200658725,Furniture > Sofas
200658728,Furniture > Sofas
200658729,Furniture > Sofas
200658730,Furniture > Sofas
200658731,Furniture > Sofas
200658733,Furniture > Sofas
200658734,Furniture > Sofas
200658735,Furniture > Sofas
200658736,Furniture > Sofas
200658737,Furniture > Sofas
200658738,Furniture > Sofas
200658740,Furniture > Sofas
200658746,Furniture > Sofas
200658747,Furniture > Sofas
200658750,Furniture > Sofas
200658751,Furniture > Sofas
200658752,Furniture > Sofas
200658753,Furniture > Sofas
200658754,Furniture > Sofas
200658755,Furniture > Sofas
200658758,Furniture > Sofas
200658760,Furniture > Sofas
200658764,Furniture > Sofas
200658765,Furniture > Sofas
200658766,Furniture > Sofas
200658768,Furniture > Sofas
200658770,Furniture > Sofas
200658779,Furniture > Sofas
200658781,Furniture > Sofas
200658783,Furniture > Sofas
207105904,Furniture > Cabinets & Storage > Buffets & Sideboards
211381140,Furniture > Sofas
211381142,Furniture > Sofas
211381143,Furniture > Sofas
211381144,Furniture > Sofas
211381147,Furniture > Sofas
211381148,Furniture > Sofas
211381149,Furniture > Sofas
211381150,Furniture > Sofas
211381152,Furniture > Sofas
211381153,Furniture > Sofas
211381154,Furniture > Sofas
211381155,Furniture > Sofas
211381156,Furniture > Sofas
211381157,Furniture > Sofas
211381159,Furniture > Sofas
211381165,Furniture > Sofas
211381166,Furniture > Sofas
211381169,Furniture > Sofas
211381170,Furniture > Sofas
211381171,Furniture > Sofas
211381172,Furniture > Sofas
211381173,Furniture > Sofas
211381174,Furniture > Sofas
211381179,Furniture > Sofas
211381180,Furniture > Sofas
211381183,Furniture > Sofas
211381184,Furniture > Sofas
211381185,Furniture > Sofas
211381187,Furniture > Sofas
211381189,Furniture > Sofas
211381198,Furniture > Sofas
211381200,Furniture > Sofas
211381202,Furniture > Sofas
211390625,Furniture > Sofas
211390627,Furniture > Sofas
211390628,Furniture > Sofas
211390629,Furniture > Sofas
211390632,Furniture > Sofas
211390633,Furniture > Sofas
211390634,Furniture > Sofas
211390635,Furniture > Sofas
211390637,Furniture > Sofas
211390638,Furniture > Sofas
211390640,Furniture > Sofas
211390641,Furniture > Sofas
211390642,Furniture > Sofas
211390643,Furniture > Sofas
211390645,Furniture > Sofas
211390650,Furniture > Sofas
211390651,Furniture > Sofas
211390654,Furniture > Sofas
211390655,Furniture > Sofas
211390656,Furniture > Sofas
211390657,Furniture > Sofas
211390658,Furniture > Sofas
211390659,Furniture > Sofas
211390662,Furniture > Sofas
211390664,Furniture > Sofas
211390669,Furniture > Sofas
211390670,Furniture > Sofas
211390671,Furniture > Sofas
211390673,Furniture > Sofas
211390675,Furniture > Sofas
211390683,Furniture > Sofas
211390685,Furniture > Sofas
211390687,Furniture > Sofas
211406319,Furniture > Sofas
211406323,Furniture > Sofas
211406325,Furniture > Sofas
211406326,Furniture > Sofas
211406331,Furniture > Sofas
211406333,Furniture > Sofas
211406335,Furniture > Sofas
211406337,Furniture > Sofas
211406340,Furniture > Sofas
211406342,Furniture > Sofas
211406344,Furniture > Sofas
211406345,Furniture > Sofas
211406347,Furniture > Sofas
211406349,Furniture > Sofas
211406352,Furniture > Sofas
211406363,Furniture > Sofas
211406365,Furniture > Sofas
211406370,Furniture > Sofas
211406372,Furniture > Sofas
211406374,Furniture > Sofas
211406375,Furniture > Sofas
211406377,Furniture > Sofas
211406378,Furniture > Sofas
211406382,Furniture > Sofas
211406385,Furniture > Sofas
211406390,Furniture > Sofas
211406392,Furniture > Sofas
211406393,Furniture > Sofas
211406396,Furniture > Sofas
211406398,Furniture > Sofas
211406410,Furniture > Sofas
211406413,Furniture > Sofas
211406416,Furniture > Sofas
211407545,Furniture > Sofas
211407547,Furniture > Sofas
211407548,Furniture > Sofas
211407549,Furniture > Sofas
211407552,Furniture > Sofas
211407553,Furniture > Sofas
211407554,Furniture > Sofas
211407555,Furniture > Sofas
211407557,Furniture > Sofas
211407559,Furniture > Sofas
211407560,Furniture > Sofas
211407561,Furniture > Sofas
211407562,Furniture > Sofas
211407563,Furniture > Sofas
211407565,Furniture > Sofas
211407571,Furniture > Sofas
211407572,Furniture > Sofas
211407575,Furniture > Sofas
211407576,Furniture > Sofas
211407577,Furniture > Sofas
211407578,Furniture > Sofas
211407579,Furniture > Sofas
211407580,Furniture > Sofas
211407583,Furniture > Sofas
211407585,Furniture > Sofas
211407589,Furniture > Sofas
211407590,Furniture > Sofas
211407591,Furniture > Sofas
211407593,Furniture > Sofas
211407595,Furniture > Sofas
211407604,Furniture > Sofas
211407606,Furniture > Sofas
211407608,Furniture > Sofas
211479278,Furniture > Chairs > Kitchen & Dining Room Chairs
21829859,Furniture > Tables > Kitchen & Dining Room Tables
21829874,Furniture > Tables > Kitchen & Dining Room Tables
21830005,Furniture > Tables > Kitchen & Dining Room Tables
21830046,Furniture > Tables > Kitchen & Dining Room Tables
21830208,Furniture > Tables > Kitchen & Dining Room Tables
21830234,Furniture > Tables > Kitchen & Dining Room Tables
21830240,Furniture > Tables > Kitchen & Dining Room Tables
21830252,Furniture > Tables > Kitchen & Dining Room Tables
21830290,Furniture > Tables > Kitchen & Dining Room Tables
21830354,Furniture > Tables > Kitchen & Dining Room Tables
21830429,Furniture > Tables > Kitchen & Dining Room Tables
21830443,Furniture > Tables > Kitchen & Dining Room Tables
21834349,Furniture > Tables > Kitchen & Dining Room Tables
21834350,Furniture > Tables > Kitchen & Dining Room Tables
21834352,Furniture > Tables > Kitchen & Dining Room Tables
21834353,Furniture > Tables > Kitchen & Dining Room Tables
21834360,Furniture > Tables > Kitchen & Dining Room Tables
21834372,Furniture > Tables > Kitchen & Dining Room Tables
21834378,Furniture > Tables > Kitchen & Dining Room Tables
21834379,Furniture > Tables > Kitchen & Dining Room Tables
21835083,Furniture > Tables > Kitchen & Dining Room Tables
21835088,Furniture > Tables > Kitchen & Dining Room Tables
21835104,Furniture > Tables > Kitchen & Dining Room Tables
21835106,Furniture > Tables > Kitchen & Dining Room Tables
21835142,Furniture > Tables > Kitchen & Dining Room Tables
21835236,Furniture > Tables > Kitchen & Dining Room Tables
21835255,Furniture > Tables > Kitchen & Dining Room Tables
21835259,Furniture > Tables > Kitchen & Dining Room Tables
21835570,Furniture > Tables > Kitchen & Dining Room Tables
21835612,Furniture > Tables > Kitchen & Dining Room Tables
21835648,Furniture > Tables > Kitchen & Dining Room Tables
21835667,Furniture > Tables > Kitchen & Dining Room Tables
21835789,Furniture > Tables > Kitchen & Dining Room Tables
21835905,Furniture > Tables > Kitchen & Dining Room Tables
21835906,Furniture > Tables > Kitchen & Dining Room Tables
21835914,Furniture > Tables > Kitchen & Dining Room Tables
21835965,Furniture > Tables > Kitchen & Dining Room Tables
21835966,Furniture > Tables > Kitchen & Dining Room Tables
21835968,Furniture > Tables > Kitchen & Dining Room Tables
21835972,Furniture > Tables > Kitchen & Dining Room Tables
21836992,Furniture > Tables > Kitchen & Dining Room Tables
21837004,Furniture > Tables > Kitchen & Dining Room Tables
21837010,Furniture > Tables > Kitchen & Dining Room Tables
21837011,Furniture > Tables > Kitchen & Dining Room Tables
21837050,Furniture > Tables > Kitchen & Dining Room Tables
21837051,Furniture > Tables > Kitchen & Dining Room Tables
21837052,Furniture > Tables > Kitchen & Dining Room Tables
21837055,Furniture > Tables > Kitchen & Dining Room Tables
21837066,Furniture > Tables > Kitchen & Dining Room Tables
21837080,Furniture > Tables > Kitchen & Dining Room Tables
21837082,Furniture > Tables > Kitchen & Dining Room Tables
21837083,Furniture > Tables > Kitchen & Dining Room Tables
21837092,Furniture > Tables > Kitchen & Dining Room Tables
21837093,Furniture > Tables > Kitchen & Dining Room Tables
21837158,Furniture > Tables > Kitchen & Dining Room Tables
21837173,Furniture > Tables > Kitchen & Dining Room Tables
21837178,Furniture > Tables > Kitchen & Dining Room Tables
21837179,Furniture > Tables > Kitchen & Dining Room Tables
21837181,Furniture > Tables > Kitchen & Dining Room Tables
21837189,Furniture > Tables > Kitchen & Dining Room Tables
21837792,Furniture > Tables > Kitchen & Dining Room Tables
21837836,Furniture > Tables > Kitchen & Dining Room Tables
21837837,Furniture > Tables > Kitchen & Dining Room Tables
21838155,Furniture > Tables > Kitchen & Dining Room Tables
21838159,Furniture > Tables > Kitchen & Dining Room Tables
21838927,Furniture > Tables > Kitchen & Dining Room Tables
21838931,Furniture > Tables > Kitchen & Dining Room Tables
21838933,Furniture > Tables > Kitchen & Dining Room Tables
21838969,Furniture > Tables > Kitchen & Dining Room Tables
21838974,Furniture > Tables > Kitchen & Dining Room Tables
21838976,Furniture > Tables > Kitchen & Dining Room Tables
21838992,Furniture > Tables > Kitchen & Dining Room Tables
21838994,Furniture > Tables > Kitchen & Dining Room Tables
21839000,Furniture > Tables > Kitchen & Dining Room Tables
21839001,Furniture > Tables > Kitchen & Dining Room Tables
21839002,Furniture > Tables > Kitchen & Dining Room Tables
21839010,Furniture > Tables > Kitchen & Dining Room Tables
21839109,Furniture > Tables > Kitchen & Dining Room Tables
21839110,Furniture > Tables > Kitchen & Dining Room Tables
21839114,Furniture > Tables > Kitchen & Dining Room Tables
21839508,Furniture > Tables > Kitchen & Dining Room Tables
21839509,Furniture > Tables > Kitchen & Dining Room Tables
21839510,Furniture > Tables > Kitchen & Dining Room Tables
21839514,Furniture > Tables > Kitchen & Dining Room Tables
21839517,Furniture > Tables > Kitchen & Dining Room Tables
21839518,Furniture > Tables > Kitchen & Dining Room Tables
21839519,Furniture > Tables > Kitchen & Dining Room Tables
21839521,Furniture > Tables > Kitchen & Dining Room Tables
21839524,Furniture > Tables > Kitchen & Dining Room Tables
21839529,Furniture > Tables > Kitchen & Dining Room Tables
21839542,Furniture > Tables > Kitchen & Dining Room Tables
21839543,Furniture > Tables > Kitchen & Dining Room Tables
21839544,Furniture > Tables > Kitchen & Dining Room Tables
21839545,Furniture > Tables > Kitchen & Dining Room Tables
21839547,Furniture > Tables > Kitchen & Dining Room Tables
21839549,Furniture > Tables > Kitchen & Dining Room Tables
21839551,Furniture > Tables > Kitchen & Dining Room Tables
21839572,Furniture > Tables > Kitchen & Dining Room Tables
21839579,Furniture > Tables > Kitchen & Dining Room Tables
21839583,Furniture > Tables > Kitchen & Dining Room Tables
21839604,Furniture > Tables > Kitchen & Dining Room Tables
21839606,Furniture > Tables > Kitchen & Dining Room Tables
21839620,Furniture > Tables > Kitchen & Dining Room Tables
21839625,Furniture > Tables > Kitchen & Dining Room Tables
21839629,Furniture > Tables > Kitchen & Dining Room Tables
21839630,Furniture > Tables > Kitchen & Dining Room Tables
21839631,Furniture > Tables > Kitchen & Dining Room Tables
21839650,Furniture > Tables > Kitchen & Dining Room Tables
21839659,Furniture > Tables > Kitchen & Dining Room Tables
21839662,Furniture > Tables > Kitchen & Dining Room Tables
21839676,Furniture > Tables > Kitchen & Dining Room Tables
21839677,Furniture > Tables > Kitchen & Dining Room Tables
21839678,Furniture > Tables > Kitchen & Dining Room Tables
21839680,Furniture > Tables > Kitchen & Dining Room Tables
21839681,Furniture > Tables > Kitchen & Dining Room Tables
21839833,Furniture > Tables > Kitchen & Dining Room Tables
21839834,Furniture > Tables > Kitchen & Dining Room Tables
21839890,Furniture > Tables > Kitchen & Dining Room Tables
21839892,Furniture > Tables > Kitchen & Dining Room Tables
21839894,Furniture > Tables > Kitchen & Dining Room Tables
21840844,Furniture > Tables > Kitchen & Dining Room Tables
21840895,Furniture > Tables > Kitchen & Dining Room Tables
21842575,Furniture > Tables > Kitchen & Dining Room Tables
21842596,Furniture > Tables > Kitchen & Dining Room Tables
21842656,Furniture > Tables > Kitchen & Dining Room Tables
21842666,Furniture > Tables > Kitchen & Dining Room Tables
21842671,Furniture > Tables > Kitchen & Dining Room Tables
21842673,Furniture > Tables > Kitchen & Dining Room Tables
21842675,Furniture > Tables > Kitchen & Dining Room Tables
21842677,Furniture > Tables > Kitchen & Dining Room Tables
21842680,Furniture > Tables > Kitchen & Dining Room Tables
21842681,Furniture > Tables > Kitchen & Dining Room Tables
21842683,Furniture > Tables > Kitchen & Dining Room Tables
21842685,Furniture > Tables > Kitchen & Dining Room Tables
21842686,Furniture > Tables > Kitchen & Dining Room Tables
21842691,Furniture > Tables > Kitchen & Dining Room Tables
21842693,Furniture > Tables > Kitchen & Dining Room Tables
21842696,Furniture > Tables > Kitchen & Dining Room Tables
21842698,Furniture > Tables > Kitchen & Dining Room Tables
21842709,Furniture > Tables > Kitchen & Dining Room Tables
21843770,Furniture > Tables > Kitchen & Dining Room Tables
21844017,Furniture > Tables > Kitchen & Dining Room Tables
21844030,Furniture > Tables > Kitchen & Dining Room Tables
21844042,Furniture > Tables > Kitchen & Dining Room Tables
21844045,Furniture > Tables > Kitchen & Dining Room Tables
21844047,Furniture > Tables > Kitchen & Dining Room Tables
21844055,Furniture > Tables > Kitchen & Dining Room Tables
21844795,Furniture > Tables > Kitchen & Dining Room Tables
21844929,Furniture > Tables > Kitchen & Dining Room Tables
21844940,Furniture > Tables > Kitchen & Dining Room Tables
21844991,Furniture > Tables > Kitchen & Dining Room Tables
21844992,Furniture > Tables > Kitchen & Dining Room Tables
21845002,Furniture > Tables > Kitchen & Dining Room Tables
21845055,Furniture > Tables > Kitchen & Dining Room Tables
21845102,Furniture > Tables > Kitchen & Dining Room Tables
21845181,Furniture > Tables > Kitchen & Dining Room Tables
21845291,Furniture > Tables > Kitchen & Dining Room Tables
21845359,Furniture > Tables > Kitchen & Dining Room Tables
21845639,Furniture > Tables > Kitchen & Dining Room Tables
219648157,Furniture > Sofas
219648159,Furniture > Sofas
219648160,Furniture > Sofas
219648161,Furniture > Sofas
219648164,Furniture > Sofas
219648165,Furniture > Sofas
219648166,Furniture > Sofas
219648167,Furniture > Sofas
219648169,Furniture > Sofas
219648170,Furniture > Sofas
219648171,Furniture > Sofas
219648172,Furniture > Sofas
219648173,Furniture > Sofas
219648174,Furniture > Sofas
219648177,Furniture > Sofas
219648182,Furniture > Sofas
219648183,Furniture > Sofas
219648186,Furniture > Sofas
219648187,Furniture > Sofas
219648188,Furniture > Sofas
219648189,Furniture > Sofas
219648190,Furniture > Sofas
219648191,Furniture > Sofas
219648194,Furniture > Sofas
219648196,Furniture > Sofas
219648200,Furniture > Sofas
219648201,Furniture > Sofas
219648202,Furniture > Sofas
219648204,Furniture > Sofas
219648206,Furniture > Sofas
219648216,Furniture > Sofas
219648218,Furniture > Sofas
219648220,Furniture > Sofas
219649821,Furniture > Sofas
219649828,Furniture > Sofas
219649832,Furniture > Sofas
219649837,Furniture > Sofas
219649850,Furniture > Sofas
219649856,Furniture > Sofas
219649862,Furniture > Sofas
219649863,Furniture > Sofas
219649871,Furniture > Sofas
219649876,Furniture > Sofas
219649878,Furniture > Sofas
219649883,Furniture > Sofas
219649886,Furniture > Sofas
219649890,Furniture > Sofas
219649901,Furniture > Sofas
219649919,Furniture > Sofas
219649923,Furniture > Sofas
219649933,Furniture > Sofas
219649937,Furniture > Sofas
219649940,Furniture > Sofas
219649944,Furniture > Sofas
219649947,Furniture > Sofas
219649952,Furniture > Sofas
219649961,Furniture > Sofas
219649968,Furniture > Sofas
219649984,Furniture > Sofas
219649988,Furniture > Sofas
219649993,Furniture > Sofas
219650000,Furniture > Sofas
219650007,Furniture > Sofas
219650041,Furniture > Sofas
219650047,Furniture > Sofas
219650053,Furniture > Sofas
219657390,Furniture > Sofas
219657392,Furniture > Sofas
219657393,Furniture > Sofas
219657394,Furniture > Sofas
219657397,Furniture > Sofas
219657398,Furniture > Sofas
219657399,Furniture > Sofas
219657400,Furniture > Sofas
219657402,Furniture > Sofas
219657403,Furniture > Sofas
219657404,Furniture > Sofas
219657405,Furniture > Sofas
219657406,Furniture > Sofas
219657407,Furniture > Sofas
219657410,Furniture > Sofas
219657415,Furniture > Sofas
219657416,Furniture > Sofas
219657419,Furniture > Sofas
219657420,Furniture > Sofas
219657421,Furniture > Sofas
219657422,Furniture > Sofas
219657423,Furniture > Sofas
219657424,Furniture > Sofas
219657427,Furniture > Sofas
219657429,Furniture > Sofas
219657433,Furniture > Sofas
219657434,Furniture > Sofas
219657435,Furniture > Sofas
219657437,Furniture > Sofas
219657439,Furniture > Sofas
219657449,Furniture > Sofas
219657451,Furniture > Sofas
219657453,Furniture > Sofas
219666275,Furniture > Sofas
219666277,Furniture > Sofas
219666278,Furniture > Sofas
219666279,Furniture > Sofas
219666282,Furniture > Sofas
219666283,Furniture > Sofas
219666284,Furniture > Sofas
219666285,Furniture > Sofas
219666287,Furniture > Sofas
219666288,Furniture > Sofas
219666289,Furniture > Sofas
219666290,Furniture > Sofas
219666291,Furniture > Sofas
219666292,Furniture > Sofas
219666295,Furniture > Sofas
219666304,Furniture > Sofas
219666305,Furniture > Sofas
219666306,Furniture > Sofas
219666307,Furniture > Sofas
219666308,Furniture > Sofas
219666309,Furniture > Sofas
219666312,Furniture > Sofas
219666314,Furniture > Sofas
219666318,Furniture > Sofas
219666319,Furniture > Sofas
219666320,Furniture > Sofas
219666322,Furniture > Sofas
219666324,Furniture > Sofas
219666334,Furniture > Sofas
219666336,Furniture > Sofas
219666338,Furniture > Sofas
219690166,Home & Garden > Lighting
219690411,Home & Garden > Lighting
219690520,Furniture > Tables > Kitchen & Dining Room Tables
219690521,Furniture > Tables > Kitchen & Dining Room Tables
219690522,Furniture > Tables > Kitchen & Dining Room Tables
219690523,Furniture > Tables > Kitchen & Dining Room Tables
219690524,Furniture > Tables > Kitchen & Dining Room Tables
219691248,Furniture > Tables > Kitchen & Dining Room Tables
219691249,Furniture > Tables > Kitchen & Dining Room Tables
219691250,Furniture > Tables > Kitchen & Dining Room Tables
219691251,Furniture > Tables > Kitchen & Dining Room Tables
219691252,Furniture > Tables > Kitchen & Dining Room Tables
22653485,Furniture > Tables > Kitchen & Dining Room Tables
22653509,Furniture > Tables > Kitchen & Dining Room Tables
22653686,Furniture > Tables > Kitchen & Dining Room Tables
22653688,Furniture > Tables > Kitchen & Dining Room Tables
22653724,Furniture > Tables > Kitchen & Dining Room Tables
22653756,Furniture > Tables > Kitchen & Dining Room Tables
22653761,Furniture > Tables > Kitchen & Dining Room Tables
22653763,Furniture > Tables > Kitchen & Dining Room Tables
22653766,Furniture > Tables > Kitchen & Dining Room Tables
22653786,Furniture > Tables > Kitchen & Dining Room Tables
22653818,Furniture > Tables > Kitchen & Dining Room Tables
22653819,Furniture > Tables > Kitchen & Dining Room Tables
22653823,Furniture > Tables > Kitchen & Dining Room Tables
22653832,Furniture > Tables > Kitchen & Dining Room Tables
22653841,Furniture > Tables > Kitchen & Dining Room Tables
22653905,Furniture > Tables > Kitchen & Dining Room Tables
22653908,Furniture > Tables > Kitchen & Dining Room Tables
22653911,Furniture > Tables > Kitchen & Dining Room Tables
22653917,Furniture > Tables > Kitchen & Dining Room Tables
22653921,Furniture > Tables > Kitchen & Dining Room Tables
237958938,Furniture > Office Furniture > Office Chairs
237958939,Furniture > Office Furniture > Office Chairs
237958940,Furniture > Office Furniture > Office Chairs
237958941,Furniture > Office Furniture > Office Chairs
237958942,Furniture > Office Furniture > Office Chairs
237958943,Furniture > Office Furniture > Office Chairs
237958944,Furniture > Office Furniture > Office Chairs
237958945,Furniture > Office Furniture > Office Chairs
237958946,Furniture > Office Furniture > Office Chairs
237958947,Furniture > Office Furniture > Office Chairs
237958948,Furniture > Office Furniture > Office Chairs
237958949,Furniture > Office Furniture > Office Chairs
237958950,Furniture > Office Furniture > Office Chairs
237958951,Furniture > Office Furniture > Office Chairs
237958952,Furniture > Office Furniture > Office Chairs
237958953,Furniture > Office Furniture > Office Chairs
237958954,Furniture > Office Furniture > Office Chairs
237958955,Furniture > Office Furniture > Office Chairs
237958956,Furniture > Office Furniture > Office Chairs
237958957,Furniture > Office Furniture > Office Chairs
237958958,Furniture > Office Furniture > Office Chairs
237958959,Furniture > Office Furniture > Office Chairs
237958960,Furniture > Office Furniture > Office Chairs
237958961,Furniture > Office Furniture > Office Chairs
237958962,Furniture > Office Furniture > Office Chairs
237958963,Furniture > Office Furniture > Office Chairs
237958964,Furniture > Office Furniture > Office Chairs
237959828,Furniture > Office Furniture > Office Chairs
237959829,Furniture > Office Furniture > Office Chairs
237959830,Furniture > Office Furniture > Office Chairs
237959831,Furniture > Office Furniture > Office Chairs
237959832,Furniture > Office Furniture > Office Chairs
237959833,Furniture > Office Furniture > Office Chairs
237959834,Furniture > Office Furniture > Office Chairs
237959835,Furniture > Office Furniture > Office Chairs
237959836,Furniture > Office Furniture > Office Chairs
237959837,Furniture > Office Furniture > Office Chairs
237959838,Furniture > Office Furniture > Office Chairs
237959839,Furniture > Office Furniture > Office Chairs
237959840,Furniture > Office Furniture > Office Chairs
237959841,Furniture > Office Furniture > Office Chairs
237959842,Furniture > Office Furniture > Office Chairs
237959843,Furniture > Office Furniture > Office Chairs
237959844,Furniture > Office Furniture > Office Chairs
237959845,Furniture > Office Furniture > Office Chairs
237959846,Furniture > Office Furniture > Office Chairs
237959847,Furniture > Office Furniture > Office Chairs
237959848,Furniture > Office Furniture > Office Chairs
237959849,Furniture > Office Furniture > Office Chairs
237959850,Furniture > Office Furniture > Office Chairs
237959851,Furniture > Office Furniture > Office Chairs
237959852,Furniture > Office Furniture > Office Chairs
237959853,Furniture > Office Furniture > Office Chairs
237959854,Furniture > Office Furniture > Office Chairs
237960409,"Furniture > Chairs > Arm Chairs, Recliners & Sleeper Chairs"
237960410,"Furniture > Chairs > Arm Chairs, Recliners & Sleeper Chairs"
237960411,"Furniture > Chairs > Arm Chairs, Recliners & Sleeper Chairs"
237960412,"Furniture > Chairs > Arm Chairs, Recliners & Sleeper Chairs"
237960413,"Furniture > Chairs > Arm Chairs, Recliners & Sleeper Chairs"
237960414,"Furniture > Chairs > Arm Chairs, Recliners & Sleeper Chairs"
237960415,"Furniture > Chairs > Arm Chairs, Recliners & Sleeper Chairs"
237960416,"Furniture > Chairs > Arm Chairs, Recliners & Sleeper Chairs"
237960417,"Furniture > Chairs > Arm Chairs, Recliners & Sleeper Chairs"
237960418,"Furniture > Chairs > Arm Chairs, Recliners & Sleeper Chairs"
237961058,"Furniture > Chairs > Arm Chairs, Recliners & Sleeper Chairs"
237961059,"Furniture > Chairs > Arm Chairs, Recliners & Sleeper Chairs"
237961060,"Furniture > Chairs > Arm Chairs, Recliners & Sleeper Chairs"
237961061,"Furniture > Chairs > Arm Chairs, Recliners & Sleeper Chairs"
237961062,"Furniture > Chairs > Arm Chairs, Recliners & Sleeper Chairs"
237961063,"Furniture > Chairs > Arm Chairs, Recliners & Sleeper Chairs"
237961064,"Furniture > Chairs > Arm Chairs, Recliners & Sleeper Chairs"
237961065,"Furniture > Chairs > Arm Chairs, Recliners & Sleeper Chairs"
237961066,"Furniture > Chairs > Arm Chairs, Recliners & Sleeper Chairs"
237961067,"Furniture > Chairs > Arm Chairs, Recliners & Sleeper Chairs"
237961937,"Furniture > Chairs > Arm Chairs, Recliners & Sleeper Chairs"
238052628,"Furniture > Chairs > Arm Chairs, Recliners & Sleeper Chairs"
245266951,Furniture > Tables > Accent Tables > End Tables
245266981,Furniture > Tables > Accent Tables > End Tables
25801021,Furniture > Chairs > Kitchen & Dining Room Chairs
25801059,Furniture > Chairs > Kitchen & Dining Room Chairs
259522916,Furniture
267581024,Furniture > Chairs > Kitchen & Dining Room Chairs
267582239,Furniture > Chairs > Kitchen & Dining Room Chairs
267589360,Furniture > Chairs > Chaises
269932888,"Furniture > Chairs > Arm Chairs, Recliners & Sleeper Chairs"
269932889,"Furniture > Chairs > Arm Chairs, Recliners & Sleeper Chairs"
269932890,"Furniture > Chairs > Arm Chairs, Recliners & Sleeper Chairs"
269932891,"Furniture > Chairs > Arm Chairs, Recliners & Sleeper Chairs"
269932892,"Furniture > Chairs > Arm Chairs, Recliners & Sleeper Chairs"
269932893,"Furniture > Chairs > Arm Chairs, Recliners & Sleeper Chairs"
269932894,"Furniture > Chairs > Arm Chairs, Recliners & Sleeper Chairs"
269932895,"Furniture > Chairs > Arm Chairs, Recliners & Sleeper Chairs"
269932897,"Furniture > Chairs > Arm Chairs, Recliners & Sleeper Chairs"
269932898,"Furniture > Chairs > Arm Chairs, Recliners & Sleeper Chairs"
269932899,"Furniture > Chairs > Arm Chairs, Recliners & Sleeper Chairs"
269932900,"Furniture > Chairs > Arm Chairs, Recliners & Sleeper Chairs"
269932901,"Furniture > Chairs > Arm Chairs, Recliners & Sleeper Chairs"
269932902,"Furniture > Chairs > Arm Chairs, Recliners & Sleeper Chairs"
269932903,"Furniture > Chairs > Arm Chairs, Recliners & Sleeper Chairs"
269932906,"Furniture > Chairs > Arm Chairs, Recliners & Sleeper Chairs"
269932907,"Furniture > Chairs > Arm Chairs, Recliners & Sleeper Chairs"
269932908,"Furniture > Chairs > Arm Chairs, Recliners & Sleeper Chairs"
269932909,"Furniture > Chairs > Arm Chairs, Recliners & Sleeper Chairs"
269932910,"Furniture > Chairs > Arm Chairs, Recliners & Sleeper Chairs"
269932911,"Furniture > Chairs > Arm Chairs, Recliners & Sleeper Chairs"
269932912,"Furniture > Chairs > Arm Chairs, Recliners & Sleeper Chairs"
269932913,"Furniture > Chairs > Arm Chairs, Recliners & Sleeper Chairs"
269932915,"Furniture > Chairs > Arm Chairs, Recliners & Sleeper Chairs"
269932916,"Furniture > Chairs > Arm Chairs, Recliners & Sleeper Chairs"
269932917,"Furniture > Chairs > Arm Chairs, Recliners & Sleeper Chairs"
269932918,"Furniture > Chairs > Arm Chairs, Recliners & Sleeper Chairs"
269932919,"Furniture > Chairs > Arm Chairs, Recliners & Sleeper Chairs"
269932921,"Furniture > Chairs > Arm Chairs, Recliners & Sleeper Chairs"
269932923,"Furniture > Chairs > Arm Chairs, Recliners & Sleeper Chairs"
269932926,"Furniture > Chairs > Arm Chairs, Recliners & Sleeper Chairs"
269932927,"Furniture > Chairs > Arm Chairs, Recliners & Sleeper Chairs"
269932928,"Furniture > Chairs > Arm Chairs, Recliners & Sleeper Chairs"
269933679,"Furniture > Chairs > Arm Chairs, Recliners & Sleeper Chairs"
269933680,"Furniture > Chairs > Arm Chairs, Recliners & Sleeper Chairs"
269933681,"Furniture > Chairs > Arm Chairs, Recliners & Sleeper Chairs"
269933682,"Furniture > Chairs > Arm Chairs, Recliners & Sleeper Chairs"
269933683,"Furniture > Chairs > Arm Chairs, Recliners & Sleeper Chairs"
269933684,"Furniture > Chairs > Arm Chairs, Recliners & Sleeper Chairs"
269933685,"Furniture > Chairs > Arm Chairs, Recliners & Sleeper Chairs"
269933686,"Furniture > Chairs > Arm Chairs, Recliners & Sleeper Chairs"
269933688,"Furniture > Chairs > Arm Chairs, Recliners & Sleeper Chairs"
269933689,"Furniture > Chairs > Arm Chairs, Recliners & Sleeper Chairs"
269933690,"Furniture > Chairs > Arm Chairs, Recliners & Sleeper Chairs"
269933691,"Furniture > Chairs > Arm Chairs, Recliners & Sleeper Chairs"
269933692,"Furniture > Chairs > Arm Chairs, Recliners & Sleeper Chairs"
269933693,"Furniture > Chairs > Arm Chairs, Recliners & Sleeper Chairs"
269933694,"Furniture > Chairs > Arm Chairs, Recliners & Sleeper Chairs"
269933697,"Furniture > Chairs > Arm Chairs, Recliners & Sleeper Chairs"
269933698,"Furniture > Chairs > Arm Chairs, Recliners & Sleeper Chairs"
269933699,"Furniture > Chairs > Arm Chairs, Recliners & Sleeper Chairs"
269933700,"Furniture > Chairs > Arm Chairs, Recliners & Sleeper Chairs"
269933701,"Furniture > Chairs > Arm Chairs, Recliners & Sleeper Chairs"
269933702,"Furniture > Chairs > Arm Chairs, Recliners & Sleeper Chairs"
269933703,"Furniture > Chairs > Arm Chairs, Recliners & Sleeper Chairs"
269933704,"Furniture > Chairs > Arm Chairs, Recliners & Sleeper Chairs"
269933706,"Furniture > Chairs > Arm Chairs, Recliners & Sleeper Chairs"
269933707,"Furniture > Chairs > Arm Chairs, Recliners & Sleeper Chairs"
269933708,"Furniture > Chairs > Arm Chairs, Recliners & Sleeper Chairs"
269933710,"Furniture > Chairs > Arm Chairs, Recliners & Sleeper Chairs"
269933711,"Furniture > Chairs > Arm Chairs, Recliners & Sleeper Chairs"
269933713,"Furniture > Chairs > Arm Chairs, Recliners & Sleeper Chairs"
269933714,"Furniture > Chairs > Arm Chairs, Recliners & Sleeper Chairs"
269933717,"Furniture > Chairs > Arm Chairs, Recliners & Sleeper Chairs"
269933718,"Furniture > Chairs > Arm Chairs, Recliners & Sleeper Chairs"
269933719,"Furniture > Chairs > Arm Chairs, Recliners & Sleeper Chairs"
269936353,Furniture > Ottomans
269936354,Furniture > Ottomans
269936355,Furniture > Ottomans
269936356,Furniture > Ottomans
269936357,Furniture > Ottomans
269936358,Furniture > Ottomans
269936359,Furniture > Ottomans
269936360,Furniture > Ottomans
269936362,Furniture > Ottomans
269936363,Furniture > Ottomans
269936364,Furniture > Ottomans
269936365,Furniture > Ottomans
269936366,Furniture > Ottomans
269936367,Furniture > Ottomans
269936368,Furniture > Ottomans
269936371,Furniture > Ottomans
269936372,Furniture > Ottomans
269936373,Furniture > Ottomans
269936374,Furniture > Ottomans
269936375,Furniture > Ottomans
269936376,Furniture > Ottomans
269936377,Furniture > Ottomans
269936378,Furniture > Ottomans
269936380,Furniture > Ottomans
269936381,Furniture > Ottomans
269936382,Furniture > Ottomans
269936383,Furniture > Ottomans
269936384,Furniture > Ottomans
269936386,Furniture > Ottomans
269936388,Furniture > Ottomans
269936391,Furniture > Ottomans
269936392,Furniture > Ottomans
269936393,Furniture > Ottomans
269937424,Furniture > Benches
269937425,Furniture > Benches
269937426,Furniture > Benches
269937427,Furniture > Benches
269937428,Furniture > Benches
269937429,Furniture > Benches
269937430,Furniture > Benches
269937431,Furniture > Benches
269937433,Furniture > Benches
269937434,Furniture > Benches
269937435,Furniture > Benches
269937436,Furniture > Benches
269937437,Furniture > Benches
269937438,Furniture > Benches
269937439,Furniture > Benches
269937443,Furniture > Benches
269937444,Furniture > Benches
269937445,Furniture > Benches
269937446,Furniture > Benches
269937447,Furniture > Benches
269937448,Furniture > Benches
269937449,Furniture > Benches
269937450,Furniture > Benches
269937452,Furniture > Benches
269937453,Furniture > Benches
269937454,Furniture > Benches
269937455,Furniture > Benches
269937456,Furniture > Benches
269937459,Furniture > Benches
269937460,Furniture > Benches
269937463,Furniture > Benches
269937464,Furniture > Benches
269937465,Furniture > Benches
269940931,Furniture > Sofas
269940933,Furniture > Sofas
269940934,Furniture > Sofas
269940935,Furniture > Sofas
269940936,Furniture > Sofas
269940938,Furniture > Sofas
269940939,Furniture > Sofas
269940940,Furniture > Sofas
269940943,Furniture > Sofas
269940944,Furniture > Sofas
269940945,Furniture > Sofas
269940946,Furniture > Sofas
269940948,Furniture > Sofas
269940949,Furniture > Sofas
269940950,Furniture > Sofas
269940954,Furniture > Sofas
269940955,Furniture > Sofas
269940956,Furniture > Sofas
269940958,Furniture > Sofas
269940959,Furniture > Sofas
269940960,Furniture > Sofas
269940961,Furniture > Sofas
269940963,Furniture > Sofas
269940965,Furniture > Sofas
269940966,Furniture > Sofas
269940968,Furniture > Sofas
269940969,Furniture > Sofas
269940970,Furniture > Sofas
269940973,Furniture > Sofas
269940975,Furniture > Sofas
269940979,Furniture > Sofas
269940980,Furniture > Sofas
269940982,Furniture > Sofas
269946298,Furniture > Sofas
269946299,Furniture > Sofas
269946300,Furniture > Sofas
269946301,Furniture > Sofas
269946302,Furniture > Sofas
269946303,Furniture > Sofas
269946304,Furniture > Sofas
269946305,Furniture > Sofas
269946307,Furniture > Sofas
269946308,Furniture > Sofas
269946309,Furniture > Sofas
269946310,Furniture > Sofas
269946311,Furniture > Sofas
269946312,Furniture > Sofas
269946313,Furniture > Sofas
269946316,Furniture > Sofas
269946317,Furniture > Sofas
269946318,Furniture > Sofas
269946319,Furniture > Sofas
269946320,Furniture > Sofas
269946321,Furniture > Sofas
269946322,Furniture > Sofas
269946323,Furniture > Sofas
269946324,Furniture > Sofas
269946325,Furniture > Sofas
269946326,Furniture > Sofas
269946327,Furniture > Sofas
269946328,Furniture > Sofas
269946331,Furniture > Sofas
269946332,Furniture > Sofas
269946335,Furniture > Sofas
269946336,Furniture > Sofas
269946337,Furniture > Sofas
269946647,Furniture > Sofas
269946648,Furniture > Sofas
269946649,Furniture > Sofas
269946650,Furniture > Sofas
269946651,Furniture > Sofas
269946652,Furniture > Sofas
269946653,Furniture > Sofas
269946654,Furniture > Sofas
269946656,Furniture > Sofas
269946657,Furniture > Sofas
269946658,Furniture > Sofas
269946659,Furniture > Sofas
269946660,Furniture > Sofas
269946661,Furniture > Sofas
269946662,Furniture > Sofas
269946665,Furniture > Sofas
269946666,Furniture > Sofas
269946667,Furniture > Sofas
269946668,Furniture > Sofas
269946669,Furniture > Sofas
269946670,Furniture > Sofas
269946671,Furniture > Sofas
269946672,Furniture > Sofas
269946673,Furniture > Sofas
269946674,Furniture > Sofas
269946675,Furniture > Sofas
269946676,Furniture > Sofas
269946677,Furniture > Sofas
269946679,Furniture > Sofas
269946681,Furniture > Sofas
269946684,Furniture > Sofas
269946685,Furniture > Sofas
269946686,Furniture > Sofas
269947686,Furniture > Sofas
269947687,Furniture > Sofas
269947688,Furniture > Sofas
269947689,Furniture > Sofas
269947690,Furniture > Sofas
269947691,Furniture > Sofas
269947692,Furniture > Sofas
269947693,Furniture > Sofas
269947695,Furniture > Sofas
269947696,Furniture > Sofas
269947697,Furniture > Sofas
269947698,Furniture > Sofas
269947699,Furniture > Sofas
269947700,Furniture > Sofas
269947701,Furniture > Sofas
269947706,Furniture > Sofas
269947707,Furniture > Sofas
269947708,Furniture > Sofas
269947709,Furniture > Sofas
269947710,Furniture > Sofas
269947711,Furniture > Sofas
269947712,Furniture > Sofas
269947713,Furniture > Sofas
269947714,Furniture > Sofas
269947715,Furniture > Sofas
269947716,Furniture > Sofas
269947717,Furniture > Sofas
269947718,Furniture > Sofas
269947720,Furniture > Sofas
269947722,Furniture > Sofas
269947725,Furniture > Sofas
269947726,Furniture > Sofas
269947727,Furniture > Sofas
269948749,"Furniture > Chairs > Arm Chairs, Recliners & Sleeper Chairs"
269948750,"Furniture > Chairs > Arm Chairs, Recliners & Sleeper Chairs"
269948751,"Furniture > Chairs > Arm Chairs, Recliners & Sleeper Chairs"
269948752,"Furniture > Chairs > Arm Chairs, Recliners & Sleeper Chairs"
269948753,"Furniture > Chairs > Arm Chairs, Recliners & Sleeper Chairs"
269948754,"Furniture > Chairs > Arm Chairs, Recliners & Sleeper Chairs"
269948755,"Furniture > Chairs > Arm Chairs, Recliners & Sleeper Chairs"
269948756,"Furniture > Chairs > Arm Chairs, Recliners & Sleeper Chairs"
269948757,"Furniture > Chairs > Arm Chairs, Recliners & Sleeper Chairs"
269948758,"Furniture > Chairs > Arm Chairs, Recliners & Sleeper Chairs"
269948764,"Furniture > Chairs > Arm Chairs, Recliners & Sleeper Chairs"
269948765,"Furniture > Chairs > Arm Chairs, Recliners & Sleeper Chairs"
269948766,"Furniture > Chairs > Arm Chairs, Recliners & Sleeper Chairs"
269948767,"Furniture > Chairs > Arm Chairs, Recliners & Sleeper Chairs"
269948768,"Furniture > Chairs > Arm Chairs, Recliners & Sleeper Chairs"
269948769,"Furniture > Chairs > Arm Chairs, Recliners & Sleeper Chairs"
269948770,"Furniture > Chairs > Arm Chairs, Recliners & Sleeper Chairs"
269948771,"Furniture > Chairs > Arm Chairs, Recliners & Sleeper Chairs"
271073169,Furniture > Sofas
271073246,Furniture > Sofas
271073300,"Furniture > Chairs > Arm Chairs, Recliners & Sleeper Chairs"
276096762,Furniture > Chairs > Kitchen & Dining Room Chairs
278666542,Furniture > Chairs > Kitchen & Dining Room Chairs
28388869,"Furniture > Chairs > Arm Chairs, Recliners & Sleeper Chairs"
28388957,"Furniture > Chairs > Arm Chairs, Recliners & Sleeper Chairs"
28388959,"Furniture > Chairs > Arm Chairs, Recliners & Sleeper Chairs"
28390264,"Furniture > Chairs > Arm Chairs, Recliners & Sleeper Chairs"
28390293,"Furniture > Chairs > Arm Chairs, Recliners & Sleeper Chairs"
28390295,"Furniture > Chairs > Arm Chairs, Recliners & Sleeper Chairs"
28390307,"Furniture > Chairs > Arm Chairs, Recliners & Sleeper Chairs"
28390311,"Furniture > Chairs > Arm Chairs, Recliners & Sleeper Chairs"
28390312,"Furniture > Chairs > Arm Chairs, Recliners & Sleeper Chairs"
28390360,"Furniture > Chairs > Arm Chairs, Recliners & Sleeper Chairs"
28390361,"Furniture > Chairs > Arm Chairs, Recliners & Sleeper Chairs"
28390386,"Furniture > Chairs > Arm Chairs, Recliners & Sleeper Chairs"
28390388,"Furniture > Chairs > Arm Chairs, Recliners & Sleeper Chairs"
28390398,"Furniture > Chairs > Arm Chairs, Recliners & Sleeper Chairs"
28390399,"Furniture > Chairs > Arm Chairs, Recliners & Sleeper Chairs"
28390401,"Furniture > Chairs > Arm Chairs, Recliners & Sleeper Chairs"
28390865,"Furniture > Chairs > Arm Chairs, Recliners & Sleeper Chairs"
28391024,"Furniture > Chairs > Arm Chairs, Recliners & Sleeper Chairs"
28391041,"Furniture > Chairs > Arm Chairs, Recliners & Sleeper Chairs"
28391043,"Furniture > Chairs > Arm Chairs, Recliners & Sleeper Chairs"
28391557,"Furniture > Chairs > Arm Chairs, Recliners & Sleeper Chairs"
28391560,"Furniture > Chairs > Arm Chairs, Recliners & Sleeper Chairs"
28391574,"Furniture > Chairs > Arm Chairs, Recliners & Sleeper Chairs"
28391581,"Furniture > Chairs > Arm Chairs, Recliners & Sleeper Chairs"
28391608,"Furniture > Chairs > Arm Chairs, Recliners & Sleeper Chairs"
28391616,"Furniture > Chairs > Arm Chairs, Recliners & Sleeper Chairs"
287346515,Furniture > Sofas
289328281,Furniture > Benches
289328282,Furniture > Benches
289328283,Furniture > Benches
289328284,Furniture > Benches
289328285,Furniture > Benches
289328286,Furniture > Benches
289328287,Furniture > Benches
289328288,Furniture > Benches
289328290,Furniture > Benches
289328291,Furniture > Benches
289328292,Furniture > Benches
289328293,Furniture > Benches
289328294,Furniture > Benches
289328295,Furniture > Benches
289328296,Furniture > Benches
289328299,Furniture > Benches
289328300,Furniture > Benches
289328301,Furniture > Benches
289328302,Furniture > Benches
289328303,Furniture > Benches
289328304,Furniture > Benches
289328305,Furniture > Benches
289328306,Furniture > Benches
289328308,Furniture > Benches
289328309,Furniture > Benches
289328310,Furniture > Benches
289328311,Furniture > Benches
289328312,Furniture > Benches
289328314,Furniture > Benches
289328316,Furniture > Benches
289328319,Furniture > Benches
289328320,Furniture > Benches
289328321,Furniture > Benches
289328366,"Furniture > Chairs > Arm Chairs, Recliners & Sleeper Chairs"
289328367,"Furniture > Chairs > Arm Chairs, Recliners & Sleeper Chairs"
289328368,"Furniture > Chairs > Arm Chairs, Recliners & Sleeper Chairs"
289328369,"Furniture > Chairs > Arm Chairs, Recliners & Sleeper Chairs"
289328370,"Furniture > Chairs > Arm Chairs, Recliners & Sleeper Chairs"
289328371,"Furniture > Chairs > Arm Chairs, Recliners & Sleeper Chairs"
289328372,"Furniture > Chairs > Arm Chairs, Recliners & Sleeper Chairs"
289328373,"Furniture > Chairs > Arm Chairs, Recliners & Sleeper Chairs"
289328375,"Furniture > Chairs > Arm Chairs, Recliners & Sleeper Chairs"
289328376,"Furniture > Chairs > Arm Chairs, Recliners & Sleeper Chairs"
289328377,"Furniture > Chairs > Arm Chairs, Recliners & Sleeper Chairs"
289328378,"Furniture > Chairs > Arm Chairs, Recliners & Sleeper Chairs"
289328379,"Furniture > Chairs > Arm Chairs, Recliners & Sleeper Chairs"
289328380,"Furniture > Chairs > Arm Chairs, Recliners & Sleeper Chairs"
289328381,"Furniture > Chairs > Arm Chairs, Recliners & Sleeper Chairs"
289328384,"Furniture > Chairs > Arm Chairs, Recliners & Sleeper Chairs"
289328385,"Furniture > Chairs > Arm Chairs, Recliners & Sleeper Chairs"
289328386,"Furniture > Chairs > Arm Chairs, Recliners & Sleeper Chairs"
289328387,"Furniture > Chairs > Arm Chairs, Recliners & Sleeper Chairs"
289328388,"Furniture > Chairs > Arm Chairs, Recliners & Sleeper Chairs"
289328389,"Furniture > Chairs > Arm Chairs, Recliners & Sleeper Chairs"
289328390,"Furniture > Chairs > Arm Chairs, Recliners & Sleeper Chairs"
289328391,"Furniture > Chairs > Arm Chairs, Recliners & Sleeper Chairs"
289328393,"Furniture > Chairs > Arm Chairs, Recliners & Sleeper Chairs"
289328394,"Furniture > Chairs > Arm Chairs, Recliners & Sleeper Chairs"
289328395,"Furniture > Chairs > Arm Chairs, Recliners & Sleeper Chairs"
289328396,"Furniture > Chairs > Arm Chairs, Recliners & Sleeper Chairs"
289328397,"Furniture > Chairs > Arm Chairs, Recliners & Sleeper Chairs"
289328399,"Furniture > Chairs > Arm Chairs, Recliners & Sleeper Chairs"
289328401,"Furniture > Chairs > Arm Chairs, Recliners & Sleeper Chairs"
289328404,"Furniture > Chairs > Arm Chairs, Recliners & Sleeper Chairs"
289328405,"Furniture > Chairs > Arm Chairs, Recliners & Sleeper Chairs"
289328406,"Furniture > Chairs > Arm Chairs, Recliners & Sleeper Chairs"
289328667,"Furniture > Chairs > Arm Chairs, Recliners & Sleeper Chairs"
289328668,"Furniture > Chairs > Arm Chairs, Recliners & Sleeper Chairs"
289328669,"Furniture > Chairs > Arm Chairs, Recliners & Sleeper Chairs"
289328670,"Furniture > Chairs > Arm Chairs, Recliners & Sleeper Chairs"
289328671,"Furniture > Chairs > Arm Chairs, Recliners & Sleeper Chairs"
289328672,"Furniture > Chairs > Arm Chairs, Recliners & Sleeper Chairs"
289328673,"Furniture > Chairs > Arm Chairs, Recliners & Sleeper Chairs"
289328674,"Furniture > Chairs > Arm Chairs, Recliners & Sleeper Chairs"
289328676,"Furniture > Chairs > Arm Chairs, Recliners & Sleeper Chairs"
289328677,"Furniture > Chairs > Arm Chairs, Recliners & Sleeper Chairs"
289328678,"Furniture > Chairs > Arm Chairs, Recliners & Sleeper Chairs"
289328679,"Furniture > Chairs > Arm Chairs, Recliners & Sleeper Chairs"
289328680,"Furniture > Chairs > Arm Chairs, Recliners & Sleeper Chairs"
289328681,"Furniture > Chairs > Arm Chairs, Recliners & Sleeper Chairs"
289328682,"Furniture > Chairs > Arm Chairs, Recliners & Sleeper Chairs"
289328685,"Furniture > Chairs > Arm Chairs, Recliners & Sleeper Chairs"
289328686,"Furniture > Chairs > Arm Chairs, Recliners & Sleeper Chairs"
289328687,"Furniture > Chairs > Arm Chairs, Recliners & Sleeper Chairs"
289328688,"Furniture > Chairs > Arm Chairs, Recliners & Sleeper Chairs"
289328689,"Furniture > Chairs > Arm Chairs, Recliners & Sleeper Chairs"
289328690,"Furniture > Chairs > Arm Chairs, Recliners & Sleeper Chairs"
289328691,"Furniture > Chairs > Arm Chairs, Recliners & Sleeper Chairs"
289328692,"Furniture > Chairs > Arm Chairs, Recliners & Sleeper Chairs"
289328694,"Furniture > Chairs > Arm Chairs, Recliners & Sleeper Chairs"
289328695,"Furniture > Chairs > Arm Chairs, Recliners & Sleeper Chairs"
289328696,"Furniture > Chairs > Arm Chairs, Recliners & Sleeper Chairs"
289328697,"Furniture > Chairs > Arm Chairs, Recliners & Sleeper Chairs"
289328698,"Furniture > Chairs > Arm Chairs, Recliners & Sleeper Chairs"
289328700,"Furniture > Chairs > Arm Chairs, Recliners & Sleeper Chairs"
289328702,"Furniture > Chairs > Arm Chairs, Recliners & Sleeper Chairs"
289328705,"Furniture > Chairs > Arm Chairs, Recliners & Sleeper Chairs"
289328706,"Furniture > Chairs > Arm Chairs, Recliners & Sleeper Chairs"
289328707,"Furniture > Chairs > Arm Chairs, Recliners & Sleeper Chairs"
289328756,Furniture > Futons
289328757,Furniture > Futons
289328758,Furniture > Futons
289328759,Furniture > Futons
289328760,Furniture > Futons
289328761,Furniture > Futons
289328762,Furniture > Futons
289328763,Furniture > Futons
289328765,Furniture > Futons
289328766,Furniture > Futons
289328767,Furniture > Futons
289328768,Furniture > Futons
289328769,Furniture > Futons
289328770,Furniture > Futons
289328771,Furniture > Futons
289328774,Furniture > Futons
289328775,Furniture > Futons
289328776,Furniture > Futons
289328777,Furniture > Futons
289328778,Furniture > Futons
289328779,Furniture > Futons
289328780,Furniture > Futons
289328781,Furniture > Futons
289328782,Furniture > Futons
289328783,Furniture > Futons
289328785,Furniture > Futons
289328787,Furniture > Futons
289328790,Furniture > Futons
289328791,Furniture > Futons
289328792,Furniture > Futons
289329042,Furniture > Sofas
289329044,Furniture > Sofas
289329045,Furniture > Sofas
289329046,Furniture > Sofas
289329047,Furniture > Sofas
289329048,Furniture > Sofas
289329049,Furniture > Sofas
289329050,Furniture > Sofas
289329052,Furniture > Sofas
289329053,Furniture > Sofas
289329054,Furniture > Sofas
289329055,Furniture > Sofas
289329056,Furniture > Sofas
289329057,Furniture > Sofas
289329058,Furniture > Sofas
289329062,Furniture > Sofas
289329063,Furniture > Sofas
289329064,Furniture > Sofas
289329065,Furniture > Sofas
289329066,Furniture > Sofas
289329067,Furniture > Sofas
289329068,Furniture > Sofas
289329069,Furniture > Sofas
289329070,Furniture > Sofas
289329071,Furniture > Sofas
289329072,Furniture > Sofas
289329073,Furniture > Sofas
289329074,Furniture > Sofas
289329076,Furniture > Sofas
289329078,Furniture > Sofas
289329081,Furniture > Sofas
289329082,Furniture > Sofas
289329083,Furniture > Sofas
289329210,Furniture > Sofas
289329211,Furniture > Sofas
289329212,Furniture > Sofas
289329213,Furniture > Sofas
289329214,Furniture > Sofas
289329215,Furniture > Sofas
289329216,Furniture > Sofas
289329217,Furniture > Sofas
289329219,Furniture > Sofas
289329220,Furniture > Sofas
289329221,Furniture > Sofas
289329222,Furniture > Sofas
289329223,Furniture > Sofas
289329224,Furniture > Sofas
289329225,Furniture > Sofas
289329228,Furniture > Sofas
289329229,Furniture > Sofas
289329230,Furniture > Sofas
289329231,Furniture > Sofas
289329232,Furniture > Sofas
289329233,Furniture > Sofas
289329234,Furniture > Sofas
289329235,Furniture > Sofas
289329236,Furniture > Sofas
289329237,Furniture > Sofas
289329239,Furniture > Sofas
289329241,Furniture > Sofas
289329245,Furniture > Sofas
289329246,Furniture > Sofas
289329247,Furniture > Sofas
289329410,Furniture > Sofas
289329411,Furniture > Sofas
289329412,Furniture > Sofas
289329413,Furniture > Sofas
289329414,Furniture > Sofas
289329415,Furniture > Sofas
289329416,Furniture > Sofas
289329417,Furniture > Sofas
289329419,Furniture > Sofas
289329420,Furniture > Sofas
289329421,Furniture > Sofas
289329422,Furniture > Sofas
289329423,Furniture > Sofas
289329424,Furniture > Sofas
289329425,Furniture > Sofas
289329428,Furniture > Sofas
289329429,Furniture > Sofas
289329430,Furniture > Sofas
289329431,Furniture > Sofas
289329432,Furniture > Sofas
289329433,Furniture > Sofas
289329434,Furniture > Sofas
289329435,Furniture > Sofas
289329437,Furniture > Sofas
289329438,Furniture > Sofas
289329439,Furniture > Sofas
289329440,Furniture > Sofas
289329441,Furniture > Sofas
289329443,Furniture > Sofas
289329445,Furniture > Sofas
289329448,Furniture > Sofas
289329449,Furniture > Sofas
289329450,Furniture > Sofas
289329495,Furniture > Sofas
289329496,Furniture > Sofas
289329497,Furniture > Sofas
289329498,Furniture > Sofas
289329499,Furniture > Sofas
289329500,Furniture > Sofas
289329501,Furniture > Sofas
289329502,Furniture > Sofas
289329503,Furniture > Sofas
289329504,Furniture > Sofas
289329506,Furniture > Sofas
289329507,Furniture > Sofas
289329508,Furniture > Sofas
289329509,Furniture > Sofas
289329510,Furniture > Sofas
289329511,Furniture > Sofas
289329512,Furniture > Sofas
289329515,Furniture > Sofas
289329516,Furniture > Sofas
289329517,Furniture > Sofas
289329518,Furniture > Sofas
289329519,Furniture > Sofas
289329520,Furniture > Sofas
289329521,Furniture > Sofas
289329522,Furniture > Sofas
289329523,Furniture > Sofas
289329524,Furniture > Sofas
289329525,Furniture > Sofas
289329527,Furniture > Sofas
289329529,Furniture > Sofas
289329532,Furniture > Sofas
289329533,Furniture > Sofas
289329534,Furniture > Sofas
289508381,Home & Garden > Lawn & Garden > Outdoor Living > Outdoor Umbrellas & Sunshades
289509456,Home & Garden > Lawn & Garden > Outdoor Living > Outdoor Umbrellas & Sunshades
289509457,Home & Garden > Lawn & Garden > Outdoor Living > Outdoor Umbrellas & Sunshades
289515682,Home & Garden > Lawn & Garden > Outdoor Living > Outdoor Umbrellas & Sunshades
289516071,Furniture > Chairs > Table & Bar Stools
289516255,Furniture > Chairs > Table & Bar Stools
289517326,"Furniture > Chairs > Arm Chairs, Recliners & Sleeper Chairs"
289517328,"Furniture > Chairs > Arm Chairs, Recliners & Sleeper Chairs"
289517332,"Furniture > Chairs > Arm Chairs, Recliners & Sleeper Chairs"
289517335,"Furniture > Chairs > Arm Chairs, Recliners & Sleeper Chairs"
289517339,"Furniture > Chairs > Arm Chairs, Recliners & Sleeper Chairs"
289517341,"Furniture > Chairs > Arm Chairs, Recliners & Sleeper Chairs"
289517344,"Furniture > Chairs > Arm Chairs, Recliners & Sleeper Chairs"
289517349,"Furniture > Chairs > Arm Chairs, Recliners & Sleeper Chairs"
289517352,"Furniture > Chairs > Arm Chairs, Recliners & Sleeper Chairs"
289517357,"Furniture > Chairs > Arm Chairs, Recliners & Sleeper Chairs"
289517359,"Furniture > Chairs > Arm Chairs, Recliners & Sleeper Chairs"
289517362,"Furniture > Chairs > Arm Chairs, Recliners & Sleeper Chairs"
289517364,"Furniture > Chairs > Arm Chairs, Recliners & Sleeper Chairs"
289517369,"Furniture > Chairs > Arm Chairs, Recliners & Sleeper Chairs"
289517372,"Furniture > Chairs > Arm Chairs, Recliners & Sleeper Chairs"
289517376,"Furniture > Chairs > Arm Chairs, Recliners & Sleeper Chairs"
289517378,"Furniture > Chairs > Arm Chairs, Recliners & Sleeper Chairs"
289517380,"Furniture > Chairs > Arm Chairs, Recliners & Sleeper Chairs"
289517383,"Furniture > Chairs > Arm Chairs, Recliners & Sleeper Chairs"
289517386,"Furniture > Chairs > Arm Chairs, Recliners & Sleeper Chairs"
289517390,"Furniture > Chairs > Arm Chairs, Recliners & Sleeper Chairs"
289517392,"Furniture > Chairs > Arm Chairs, Recliners & Sleeper Chairs"
289517396,"Furniture > Chairs > Arm Chairs, Recliners & Sleeper Chairs"
289517399,"Furniture > Chairs > Arm Chairs, Recliners & Sleeper Chairs"
289517404,"Furniture > Chairs > Arm Chairs, Recliners & Sleeper Chairs"
289517407,"Furniture > Chairs > Arm Chairs, Recliners & Sleeper Chairs"
289517410,"Furniture > Chairs > Arm Chairs, Recliners & Sleeper Chairs"
289517414,"Furniture > Chairs > Arm Chairs, Recliners & Sleeper Chairs"
289517416,"Furniture > Chairs > Arm Chairs, Recliners & Sleeper Chairs"
289517419,"Furniture > Chairs > Arm Chairs, Recliners & Sleeper Chairs"
289517423,"Furniture > Chairs > Arm Chairs, Recliners & Sleeper Chairs"
289517428,"Furniture > Chairs > Arm Chairs, Recliners & Sleeper Chairs"
289517704,"Furniture > Chairs > Arm Chairs, Recliners & Sleeper Chairs"
289517705,"Furniture > Chairs > Arm Chairs, Recliners & Sleeper Chairs"
289517706,"Furniture > Chairs > Arm Chairs, Recliners & Sleeper Chairs"
289517707,"Furniture > Chairs > Arm Chairs, Recliners & Sleeper Chairs"
289517708,"Furniture > Chairs > Arm Chairs, Recliners & Sleeper Chairs"
289517709,"Furniture > Chairs > Arm Chairs, Recliners & Sleeper Chairs"
289517710,"Furniture > Chairs > Arm Chairs, Recliners & Sleeper Chairs"
289517711,"Furniture > Chairs > Arm Chairs, Recliners & Sleeper Chairs"
289517712,"Furniture > Chairs > Arm Chairs, Recliners & Sleeper Chairs"
289517713,"Furniture > Chairs > Arm Chairs, Recliners & Sleeper Chairs"
289517714,"Furniture > Chairs > Arm Chairs, Recliners & Sleeper Chairs"
289517715,"Furniture > Chairs > Arm Chairs, Recliners & Sleeper Chairs"
289517716,"Furniture > Chairs > Arm Chairs, Recliners & Sleeper Chairs"
289517717,"Furniture > Chairs > Arm Chairs, Recliners & Sleeper Chairs"
289517718,"Furniture > Chairs > Arm Chairs, Recliners & Sleeper Chairs"
289517719,"Furniture > Chairs > Arm Chairs, Recliners & Sleeper Chairs"
289517720,"Furniture > Chairs > Arm Chairs, Recliners & Sleeper Chairs"
289517721,"Furniture > Chairs > Arm Chairs, Recliners & Sleeper Chairs"
289517750,"Furniture > Chairs > Arm Chairs, Recliners & Sleeper Chairs"
289517751,"Furniture > Chairs > Arm Chairs, Recliners & Sleeper Chairs"
289517752,"Furniture > Chairs > Arm Chairs, Recliners & Sleeper Chairs"
289517753,"Furniture > Chairs > Arm Chairs, Recliners & Sleeper Chairs"
289517754,"Furniture > Chairs > Arm Chairs, Recliners & Sleeper Chairs"
289517755,"Furniture > Chairs > Arm Chairs, Recliners & Sleeper Chairs"
289517756,"Furniture > Chairs > Arm Chairs, Recliners & Sleeper Chairs"
289517757,"Furniture > Chairs > Arm Chairs, Recliners & Sleeper Chairs"
289517758,"Furniture > Chairs > Arm Chairs, Recliners & Sleeper Chairs"
289517759,"Furniture > Chairs > Arm Chairs, Recliners & Sleeper Chairs"
289517760,"Furniture > Chairs > Arm Chairs, Recliners & Sleeper Chairs"
289517761,"Furniture > Chairs > Arm Chairs, Recliners & Sleeper Chairs"
289517762,"Furniture > Chairs > Arm Chairs, Recliners & Sleeper Chairs"
289517763,"Furniture > Chairs > Arm Chairs, Recliners & Sleeper Chairs"
289517764,"Furniture > Chairs > Arm Chairs, Recliners & Sleeper Chairs"
289517765,"Furniture > Chairs > Arm Chairs, Recliners & Sleeper Chairs"
289517766,"Furniture > Chairs > Arm Chairs, Recliners & Sleeper Chairs"
289517767,"Furniture > Chairs > Arm Chairs, Recliners & Sleeper Chairs"
289517768,"Furniture > Chairs > Arm Chairs, Recliners & Sleeper Chairs"
289517769,"Furniture > Chairs > Arm Chairs, Recliners & Sleeper Chairs"
289517770,"Furniture > Chairs > Arm Chairs, Recliners & Sleeper Chairs"
289517771,"Furniture > Chairs > Arm Chairs, Recliners & Sleeper Chairs"
289517772,"Furniture > Chairs > Arm Chairs, Recliners & Sleeper Chairs"
289517773,"Furniture > Chairs > Arm Chairs, Recliners & Sleeper Chairs"
289517774,"Furniture > Chairs > Arm Chairs, Recliners & Sleeper Chairs"
289517775,"Furniture > Chairs > Arm Chairs, Recliners & Sleeper Chairs"
289517776,"Furniture > Chairs > Arm Chairs, Recliners & Sleeper Chairs"
289517777,"Furniture > Chairs > Arm Chairs, Recliners & Sleeper Chairs"
289517778,"Furniture > Chairs > Arm Chairs, Recliners & Sleeper Chairs"
289517779,"Furniture > Chairs > Arm Chairs, Recliners & Sleeper Chairs"
289517780,"Furniture > Chairs > Arm Chairs, Recliners & Sleeper Chairs"
289517781,"Furniture > Chairs > Arm Chairs, Recliners & Sleeper Chairs"
289527208,Furniture > Chairs > Kitchen & Dining Room Chairs
292135962,Furniture > Entryway Furniture > Coat & Hat Racks
292136040,Furniture > Tables > Accent Tables > Coffee Tables
292136792,Furniture > Tables > Accent Tables > Coffee Tables
292136865,Furniture > Tables > Accent Tables > Coffee Tables
292137024,Furniture > Tables > Accent Tables > Coffee Tables
292137025,Furniture > Tables > Accent Tables > Coffee Tables
292137026,Furniture > Tables > Accent Tables > Coffee Tables
292138214,Furniture > Tables > Accent Tables > End Tables
292138215,Furniture > Tables > Accent Tables > End Tables
292138216,Furniture > Tables > Accent Tables > End Tables
292138217,Furniture > Tables > Accent Tables > End Tables
292138218,Furniture > Tables > Accent Tables > End Tables
292138306,Furniture > Tables > Accent Tables > End Tables
292138307,Furniture > Tables > Accent Tables > End Tables
292138308,Furniture > Tables > Accent Tables > End Tables
292138309,Furniture > Tables > Accent Tables > End Tables
292138310,Furniture > Tables > Accent Tables > End Tables
292138536,Furniture > Tables > Accent Tables > End Tables
292138537,Furniture > Tables > Accent Tables > End Tables
292138538,Furniture > Tables > Accent Tables > End Tables
292138539,Furniture > Tables > Accent Tables > End Tables
292138540,Furniture > Tables > Accent Tables > End Tables
292138815,Furniture > Tables > Accent Tables > End Tables
292138817,Furniture > Tables > Accent Tables > End Tables
292138818,Furniture > Tables > Accent Tables > End Tables
292138819,Furniture > Tables > Accent Tables > End Tables
292138936,Furniture > Cabinets & Storage > Buffets & Sideboards
292138937,Furniture > Cabinets & Storage > Buffets & Sideboards
292138938,Furniture > Cabinets & Storage > Buffets & Sideboards
292139229,Furniture > Tables > Kitchen & Dining Room Tables
292139230,Furniture > Tables > Kitchen & Dining Room Tables
292139231,Furniture > Tables > Kitchen & Dining Room Tables
292139232,Furniture > Tables > Kitchen & Dining Room Tables
292139233,Furniture > Tables > Kitchen & Dining Room Tables
292139234,Furniture > Tables > Kitchen & Dining Room Tables
292139235,Furniture > Tables > Kitchen & Dining Room Tables
292139236,Furniture > Tables > Kitchen & Dining Room Tables
292139237,Furniture > Tables > Kitchen & Dining Room Tables
292139238,Furniture > Tables > Kitchen & Dining Room Tables
292139239,Furniture > Tables > Kitchen & Dining Room Tables
292139240,Furniture > Tables > Kitchen & Dining Room Tables
292140397,Furniture > Tables > Kitchen & Dining Room Tables
292140398,Furniture > Tables > Kitchen & Dining Room Tables
292140399,Furniture > Tables > Kitchen & Dining Room Tables
292140400,Furniture > Tables > Kitchen & Dining Room Tables
292140693,Furniture > Tables > Kitchen & Dining Room Tables
292140694,Furniture > Tables > Kitchen & Dining Room Tables
292140695,Furniture > Tables > Kitchen & Dining Room Tables
292140696,Furniture > Tables > Kitchen & Dining Room Tables
292140697,Furniture > Tables > Kitchen & Dining Room Tables
292140698,Furniture > Tables > Kitchen & Dining Room Tables
292140699,Furniture > Tables > Kitchen & Dining Room Tables
292140700,Furniture > Tables > Kitchen & Dining Room Tables
292140701,Furniture > Tables > Kitchen & Dining Room Tables
292140702,Furniture > Tables > Kitchen & Dining Room Tables
292140703,Furniture > Tables > Kitchen & Dining Room Tables
292140704,Furniture > Tables > Kitchen & Dining Room Tables
292140705,Furniture > Tables > Kitchen & Dining Room Tables
292140707,Furniture > Tables > Kitchen & Dining Room Tables
292140708,Furniture > Tables > Kitchen & Dining Room Tables
292140710,Furniture > Tables > Kitchen & Dining Room Tables
292140769,Furniture > Tables > Kitchen & Dining Room Tables
292140770,Furniture > Tables > Kitchen & Dining Room Tables
292140771,Furniture > Tables > Kitchen & Dining Room Tables
292140772,Furniture > Tables > Kitchen & Dining Room Tables
292140773,Furniture > Tables > Kitchen & Dining Room Tables
292140774,Furniture > Tables > Kitchen & Dining Room Tables
292140775,Furniture > Tables > Kitchen & Dining Room Tables
292140776,Furniture > Tables > Kitchen & Dining Room Tables
292140777,Furniture > Tables > Kitchen & Dining Room Tables
292140778,Furniture > Tables > Kitchen & Dining Room Tables
292140779,Furniture > Tables > Kitchen & Dining Room Tables
292140780,Furniture > Tables > Kitchen & Dining Room Tables
292140781,Furniture > Tables > Kitchen & Dining Room Tables
292140782,Furniture > Tables > Kitchen & Dining Room Tables
292140783,Furniture > Tables > Kitchen & Dining Room Tables
292140784,Furniture > Tables > Kitchen & Dining Room Tables
292151807,Furniture > Tables > Kitchen & Dining Room Tables
292151809,Furniture > Tables > Kitchen & Dining Room Tables
292151810,Furniture > Tables > Kitchen & Dining Room Tables
292151811,Furniture > Tables > Kitchen & Dining Room Tables
292151812,Furniture > Tables > Kitchen & Dining Room Tables
292151814,Furniture > Tables > Kitchen & Dining Room Tables
292151815,Furniture > Tables > Kitchen & Dining Room Tables
292151816,Furniture > Tables > Kitchen & Dining Room Tables
292164391,Furniture > Tables > Kitchen & Dining Room Tables
292164392,Furniture > Tables > Kitchen & Dining Room Tables
292164393,Furniture > Tables > Kitchen & Dining Room Tables
292164394,Furniture > Tables > Kitchen & Dining Room Tables
292164395,Furniture > Tables > Kitchen & Dining Room Tables
292164396,Furniture > Tables > Kitchen & Dining Room Tables
292164397,Furniture > Tables > Kitchen & Dining Room Tables
292164398,Furniture > Tables > Kitchen & Dining Room Tables
292164399,Furniture > Tables > Kitchen & Dining Room Tables
292164400,Furniture > Tables > Kitchen & Dining Room Tables
292164401,Furniture > Tables > Kitchen & Dining Room Tables
292164402,Furniture > Tables > Kitchen & Dining Room Tables
292164403,Furniture > Tables > Kitchen & Dining Room Tables
292164404,Furniture > Tables > Kitchen & Dining Room Tables
292164405,Furniture > Tables > Kitchen & Dining Room Tables
292164406,Furniture > Tables > Kitchen & Dining Room Tables
292164407,Furniture > Tables > Kitchen & Dining Room Tables
292164408,Furniture > Tables > Kitchen & Dining Room Tables
292164409,Furniture > Tables > Kitchen & Dining Room Tables
292164410,Furniture > Tables > Kitchen & Dining Room Tables
292164411,Furniture > Tables > Kitchen & Dining Room Tables
292164412,Furniture > Tables > Kitchen & Dining Room Tables
292164413,Furniture > Tables > Kitchen & Dining Room Tables
292164414,Furniture > Tables > Kitchen & Dining Room Tables
292164415,Furniture > Tables > Kitchen & Dining Room Tables
292164416,Furniture > Tables > Kitchen & Dining Room Tables
292164417,Furniture > Tables > Kitchen & Dining Room Tables
292164418,Furniture > Tables > Kitchen & Dining Room Tables
292164419,Furniture > Tables > Kitchen & Dining Room Tables
292164420,Furniture > Tables > Kitchen & Dining Room Tables
295610768,"Furniture > Chairs > Arm Chairs, Recliners & Sleeper Chairs"
295610769,"Furniture > Chairs > Arm Chairs, Recliners & Sleeper Chairs"
295610770,"Furniture > Chairs > Arm Chairs, Recliners & Sleeper Chairs"
295610771,"Furniture > Chairs > Arm Chairs, Recliners & Sleeper Chairs"
295610772,"Furniture > Chairs > Arm Chairs, Recliners & Sleeper Chairs"
295610773,"Furniture > Chairs > Arm Chairs, Recliners & Sleeper Chairs"
295610774,"Furniture > Chairs > Arm Chairs, Recliners & Sleeper Chairs"
295610775,"Furniture > Chairs > Arm Chairs, Recliners & Sleeper Chairs"
295610776,"Furniture > Chairs > Arm Chairs, Recliners & Sleeper Chairs"
295610777,"Furniture > Chairs > Arm Chairs, Recliners & Sleeper Chairs"
295610778,"Furniture > Chairs > Arm Chairs, Recliners & Sleeper Chairs"
295610779,"Furniture > Chairs > Arm Chairs, Recliners & Sleeper Chairs"
295610780,"Furniture > Chairs > Arm Chairs, Recliners & Sleeper Chairs"
295610781,"Furniture > Chairs > Arm Chairs, Recliners & Sleeper Chairs"
295610782,"Furniture > Chairs > Arm Chairs, Recliners & Sleeper Chairs"
295610783,"Furniture > Chairs > Arm Chairs, Recliners & Sleeper Chairs"
295610784,"Furniture > Chairs > Arm Chairs, Recliners & Sleeper Chairs"
295610785,"Furniture > Chairs > Arm Chairs, Recliners & Sleeper Chairs"
295610786,"Furniture > Chairs > Arm Chairs, Recliners & Sleeper Chairs"
295610787,"Furniture > Chairs > Arm Chairs, Recliners & Sleeper Chairs"
295610788,"Furniture > Chairs > Arm Chairs, Recliners & Sleeper Chairs"
295610789,"Furniture > Chairs > Arm Chairs, Recliners & Sleeper Chairs"
295610790,"Furniture > Chairs > Arm Chairs, Recliners & Sleeper Chairs"
295610791,"Furniture > Chairs > Arm Chairs, Recliners & Sleeper Chairs"
295610792,"Furniture > Chairs > Arm Chairs, Recliners & Sleeper Chairs"
295610793,"Furniture > Chairs > Arm Chairs, Recliners & Sleeper Chairs"
295610830,"Furniture > Chairs > Arm Chairs, Recliners & Sleeper Chairs"
295610831,"Furniture > Chairs > Arm Chairs, Recliners & Sleeper Chairs"
295610832,"Furniture > Chairs > Arm Chairs, Recliners & Sleeper Chairs"
295610833,"Furniture > Chairs > Arm Chairs, Recliners & Sleeper Chairs"
295610834,"Furniture > Chairs > Arm Chairs, Recliners & Sleeper Chairs"
295610835,"Furniture > Chairs > Arm Chairs, Recliners & Sleeper Chairs"
295610836,"Furniture > Chairs > Arm Chairs, Recliners & Sleeper Chairs"
295610837,"Furniture > Chairs > Arm Chairs, Recliners & Sleeper Chairs"
295610838,"Furniture > Chairs > Arm Chairs, Recliners & Sleeper Chairs"
295610839,"Furniture > Chairs > Arm Chairs, Recliners & Sleeper Chairs"
295610840,"Furniture > Chairs > Arm Chairs, Recliners & Sleeper Chairs"
295610841,"Furniture > Chairs > Arm Chairs, Recliners & Sleeper Chairs"
295610842,"Furniture > Chairs > Arm Chairs, Recliners & Sleeper Chairs"
295610843,"Furniture > Chairs > Arm Chairs, Recliners & Sleeper Chairs"
295610844,"Furniture > Chairs > Arm Chairs, Recliners & Sleeper Chairs"
295610845,"Furniture > Chairs > Arm Chairs, Recliners & Sleeper Chairs"
295610846,"Furniture > Chairs > Arm Chairs, Recliners & Sleeper Chairs"
295610847,"Furniture > Chairs > Arm Chairs, Recliners & Sleeper Chairs"
295610848,"Furniture > Chairs > Arm Chairs, Recliners & Sleeper Chairs"
295610849,"Furniture > Chairs > Arm Chairs, Recliners & Sleeper Chairs"
295610850,"Furniture > Chairs > Arm Chairs, Recliners & Sleeper Chairs"
295610851,"Furniture > Chairs > Arm Chairs, Recliners & Sleeper Chairs"
295610852,"Furniture > Chairs > Arm Chairs, Recliners & Sleeper Chairs"
295610853,"Furniture > Chairs > Arm Chairs, Recliners & Sleeper Chairs"
295610854,"Furniture > Chairs > Arm Chairs, Recliners & Sleeper Chairs"
295610855,"Furniture > Chairs > Arm Chairs, Recliners & Sleeper Chairs"
295610954,"Furniture > Chairs > Arm Chairs, Recliners & Sleeper Chairs"
295610955,"Furniture > Chairs > Arm Chairs, Recliners & Sleeper Chairs"
295610956,"Furniture > Chairs > Arm Chairs, Recliners & Sleeper Chairs"
295610957,"Furniture > Chairs > Arm Chairs, Recliners & Sleeper Chairs"
295610958,"Furniture > Chairs > Arm Chairs, Recliners & Sleeper Chairs"
295610959,"Furniture > Chairs > Arm Chairs, Recliners & Sleeper Chairs"
295610960,"Furniture > Chairs > Arm Chairs, Recliners & Sleeper Chairs"
295610961,"Furniture > Chairs > Arm Chairs, Recliners & Sleeper Chairs"
295610962,"Furniture > Chairs > Arm Chairs, Recliners & Sleeper Chairs"
295610963,"Furniture > Chairs > Arm Chairs, Recliners & Sleeper Chairs"
295610964,"Furniture > Chairs > Arm Chairs, Recliners & Sleeper Chairs"
295610965,"Furniture > Chairs > Arm Chairs, Recliners & Sleeper Chairs"
295610966,"Furniture > Chairs > Arm Chairs, Recliners & Sleeper Chairs"
295610967,"Furniture > Chairs > Arm Chairs, Recliners & Sleeper Chairs"
295610968,"Furniture > Chairs > Arm Chairs, Recliners & Sleeper Chairs"
295610969,"Furniture > Chairs > Arm Chairs, Recliners & Sleeper Chairs"
295610970,"Furniture > Chairs > Arm Chairs, Recliners & Sleeper Chairs"
295610971,"Furniture > Chairs > Arm Chairs, Recliners & Sleeper Chairs"
295610972,"Furniture > Chairs > Arm Chairs, Recliners & Sleeper Chairs"
295610973,"Furniture > Chairs > Arm Chairs, Recliners & Sleeper Chairs"
295610974,"Furniture > Chairs > Arm Chairs, Recliners & Sleeper Chairs"
295610975,"Furniture > Chairs > Arm Chairs, Recliners & Sleeper Chairs"
295610976,"Furniture > Chairs > Arm Chairs, Recliners & Sleeper Chairs"
295610977,"Furniture > Chairs > Arm Chairs, Recliners & Sleeper Chairs"
295610978,"Furniture > Chairs > Arm Chairs, Recliners & Sleeper Chairs"
295610979,"Furniture > Chairs > Arm Chairs, Recliners & Sleeper Chairs"
295611318,"Furniture > Chairs > Arm Chairs, Recliners & Sleeper Chairs"
295611319,"Furniture > Chairs > Arm Chairs, Recliners & Sleeper Chairs"
295611320,"Furniture > Chairs > Arm Chairs, Recliners & Sleeper Chairs"
295611321,"Furniture > Chairs > Arm Chairs, Recliners & Sleeper Chairs"
295611322,"Furniture > Chairs > Arm Chairs, Recliners & Sleeper Chairs"
295611323,"Furniture > Chairs > Arm Chairs, Recliners & Sleeper Chairs"
295611324,"Furniture > Chairs > Arm Chairs, Recliners & Sleeper Chairs"
295611325,"Furniture > Chairs > Arm Chairs, Recliners & Sleeper Chairs"
295611326,"Furniture > Chairs > Arm Chairs, Recliners & Sleeper Chairs"
295611327,"Furniture > Chairs > Arm Chairs, Recliners & Sleeper Chairs"
295611328,"Furniture > Chairs > Arm Chairs, Recliners & Sleeper Chairs"
295611329,"Furniture > Chairs > Arm Chairs, Recliners & Sleeper Chairs"
295611330,"Furniture > Chairs > Arm Chairs, Recliners & Sleeper Chairs"
295611331,"Furniture > Chairs > Arm Chairs, Recliners & Sleeper Chairs"
295611332,"Furniture > Chairs > Arm Chairs, Recliners & Sleeper Chairs"
295611333,"Furniture > Chairs > Arm Chairs, Recliners & Sleeper Chairs"
295611334,"Furniture > Chairs > Arm Chairs, Recliners & Sleeper Chairs"
295611335,"Furniture > Chairs > Arm Chairs, Recliners & Sleeper Chairs"
295611336,"Furniture > Chairs > Arm Chairs, Recliners & Sleeper Chairs"
295611337,"Furniture > Chairs > Arm Chairs, Recliners & Sleeper Chairs"
295611338,"Furniture > Chairs > Arm Chairs, Recliners & Sleeper Chairs"
295611339,"Furniture > Chairs > Arm Chairs, Recliners & Sleeper Chairs"
295611340,"Furniture > Chairs > Arm Chairs, Recliners & Sleeper Chairs"
295611341,"Furniture > Chairs > Arm Chairs, Recliners & Sleeper Chairs"
295611342,"Furniture > Chairs > Arm Chairs, Recliners & Sleeper Chairs"
295611343,"Furniture > Chairs > Arm Chairs, Recliners & Sleeper Chairs"
295611788,Furniture > Futons
295611789,Furniture > Futons
295611790,Furniture > Futons
295611791,Furniture > Futons
295611792,Furniture > Futons
295611793,Furniture > Futons
295611794,Furniture > Futons
295611795,Furniture > Futons
295611796,Furniture > Futons
295611797,Furniture > Futons
295611798,Furniture > Futons
295611799,Furniture > Futons
295611800,Furniture > Futons
295611801,Furniture > Futons
295611802,Furniture > Futons
295611803,Furniture > Futons
295611804,Furniture > Futons
295611805,Furniture > Futons
295611806,Furniture > Futons
295611807,Furniture > Futons
295611808,Furniture > Futons
295611809,Furniture > Futons
295611810,Furniture > Futons
295611811,Furniture > Futons
295611812,Furniture > Futons
295611813,Furniture > Futons
295612682,Furniture > Beds & Accessories > Beds & Bed Frames
295612683,Furniture > Beds & Accessories > Beds & Bed Frames
295612684,Furniture > Beds & Accessories > Beds & Bed Frames
295612685,Furniture > Beds & Accessories > Beds & Bed Frames
295612706,Furniture > Beds & Accessories > Beds & Bed Frames
295612707,Furniture > Beds & Accessories > Beds & Bed Frames
295612708,Furniture > Beds & Accessories > Beds & Bed Frames
295612709,Furniture > Beds & Accessories > Beds & Bed Frames
295616450,Furniture > Sofas
295616451,Furniture > Sofas
295616452,Furniture > Sofas
295616453,Furniture > Sofas
295616454,Furniture > Sofas
295616455,Furniture > Sofas
295616456,Furniture > Sofas
295616457,Furniture > Sofas
295616458,Furniture > Sofas
295616459,Furniture > Sofas
295616460,Furniture > Sofas
295616461,Furniture > Sofas
295616462,Furniture > Sofas
295616463,Furniture > Sofas
295616464,Furniture > Sofas
295616465,Furniture > Sofas
295616466,Furniture > Sofas
295616467,Furniture > Sofas
295616468,Furniture > Sofas
295616469,Furniture > Sofas
295616470,Furniture > Sofas
295616471,Furniture > Sofas
295616472,Furniture > Sofas
295616473,Furniture > Sofas
295616474,Furniture > Sofas
295616475,Furniture > Sofas
295617289,Furniture > Sofas
295617290,Furniture > Sofas
295617291,Furniture > Sofas
295617292,Furniture > Sofas
295617293,Furniture > Sofas
295617294,Furniture > Sofas
295617295,Furniture > Sofas
295617296,Furniture > Sofas
295617297,Furniture > Sofas
295617298,Furniture > Sofas
295617299,Furniture > Sofas
295617300,Furniture > Sofas
295617301,Furniture > Sofas
295617302,Furniture > Sofas
295617303,Furniture > Sofas
295617304,Furniture > Sofas
295617305,Furniture > Sofas
295617306,Furniture > Sofas
295617307,Furniture > Sofas
295617308,Furniture > Sofas
295617309,Furniture > Sofas
295617310,Furniture > Sofas
295617311,Furniture > Sofas
295617312,Furniture > Sofas
295617313,Furniture > Sofas
295617314,Furniture > Sofas
295617509,Furniture > Sofas
295617510,Furniture > Sofas
295617511,Furniture > Sofas
295617512,Furniture > Sofas
295617513,Furniture > Sofas
295617514,Furniture > Sofas
295617515,Furniture > Sofas
295617516,Furniture > Sofas
295617517,Furniture > Sofas
295617518,Furniture > Sofas
295617519,Furniture > Sofas
295617520,Furniture > Sofas
295617521,Furniture > Sofas
295617522,Furniture > Sofas
295617523,Furniture > Sofas
295617524,Furniture > Sofas
295617525,Furniture > Sofas
295617526,Furniture > Sofas
295617527,Furniture > Sofas
295617528,Furniture > Sofas
295617529,Furniture > Sofas
295617530,Furniture > Sofas
295617531,Furniture > Sofas
295617533,Furniture > Sofas
295617534,Furniture > Sofas
295617535,Furniture > Sofas
295679207,Furniture > Beds & Accessories > Beds & Bed Frames
295679208,Furniture > Beds & Accessories > Beds & Bed Frames
295679209,Furniture > Beds & Accessories > Beds & Bed Frames
295679885,Furniture > Chairs > Table & Bar Stools
295679886,Furniture > Chairs > Table & Bar Stools
295679887,Furniture > Chairs > Table & Bar Stools
295679888,Furniture > Chairs > Table & Bar Stools
295679889,Furniture > Chairs > Table & Bar Stools
295679890,Furniture > Chairs > Table & Bar Stools
295679891,Furniture > Chairs > Table & Bar Stools
295679892,Furniture > Chairs > Table & Bar Stools
295679893,Furniture > Chairs > Table & Bar Stools
295679894,Furniture > Chairs > Table & Bar Stools
295679895,Furniture > Chairs > Table & Bar Stools
295679896,Furniture > Chairs > Table & Bar Stools
295679897,Furniture > Chairs > Table & Bar Stools
295679898,Furniture > Chairs > Table & Bar Stools
295679899,Furniture > Chairs > Table & Bar Stools
295679900,Furniture > Chairs > Table & Bar Stools
295679901,Furniture > Chairs > Table & Bar Stools
295679902,Furniture > Chairs > Table & Bar Stools
295679903,Furniture > Chairs > Table & Bar Stools
295679904,Furniture > Chairs > Table & Bar Stools
295679905,Furniture > Chairs > Table & Bar Stools
295679906,Furniture > Chairs > Table & Bar Stools
295679907,Furniture > Chairs > Table & Bar Stools
295679908,Furniture > Chairs > Table & Bar Stools
295679909,Furniture > Chairs > Table & Bar Stools
295679910,Furniture > Chairs > Table & Bar Stools
295679911,Furniture > Chairs > Table & Bar Stools
295679912,Furniture > Chairs > Table & Bar Stools
295679913,Furniture > Chairs > Table & Bar Stools
295679914,Furniture > Chairs > Table & Bar Stools
295679915,Furniture > Chairs > Table & Bar Stools
295679916,Furniture > Chairs > Table & Bar Stools
295706392,Furniture > Cabinets & Storage > Buffets & Sideboards
295946202,Furniture > Tables > Accent Tables > End Tables
295946204,Furniture > Tables > Accent Tables > End Tables
295946206,Furniture > Tables > Accent Tables > End Tables
295947114,Furniture > Sofas
295947115,Furniture > Sofas
295947116,Furniture > Sofas
295947117,Furniture > Sofas
295947118,Furniture > Sofas
295947119,Furniture > Sofas
295947120,Furniture > Sofas
295947121,Furniture > Sofas
295947122,Furniture > Sofas
295947123,Furniture > Sofas
295947124,Furniture > Sofas
295947125,Furniture > Sofas
295947126,Furniture > Sofas
295947127,Furniture > Sofas
295947128,Furniture > Sofas
295947129,Furniture > Sofas
295947130,Furniture > Sofas
295947131,Furniture > Sofas
295947132,Furniture > Sofas
295947133,Furniture > Sofas
295947134,Furniture > Sofas
295947135,Furniture > Sofas
295947136,Furniture > Sofas
295947137,Furniture > Sofas
295947138,Furniture > Sofas
295947139,Furniture > Sofas
295947140,Furniture > Sofas
295947141,Furniture > Sofas
295947142,Furniture > Sofas
295947659,Furniture > Sofas
295947660,Furniture > Sofas
295947661,Furniture > Sofas
295947662,Furniture > Sofas
295947663,Furniture > Sofas
295947664,Furniture > Sofas
295947665,Furniture > Sofas
295947666,Furniture > Sofas
295947667,Furniture > Sofas
295947668,Furniture > Sofas
295947669,Furniture > Sofas
295947670,Furniture > Sofas
295947671,Furniture > Sofas
295947672,Furniture > Sofas
295947673,Furniture > Sofas
295947674,Furniture > Sofas
295947675,Furniture > Sofas
295947676,Furniture > Sofas
295947677,Furniture > Sofas
295947678,Furniture > Sofas
295947679,Furniture > Sofas
295947680,Furniture > Sofas
295947681,Furniture > Sofas
295947682,Furniture > Sofas
295947683,Furniture > Sofas
295947684,Furniture > Sofas
295947685,Furniture > Sofas
295947686,Furniture > Sofas
295947687,Furniture > Sofas
295947711,Furniture > Sofas
295947712,Furniture > Sofas
295947713,Furniture > Sofas
295947714,Furniture > Sofas
295947715,Furniture > Sofas
295947716,Furniture > Sofas
295947717,Furniture > Sofas
295947718,Furniture > Sofas
295947719,Furniture > Sofas
295947720,Furniture > Sofas
295947721,Furniture > Sofas
295947722,Furniture > Sofas
295947723,Furniture > Sofas
295947724,Furniture > Sofas
295947725,Furniture > Sofas
295947726,Furniture > Sofas
295947727,Furniture > Sofas
295947728,Furniture > Sofas
295947729,Furniture > Sofas
295947730,Furniture > Sofas
295947731,Furniture > Sofas
295947732,Furniture > Sofas
295947733,Furniture > Sofas
295947734,Furniture > Sofas
295947735,Furniture > Sofas
295947736,Furniture > Sofas
295947737,Furniture > Sofas
295947738,Furniture > Sofas
295947739,Furniture > Sofas
296010693,Furniture > Chairs > Table & Bar Stools
296010694,Furniture > Chairs > Table & Bar Stools
296010695,Furniture > Chairs > Table & Bar Stools
296010696,Furniture > Chairs > Table & Bar Stools
296010697,Furniture > Chairs > Table & Bar Stools
296010698,Furniture > Chairs > Table & Bar Stools
296010699,Furniture > Chairs > Table & Bar Stools
296010700,Furniture > Chairs > Table & Bar Stools
296010701,Furniture > Chairs > Table & Bar Stools
296010702,Furniture > Chairs > Table & Bar Stools
296010703,Furniture > Chairs > Table & Bar Stools
296010704,Furniture > Chairs > Table & Bar Stools
296010705,Furniture > Chairs > Table & Bar Stools
296010706,Furniture > Chairs > Table & Bar Stools
296010707,Furniture > Chairs > Table & Bar Stools
296010708,Furniture > Chairs > Table & Bar Stools
296010709,Furniture > Chairs > Table & Bar Stools
296010710,Furniture > Chairs > Table & Bar Stools
296010711,Furniture > Chairs > Table & Bar Stools
296010712,Furniture > Chairs > Table & Bar Stools
296010713,Furniture > Chairs > Table & Bar Stools
296010714,Furniture > Chairs > Table & Bar Stools
296010715,Furniture > Chairs > Table & Bar Stools
296010716,Furniture > Chairs > Table & Bar Stools
296010717,Furniture > Chairs > Table & Bar Stools
296010718,Furniture > Chairs > Table & Bar Stools
296010719,Furniture > Chairs > Table & Bar Stools
296010720,Furniture > Chairs > Table & Bar Stools
296010721,Furniture > Chairs > Table & Bar Stools
296010722,Furniture > Chairs > Table & Bar Stools
296010723,Furniture > Chairs > Table & Bar Stools
296010724,Furniture > Chairs > Table & Bar Stools
296010725,Furniture > Chairs > Table & Bar Stools
296010726,Furniture > Chairs > Table & Bar Stools
296010727,Furniture > Chairs > Table & Bar Stools
296010728,Furniture > Chairs > Table & Bar Stools
296010729,Furniture > Chairs > Table & Bar Stools
296010730,Furniture > Chairs > Table & Bar Stools
296010731,Furniture > Chairs > Table & Bar Stools
296010732,Furniture > Chairs > Table & Bar Stools
296010733,Furniture > Chairs > Table & Bar Stools
296010734,Furniture > Chairs > Table & Bar Stools
296010735,Furniture > Chairs > Table & Bar Stools
296010736,Furniture > Chairs > Table & Bar Stools
296010737,Furniture > Chairs > Table & Bar Stools
296010738,Furniture > Chairs > Table & Bar Stools
296010739,Furniture > Chairs > Table & Bar Stools
296010740,Furniture > Chairs > Table & Bar Stools
296010741,Furniture > Chairs > Table & Bar Stools
296010742,Furniture > Chairs > Table & Bar Stools
296010743,Furniture > Chairs > Table & Bar Stools
296010744,Furniture > Chairs > Table & Bar Stools
296010745,Furniture > Chairs > Table & Bar Stools
296010746,Furniture > Chairs > Table & Bar Stools
296010747,Furniture > Chairs > Table & Bar Stools
296010748,Furniture > Chairs > Table & Bar Stools
296010749,Furniture > Chairs > Table & Bar Stools
296010750,Furniture > Chairs > Table & Bar Stools
296010751,Furniture > Chairs > Table & Bar Stools
296010752,Furniture > Chairs > Table & Bar Stools
296010753,Furniture > Chairs > Table & Bar Stools
296010754,Furniture > Chairs > Table & Bar Stools
296010755,Furniture > Chairs > Table & Bar Stools
296010756,Furniture > Chairs > Table & Bar Stools
296010757,Furniture > Chairs > Table & Bar Stools
296010758,Furniture > Chairs > Table & Bar Stools
296010759,Furniture > Chairs > Table & Bar Stools
296010760,Furniture > Chairs > Table & Bar Stools
296010761,Furniture > Chairs > Table & Bar Stools
296010762,Furniture > Chairs > Table & Bar Stools
296010763,Furniture > Chairs > Table & Bar Stools
296010764,Furniture > Chairs > Table & Bar Stools
296010765,Furniture > Chairs > Table & Bar Stools
296010766,Furniture > Chairs > Table & Bar Stools
296010767,Furniture > Chairs > Table & Bar Stools
296010768,Furniture > Chairs > Table & Bar Stools
296010769,Furniture > Chairs > Table & Bar Stools
296010770,Furniture > Chairs > Table & Bar Stools
296010771,Furniture > Chairs > Table & Bar Stools
296010772,Furniture > Chairs > Table & Bar Stools
296010773,Furniture > Chairs > Table & Bar Stools
296010774,Furniture > Chairs > Table & Bar Stools
296010775,Furniture > Chairs > Table & Bar Stools
296010776,Furniture > Chairs > Table & Bar Stools
296010777,Furniture > Chairs > Table & Bar Stools
296010778,Furniture > Chairs > Table & Bar Stools
296010779,Furniture > Chairs > Table & Bar Stools
296010780,Furniture > Chairs > Table & Bar Stools
296010894,Furniture > Chairs > Kitchen & Dining Room Chairs
296010895,Furniture > Chairs > Kitchen & Dining Room Chairs
296010896,Furniture > Chairs > Kitchen & Dining Room Chairs
296010897,Furniture > Chairs > Kitchen & Dining Room Chairs
296010898,Furniture > Chairs > Kitchen & Dining Room Chairs
296010899,Furniture > Chairs > Kitchen & Dining Room Chairs
296010900,Furniture > Chairs > Kitchen & Dining Room Chairs
296010901,Furniture > Chairs > Kitchen & Dining Room Chairs
296010902,Furniture > Chairs > Kitchen & Dining Room Chairs
296010903,Furniture > Chairs > Kitchen & Dining Room Chairs
296010904,Furniture > Chairs > Kitchen & Dining Room Chairs
296010905,Furniture > Chairs > Kitchen & Dining Room Chairs
296010906,Furniture > Chairs > Kitchen & Dining Room Chairs
296010907,Furniture > Chairs > Kitchen & Dining Room Chairs
296010908,Furniture > Chairs > Kitchen & Dining Room Chairs
296010909,Furniture > Chairs > Kitchen & Dining Room Chairs
296010910,Furniture > Chairs > Kitchen & Dining Room Chairs
296010911,Furniture > Chairs > Kitchen & Dining Room Chairs
296010912,Furniture > Chairs > Kitchen & Dining Room Chairs
296010913,Furniture > Chairs > Kitchen & Dining Room Chairs
296010914,Furniture > Chairs > Kitchen & Dining Room Chairs
296010915,Furniture > Chairs > Kitchen & Dining Room Chairs
296010916,Furniture > Chairs > Kitchen & Dining Room Chairs
296010917,Furniture > Chairs > Kitchen & Dining Room Chairs
296010918,Furniture > Chairs > Kitchen & Dining Room Chairs
296010919,Furniture > Chairs > Kitchen & Dining Room Chairs
296010920,Furniture > Chairs > Kitchen & Dining Room Chairs
296010921,Furniture > Chairs > Kitchen & Dining Room Chairs
296010922,Furniture > Chairs > Kitchen & Dining Room Chairs
296010923,Furniture > Chairs > Kitchen & Dining Room Chairs
296010924,Furniture > Chairs > Kitchen & Dining Room Chairs
296010925,Furniture > Chairs > Kitchen & Dining Room Chairs
296010926,Furniture > Chairs > Kitchen & Dining Room Chairs
296010927,Furniture > Chairs > Kitchen & Dining Room Chairs
296010928,Furniture > Chairs > Kitchen & Dining Room Chairs
296010929,Furniture > Chairs > Kitchen & Dining Room Chairs
296010930,Furniture > Chairs > Kitchen & Dining Room Chairs
296010931,Furniture > Chairs > Kitchen & Dining Room Chairs
296010932,Furniture > Chairs > Kitchen & Dining Room Chairs
296010933,Furniture > Chairs > Kitchen & Dining Room Chairs
296010934,Furniture > Chairs > Kitchen & Dining Room Chairs
296010935,Furniture > Chairs > Kitchen & Dining Room Chairs
296010936,Furniture > Chairs > Kitchen & Dining Room Chairs
296010937,Furniture > Chairs > Kitchen & Dining Room Chairs
296010938,Furniture > Chairs > Kitchen & Dining Room Chairs
296010939,Furniture > Chairs > Kitchen & Dining Room Chairs
296010940,Furniture > Chairs > Kitchen & Dining Room Chairs
296010941,Furniture > Chairs > Kitchen & Dining Room Chairs
296010942,Furniture > Chairs > Kitchen & Dining Room Chairs
296010943,Furniture > Chairs > Kitchen & Dining Room Chairs
296010944,Furniture > Chairs > Kitchen & Dining Room Chairs
296010945,Furniture > Chairs > Kitchen & Dining Room Chairs
296010946,Furniture > Chairs > Kitchen & Dining Room Chairs
296010947,Furniture > Chairs > Kitchen & Dining Room Chairs
296010948,Furniture > Chairs > Kitchen & Dining Room Chairs
296010949,Furniture > Chairs > Kitchen & Dining Room Chairs
296010950,Furniture > Chairs > Kitchen & Dining Room Chairs
296010951,Furniture > Chairs > Kitchen & Dining Room Chairs
296010952,Furniture > Chairs > Kitchen & Dining Room Chairs
296010953,Furniture > Chairs > Kitchen & Dining Room Chairs
296010954,Furniture > Chairs > Kitchen & Dining Room Chairs
296010955,Furniture > Chairs > Kitchen & Dining Room Chairs
296010956,Furniture > Chairs > Kitchen & Dining Room Chairs
296010957,Furniture > Chairs > Kitchen & Dining Room Chairs
296010958,Furniture > Chairs > Kitchen & Dining Room Chairs
296010959,Furniture > Chairs > Kitchen & Dining Room Chairs
296010960,Furniture > Chairs > Kitchen & Dining Room Chairs
296010961,Furniture > Chairs > Kitchen & Dining Room Chairs
296010962,Furniture > Chairs > Kitchen & Dining Room Chairs
296010963,Furniture > Chairs > Kitchen & Dining Room Chairs
296010964,Furniture > Chairs > Kitchen & Dining Room Chairs
296010965,Furniture > Chairs > Kitchen & Dining Room Chairs
296010966,Furniture > Chairs > Kitchen & Dining Room Chairs
296010967,Furniture > Chairs > Kitchen & Dining Room Chairs
296010968,Furniture > Chairs > Kitchen & Dining Room Chairs
296010969,Furniture > Chairs > Kitchen & Dining Room Chairs
296010970,Furniture > Chairs > Kitchen & Dining Room Chairs
296010971,Furniture > Chairs > Kitchen & Dining Room Chairs
296010972,Furniture > Chairs > Kitchen & Dining Room Chairs
296010973,Furniture > Chairs > Kitchen & Dining Room Chairs
296010974,Furniture > Chairs > Kitchen & Dining Room Chairs
296010975,Furniture > Chairs > Kitchen & Dining Room Chairs
296010976,Furniture > Chairs > Kitchen & Dining Room Chairs
296010977,Furniture > Chairs > Kitchen & Dining Room Chairs
296010978,Furniture > Chairs > Kitchen & Dining Room Chairs
296010979,Furniture > Chairs > Kitchen & Dining Room Chairs
296010980,Furniture > Chairs > Kitchen & Dining Room Chairs
296010981,Furniture > Chairs > Kitchen & Dining Room Chairs
296049470,Furniture > Sofas
296049471,Furniture > Sofas
296049472,Furniture > Sofas
296049473,Furniture > Sofas
296049474,Furniture > Sofas
296049475,Furniture > Sofas
296049476,Furniture > Sofas
296049477,Furniture > Sofas
296049478,Furniture > Sofas
296049479,Furniture > Sofas
296049480,Furniture > Sofas
296049481,Furniture > Sofas
296049482,Furniture > Sofas
296049483,Furniture > Sofas
296049484,Furniture > Sofas
296049485,Furniture > Sofas
296049486,Furniture > Sofas
296049487,Furniture > Sofas
296049488,Furniture > Sofas
296049489,Furniture > Sofas
296049490,Furniture > Sofas
296049491,Furniture > Sofas
296049492,Furniture > Sofas
296049493,Furniture > Sofas
296049494,Furniture > Sofas
296049495,Furniture > Sofas
296049496,Furniture > Sofas
296049497,Furniture > Sofas
296049498,Furniture > Sofas
29956109,"Furniture > Chairs > Arm Chairs, Recliners & Sleeper Chairs"
29956138,"Furniture > Chairs > Arm Chairs, Recliners & Sleeper Chairs"
29956178,"Furniture > Chairs > Arm Chairs, Recliners & Sleeper Chairs"
29956179,"Furniture > Chairs > Arm Chairs, Recliners & Sleeper Chairs"
29956194,"Furniture > Chairs > Arm Chairs, Recliners & Sleeper Chairs"
299564319,Furniture > Tables > Accent Tables > End Tables
29960371,"Furniture > Chairs > Arm Chairs, Recliners & Sleeper Chairs"
29960374,"Furniture > Chairs > Arm Chairs, Recliners & Sleeper Chairs"
29960375,"Furniture > Chairs > Arm Chairs, Recliners & Sleeper Chairs"
29960388,"Furniture > Chairs > Arm Chairs, Recliners & Sleeper Chairs"
29960389,"Furniture > Chairs > Arm Chairs, Recliners & Sleeper Chairs"
29960393,"Furniture > Chairs > Arm Chairs, Recliners & Sleeper Chairs"
29960397,"Furniture > Chairs > Arm Chairs, Recliners & Sleeper Chairs"
29960399,"Furniture > Chairs > Arm Chairs, Recliners & Sleeper Chairs"
29960400,"Furniture > Chairs > Arm Chairs, Recliners & Sleeper Chairs"
29969049,Furniture > Ottomans
29969050,Furniture > Ottomans
29969108,Furniture > Ottomans
29969112,Furniture > Ottomans
29969140,Furniture > Ottomans
29969152,Furniture > Ottomans
29969365,Furniture > Ottomans
29969781,Furniture > Ottomans
29970474,Furniture > Ottomans
29970704,Furniture > Ottomans
29970705,Furniture > Ottomans
29970711,Furniture > Ottomans
29970712,Furniture > Ottomans
29971245,"Furniture > Chairs > Arm Chairs, Recliners & Sleeper Chairs"
29971286,"Furniture > Chairs > Arm Chairs, Recliners & Sleeper Chairs"
29971315,"Furniture > Chairs > Arm Chairs, Recliners & Sleeper Chairs"
29971324,"Furniture > Chairs > Arm Chairs, Recliners & Sleeper Chairs"
29971325,"Furniture > Chairs > Arm Chairs, Recliners & Sleeper Chairs"
29971383,"Furniture > Chairs > Arm Chairs, Recliners & Sleeper Chairs"
29971393,"Furniture > Chairs > Arm Chairs, Recliners & Sleeper Chairs"
29971398,"Furniture > Chairs > Arm Chairs, Recliners & Sleeper Chairs"
29971411,"Furniture > Chairs > Arm Chairs, Recliners & Sleeper Chairs"
29971413,"Furniture > Chairs > Arm Chairs, Recliners & Sleeper Chairs"
29971414,"Furniture > Chairs > Arm Chairs, Recliners & Sleeper Chairs"
29971417,"Furniture > Chairs > Arm Chairs, Recliners & Sleeper Chairs"
29971419,"Furniture > Chairs > Arm Chairs, Recliners & Sleeper Chairs"
29971425,"Furniture > Chairs > Arm Chairs, Recliners & Sleeper Chairs"
29971427,"Furniture > Chairs > Arm Chairs, Recliners & Sleeper Chairs"
30167519,"Furniture > Chairs > Arm Chairs, Recliners & Sleeper Chairs"
30167520,"Furniture > Chairs > Arm Chairs, Recliners & Sleeper Chairs"
30167635,"Furniture > Chairs > Arm Chairs, Recliners & Sleeper Chairs"
30215096,Furniture > Sofas
30215110,Furniture > Sofas
30215111,Furniture > Sofas
30215129,Furniture > Sofas
30244421,"Furniture > Chairs > Arm Chairs, Recliners & Sleeper Chairs"
30244422,"Furniture > Chairs > Arm Chairs, Recliners & Sleeper Chairs"
30244423,"Furniture > Chairs > Arm Chairs, Recliners & Sleeper Chairs"
30244424,"Furniture > Chairs > Arm Chairs, Recliners & Sleeper Chairs"
30244425,"Furniture > Chairs > Arm Chairs, Recliners & Sleeper Chairs"
30244427,"Furniture > Chairs > Arm Chairs, Recliners & Sleeper Chairs"
30244428,"Furniture > Chairs > Arm Chairs, Recliners & Sleeper Chairs"
30244429,"Furniture > Chairs > Arm Chairs, Recliners & Sleeper Chairs"
30244430,"Furniture > Chairs > Arm Chairs, Recliners & Sleeper Chairs"
30386453,Furniture > Chairs > Kitchen & Dining Room Chairs
30386455,Furniture > Chairs > Kitchen & Dining Room Chairs
30676330,Furniture > Tables > Kitchen & Dining Room Tables
30676334,Furniture > Tables > Kitchen & Dining Room Tables
30676337,Furniture > Tables > Kitchen & Dining Room Tables
30676340,Furniture > Tables > Kitchen & Dining Room Tables
30676343,Furniture > Tables > Kitchen & Dining Room Tables
30676345,Furniture > Tables > Kitchen & Dining Room Tables
30676357,Furniture > Tables > Kitchen & Dining Room Tables
30676358,Furniture > Tables > Kitchen & Dining Room Tables
30676366,Furniture > Tables > Kitchen & Dining Room Tables
30676373,Furniture > Tables > Kitchen & Dining Room Tables
30676418,Furniture > Tables > Kitchen & Dining Room Tables
31716952,Furniture > Tables > Kitchen & Dining Room Tables
31717002,Furniture > Tables > Kitchen & Dining Room Tables
31717092,Furniture > Tables > Kitchen & Dining Room Tables
34862227,Furniture > Sofas
34862229,Furniture > Sofas
34862230,Furniture > Sofas
34862231,Furniture > Sofas
34862232,Furniture > Sofas
34862233,Furniture > Sofas
34862239,Furniture > Sofas
34862240,Furniture > Sofas
35030341,Furniture > Sofas
35030343,Furniture > Sofas
35030344,Furniture > Sofas
35030345,Furniture > Sofas
35030346,Furniture > Sofas
35030347,Furniture > Sofas
35030353,Furniture > Sofas
35030354,Furniture > Sofas
35037297,Furniture > Sofas
35037299,Furniture > Sofas
35037300,Furniture > Sofas
35037301,Furniture > Sofas
35037302,Furniture > Sofas
35037303,Furniture > Sofas
35037309,Furniture > Sofas
35037310,Furniture > Sofas
35039587,Furniture > Sofas
35039589,Furniture > Sofas
35039590,Furniture > Sofas
35039591,Furniture > Sofas
35039592,Furniture > Sofas
35039593,Furniture > Sofas
35039599,Furniture > Sofas
35039600,Furniture > Sofas
35333176,Furniture > Sofas
35333178,Furniture > Sofas
35333179,Furniture > Sofas
35333180,Furniture > Sofas
35333181,Furniture > Sofas
35333182,Furniture > Sofas
35333188,Furniture > Sofas
35333189,Furniture > Sofas
35348313,Furniture > Sofas
35348315,Furniture > Sofas
35348316,Furniture > Sofas
35348317,Furniture > Sofas
35348318,Furniture > Sofas
35348319,Furniture > Sofas
35348325,Furniture > Sofas
35348326,Furniture > Sofas
35358082,Furniture > Sofas
35358087,Furniture > Sofas
35358088,Furniture > Sofas
35358095,Furniture > Sofas
35358096,Furniture > Sofas
35358097,Furniture > Sofas
35358186,Furniture > Sofas
35358192,Furniture > Sofas
35416580,Furniture > Sofas
35416582,Furniture > Sofas
35416583,Furniture > Sofas
35416584,Furniture > Sofas
35416585,Furniture > Sofas
35416586,Furniture > Sofas
35416592,Furniture > Sofas
35416593,Furniture > Sofas
35440558,Furniture > Sofas
35440560,Furniture > Sofas
35440561,Furniture > Sofas
35440562,Furniture > Sofas
35440563,Furniture > Sofas
35440564,Furniture > Sofas
35440570,Furniture > Sofas
35440571,Furniture > Sofas
35441527,"Furniture > Chairs > Arm Chairs, Recliners & Sleeper Chairs"
35441530,"Furniture > Chairs > Arm Chairs, Recliners & Sleeper Chairs"
35441541,"Furniture > Chairs > Arm Chairs, Recliners & Sleeper Chairs"
35441550,"Furniture > Chairs > Arm Chairs, Recliners & Sleeper Chairs"
35441576,"Furniture > Chairs > Arm Chairs, Recliners & Sleeper Chairs"
35441578,"Furniture > Chairs > Arm Chairs, Recliners & Sleeper Chairs"
35441693,"Furniture > Chairs > Arm Chairs, Recliners & Sleeper Chairs"
35441695,"Furniture > Chairs > Arm Chairs, Recliners & Sleeper Chairs"
35447225,"Furniture > Chairs > Arm Chairs, Recliners & Sleeper Chairs"
35447227,"Furniture > Chairs > Arm Chairs, Recliners & Sleeper Chairs"
35447228,"Furniture > Chairs > Arm Chairs, Recliners & Sleeper Chairs"
35447229,"Furniture > Chairs > Arm Chairs, Recliners & Sleeper Chairs"
35447230,"Furniture > Chairs > Arm Chairs, Recliners & Sleeper Chairs"
35447231,"Furniture > Chairs > Arm Chairs, Recliners & Sleeper Chairs"
35447237,"Furniture > Chairs > Arm Chairs, Recliners & Sleeper Chairs"
35447238,"Furniture > Chairs > Arm Chairs, Recliners & Sleeper Chairs"
35880348,"Furniture > Chairs > Arm Chairs, Recliners & Sleeper Chairs"
35880352,"Furniture > Chairs > Arm Chairs, Recliners & Sleeper Chairs"
35880356,"Furniture > Chairs > Arm Chairs, Recliners & Sleeper Chairs"
35880357,"Furniture > Chairs > Arm Chairs, Recliners & Sleeper Chairs"
38180520,Furniture > Ottomans
38180522,Furniture > Ottomans
38180529,Furniture > Ottomans
38180530,Furniture > Ottomans
38180535,Furniture > Ottomans
38180536,Furniture > Ottomans
38180537,Furniture > Ottomans
38180538,Furniture > Ottomans
38180539,Furniture > Ottomans
38180540,Furniture > Ottomans
38180541,Furniture > Ottomans
38180542,Furniture > Ottomans
38180543,Furniture > Ottomans
38180544,Furniture > Ottomans
38188039,Furniture > Ottomans
38188041,Furniture > Ottomans
38188048,Furniture > Ottomans
38188049,Furniture > Ottomans
38188054,Furniture > Ottomans
38188055,Furniture > Ottomans
38188056,Furniture > Ottomans
38188057,Furniture > Ottomans
38188058,Furniture > Ottomans
38188059,Furniture > Ottomans
38188060,Furniture > Ottomans
38188061,Furniture > Ottomans
38188062,Furniture > Ottomans
38188063,Furniture > Ottomans
38210505,Furniture > Futons
38210507,Furniture > Futons
38210514,Furniture > Futons
38210515,Furniture > Futons
38210517,Furniture > Futons
38210520,Furniture > Futons
38210521,Furniture > Futons
38210522,Furniture > Futons
38210523,Furniture > Futons
38210524,Furniture > Futons
38210525,Furniture > Futons
38210526,Furniture > Futons
38210527,Furniture > Futons
38210528,Furniture > Futons
38210529,Furniture > Futons
38211149,Furniture > Futons
38211151,Furniture > Futons
38211158,Furniture > Futons
38211159,Furniture > Futons
38211164,Furniture > Futons
38211165,Furniture > Futons
38211166,Furniture > Futons
38211167,Furniture > Futons
38211168,Furniture > Futons
38211169,Furniture > Futons
38211170,Furniture > Futons
38211171,Furniture > Futons
38211172,Furniture > Futons
38211173,Furniture > Futons
39517019,Furniture > Tables
39517020,Furniture > Tables
39517021,Furniture > Tables
39517022,Furniture > Tables
39517023,Furniture > Tables
42175730,"Furniture > Chairs > Arm Chairs, Recliners & Sleeper Chairs"
42175732,"Furniture > Chairs > Arm Chairs, Recliners & Sleeper Chairs"
42175779,"Furniture > Chairs > Arm Chairs, Recliners & Sleeper Chairs"
42175903,"Furniture > Chairs > Arm Chairs, Recliners & Sleeper Chairs"
42175963,"Furniture > Chairs > Arm Chairs, Recliners & Sleeper Chairs"
42176158,"Furniture > Chairs > Arm Chairs, Recliners & Sleeper Chairs"
42176174,"Furniture > Chairs > Arm Chairs, Recliners & Sleeper Chairs"
42176181,"Furniture > Chairs > Arm Chairs, Recliners & Sleeper Chairs"
42176182,"Furniture > Chairs > Arm Chairs, Recliners & Sleeper Chairs"
42176196,"Furniture > Chairs > Arm Chairs, Recliners & Sleeper Chairs"
42176214,"Furniture > Chairs > Arm Chairs, Recliners & Sleeper Chairs"
42176239,"Furniture > Chairs > Arm Chairs, Recliners & Sleeper Chairs"
42176250,"Furniture > Chairs > Arm Chairs, Recliners & Sleeper Chairs"
42176256,"Furniture > Chairs > Arm Chairs, Recliners & Sleeper Chairs"
42176321,"Furniture > Chairs > Arm Chairs, Recliners & Sleeper Chairs"
42176323,"Furniture > Chairs > Arm Chairs, Recliners & Sleeper Chairs"
42176329,"Furniture > Chairs > Arm Chairs, Recliners & Sleeper Chairs"
42176348,"Furniture > Chairs > Arm Chairs, Recliners & Sleeper Chairs"
42176373,"Furniture > Chairs > Arm Chairs, Recliners & Sleeper Chairs"
42176385,"Furniture > Chairs > Arm Chairs, Recliners & Sleeper Chairs"
42176391,"Furniture > Chairs > Arm Chairs, Recliners & Sleeper Chairs"
42176405,"Furniture > Chairs > Arm Chairs, Recliners & Sleeper Chairs"
42176425,"Furniture > Chairs > Arm Chairs, Recliners & Sleeper Chairs"
42176470,"Furniture > Chairs > Arm Chairs, Recliners & Sleeper Chairs"
42176474,"Furniture > Chairs > Arm Chairs, Recliners & Sleeper Chairs"
42176487,"Furniture > Chairs > Arm Chairs, Recliners & Sleeper Chairs"
42176495,"Furniture > Chairs > Arm Chairs, Recliners & Sleeper Chairs"
42176505,"Furniture > Chairs > Arm Chairs, Recliners & Sleeper Chairs"
42176506,"Furniture > Chairs > Arm Chairs, Recliners & Sleeper Chairs"
42178674,Furniture > Sofas
42178678,Furniture > Sofas
42178917,Furniture > Sofas
42178930,Furniture > Sofas
42178932,Furniture > Sofas
42178933,Furniture > Sofas
42178940,Furniture > Sofas
42178949,Furniture > Sofas
42178953,Furniture > Sofas
42179080,Furniture > Sofas
42179082,Furniture > Sofas
42179085,Furniture > Sofas
42179093,Furniture > Sofas
42179097,Furniture > Sofas
42179172,Furniture > Sofas
42179175,Furniture > Sofas
42179178,Furniture > Sofas
42179401,Furniture > Sofas
42179408,Furniture > Sofas
42179716,Furniture > Sofas
42180577,Furniture > Sofas
42180584,Furniture > Sofas
42180587,Furniture > Sofas
42180612,Furniture > Sofas
42180614,Furniture > Sofas
42180615,Furniture > Sofas
42180623,Furniture > Sofas
42180626,Furniture > Sofas
42186406,"Furniture > Chairs > Arm Chairs, Recliners & Sleeper Chairs"
42186413,"Furniture > Chairs > Arm Chairs, Recliners & Sleeper Chairs"
42186419,"Furniture > Chairs > Arm Chairs, Recliners & Sleeper Chairs"
42186485,"Furniture > Chairs > Arm Chairs, Recliners & Sleeper Chairs"
42186488,"Furniture > Chairs > Arm Chairs, Recliners & Sleeper Chairs"
42186494,"Furniture > Chairs > Arm Chairs, Recliners & Sleeper Chairs"
42186496,"Furniture > Chairs > Arm Chairs, Recliners & Sleeper Chairs"
42186587,"Furniture > Chairs > Arm Chairs, Recliners & Sleeper Chairs"
42186601,"Furniture > Chairs > Arm Chairs, Recliners & Sleeper Chairs"
42186602,"Furniture > Chairs > Arm Chairs, Recliners & Sleeper Chairs"
42186625,"Furniture > Chairs > Arm Chairs, Recliners & Sleeper Chairs"
42186630,"Furniture > Chairs > Arm Chairs, Recliners & Sleeper Chairs"
42186712,"Furniture > Chairs > Arm Chairs, Recliners & Sleeper Chairs"
42186718,"Furniture > Chairs > Arm Chairs, Recliners & Sleeper Chairs"
42186727,"Furniture > Chairs > Arm Chairs, Recliners & Sleeper Chairs"
42186729,"Furniture > Chairs > Arm Chairs, Recliners & Sleeper Chairs"
42186732,"Furniture > Chairs > Arm Chairs, Recliners & Sleeper Chairs"
42186733,"Furniture > Chairs > Arm Chairs, Recliners & Sleeper Chairs"
42186735,"Furniture > Chairs > Arm Chairs, Recliners & Sleeper Chairs"
42186816,"Furniture > Chairs > Arm Chairs, Recliners & Sleeper Chairs"
42186824,"Furniture > Chairs > Arm Chairs, Recliners & Sleeper Chairs"
42186825,"Furniture > Chairs > Arm Chairs, Recliners & Sleeper Chairs"
42186855,"Furniture > Chairs > Arm Chairs, Recliners & Sleeper Chairs"
42186858,"Furniture > Chairs > Arm Chairs, Recliners & Sleeper Chairs"
42186869,"Furniture > Chairs > Arm Chairs, Recliners & Sleeper Chairs"
42186871,"Furniture > Chairs > Arm Chairs, Recliners & Sleeper Chairs"
42186872,"Furniture > Chairs > Arm Chairs, Recliners & Sleeper Chairs"
42186874,"Furniture > Chairs > Arm Chairs, Recliners & Sleeper Chairs"
42186875,"Furniture > Chairs > Arm Chairs, Recliners & Sleeper Chairs"
42188306,Furniture > Sofas
42188327,Furniture > Sofas
42188329,Furniture > Sofas
42188336,Furniture > Sofas
42188339,Furniture > Sofas
42188343,Furniture > Sofas
42188344,Furniture > Sofas
42188349,Furniture > Sofas
42188351,Furniture > Sofas
42188353,Furniture > Sofas
42188364,Furniture > Sofas
42188369,Furniture > Sofas
42188385,Furniture > Sofas
42188422,Furniture > Sofas
42188454,Furniture > Sofas
42188920,Furniture > Sofas
42189229,Furniture > Sofas
42189239,Furniture > Sofas
42189242,Furniture > Sofas
42189248,Furniture > Sofas
42189249,Furniture > Sofas
42189250,Furniture > Sofas
42189265,Furniture > Sofas
42189268,Furniture > Sofas
42189269,Furniture > Sofas
42189270,Furniture > Sofas
42189310,Furniture > Sofas
42189315,Furniture > Sofas
42190482,Furniture > Sofas
42190539,Furniture > Sofas
42190549,Furniture > Sofas
42190563,Furniture > Sofas
42190564,Furniture > Sofas
42190571,Furniture > Sofas
42190573,Furniture > Sofas
42190574,Furniture > Sofas
42190575,Furniture > Sofas
42190576,Furniture > Sofas
42190579,Furniture > Sofas
42190581,Furniture > Sofas
42190583,Furniture > Sofas
42190584,Furniture > Sofas
42190624,Furniture > Sofas
42190633,Furniture > Sofas
42190639,Furniture > Sofas
42190670,Furniture > Sofas
42190798,Furniture > Sofas
42190800,Furniture > Sofas
42190802,Furniture > Sofas
42190814,Furniture > Sofas
42190816,Furniture > Sofas
42190817,Furniture > Sofas
42190827,Furniture > Sofas
42190828,Furniture > Sofas
42190866,Furniture > Sofas
46097685,Furniture > Tables > Accent Tables > Coffee Tables
46097686,Furniture > Tables > Accent Tables > Coffee Tables
46097698,Furniture > Tables > Accent Tables > Coffee Tables
46102527,Furniture > Chairs > Kitchen & Dining Room Chairs
46102528,Furniture > Chairs > Kitchen & Dining Room Chairs
46102529,Furniture > Chairs > Kitchen & Dining Room Chairs
46102530,Furniture > Chairs > Kitchen & Dining Room Chairs
46102531,Furniture > Chairs > Kitchen & Dining Room Chairs
46102532,Furniture > Chairs > Kitchen & Dining Room Chairs
46102533,Furniture > Chairs > Kitchen & Dining Room Chairs
46102534,Furniture > Chairs > Kitchen & Dining Room Chairs
46102535,Furniture > Chairs > Kitchen & Dining Room Chairs
46102536,Furniture > Chairs > Kitchen & Dining Room Chairs
46102537,Furniture > Chairs > Kitchen & Dining Room Chairs
46102538,Furniture > Chairs > Kitchen & Dining Room Chairs
46102539,Furniture > Chairs > Kitchen & Dining Room Chairs
46102540,Furniture > Chairs > Kitchen & Dining Room Chairs
46102544,Furniture > Chairs > Kitchen & Dining Room Chairs
46102545,Furniture > Chairs > Kitchen & Dining Room Chairs
46102611,Furniture > Chairs > Kitchen & Dining Room Chairs
46102612,Furniture > Chairs > Kitchen & Dining Room Chairs
46102641,Furniture > Chairs > Kitchen & Dining Room Chairs
46102656,Furniture > Chairs > Kitchen & Dining Room Chairs
46102664,Furniture > Chairs > Kitchen & Dining Room Chairs
46102665,Furniture > Chairs > Kitchen & Dining Room Chairs
46102669,Furniture > Chairs > Kitchen & Dining Room Chairs
46102673,Furniture > Chairs > Kitchen & Dining Room Chairs
46102674,Furniture > Chairs > Kitchen & Dining Room Chairs
46102721,Furniture > Chairs > Kitchen & Dining Room Chairs
46102732,Furniture > Chairs > Kitchen & Dining Room Chairs
46102734,Furniture > Chairs > Kitchen & Dining Room Chairs
46102736,Furniture > Chairs > Kitchen & Dining Room Chairs
46102738,Furniture > Chairs > Kitchen & Dining Room Chairs
46102780,Furniture > Chairs > Kitchen & Dining Room Chairs
46102793,Furniture > Chairs > Kitchen & Dining Room Chairs
46102794,Furniture > Chairs > Kitchen & Dining Room Chairs
46102795,Furniture > Chairs > Kitchen & Dining Room Chairs
46102797,Furniture > Chairs > Kitchen & Dining Room Chairs
46102798,Furniture > Chairs > Kitchen & Dining Room Chairs
46102812,Furniture > Chairs > Kitchen & Dining Room Chairs
46102813,Furniture > Chairs > Kitchen & Dining Room Chairs
46102814,Furniture > Chairs > Kitchen & Dining Room Chairs
46106546,"Furniture > Chairs > Arm Chairs, Recliners & Sleeper Chairs"
46106581,"Furniture > Chairs > Arm Chairs, Recliners & Sleeper Chairs"
46106583,"Furniture > Chairs > Arm Chairs, Recliners & Sleeper Chairs"
46106586,"Furniture > Chairs > Arm Chairs, Recliners & Sleeper Chairs"
46106587,"Furniture > Chairs > Arm Chairs, Recliners & Sleeper Chairs"
46106623,"Furniture > Chairs > Arm Chairs, Recliners & Sleeper Chairs"
46106635,"Furniture > Chairs > Arm Chairs, Recliners & Sleeper Chairs"
46106644,"Furniture > Chairs > Arm Chairs, Recliners & Sleeper Chairs"
46106671,"Furniture > Chairs > Arm Chairs, Recliners & Sleeper Chairs"
46106677,"Furniture > Chairs > Arm Chairs, Recliners & Sleeper Chairs"
46106715,"Furniture > Chairs > Arm Chairs, Recliners & Sleeper Chairs"
46106735,"Furniture > Chairs > Arm Chairs, Recliners & Sleeper Chairs"
46106740,"Furniture > Chairs > Arm Chairs, Recliners & Sleeper Chairs"
46107876,"Furniture > Chairs > Arm Chairs, Recliners & Sleeper Chairs"
46108906,"Furniture > Chairs > Arm Chairs, Recliners & Sleeper Chairs"
46110362,"Furniture > Chairs > Arm Chairs, Recliners & Sleeper Chairs"
46112020,"Furniture > Chairs > Arm Chairs, Recliners & Sleeper Chairs"
46114516,"Furniture > Chairs > Arm Chairs, Recliners & Sleeper Chairs"
46114540,"Furniture > Chairs > Arm Chairs, Recliners & Sleeper Chairs"
46114541,"Furniture > Chairs > Arm Chairs, Recliners & Sleeper Chairs"
46114543,"Furniture > Chairs > Arm Chairs, Recliners & Sleeper Chairs"
46114545,"Furniture > Chairs > Arm Chairs, Recliners & Sleeper Chairs"
46114800,"Furniture > Chairs > Arm Chairs, Recliners & Sleeper Chairs"
46114811,"Furniture > Chairs > Arm Chairs, Recliners & Sleeper Chairs"
46114825,"Furniture > Chairs > Arm Chairs, Recliners & Sleeper Chairs"
46114827,"Furniture > Chairs > Arm Chairs, Recliners & Sleeper Chairs"
46114829,"Furniture > Chairs > Arm Chairs, Recliners & Sleeper Chairs"
46114830,"Furniture > Chairs > Arm Chairs, Recliners & Sleeper Chairs"
46114840,"Furniture > Chairs > Arm Chairs, Recliners & Sleeper Chairs"
46114844,"Furniture > Chairs > Arm Chairs, Recliners & Sleeper Chairs"
46114847,"Furniture > Chairs > Arm Chairs, Recliners & Sleeper Chairs"
46114880,"Furniture > Chairs > Arm Chairs, Recliners & Sleeper Chairs"
46114882,"Furniture > Chairs > Arm Chairs, Recliners & Sleeper Chairs"
46114883,"Furniture > Chairs > Arm Chairs, Recliners & Sleeper Chairs"
46114884,"Furniture > Chairs > Arm Chairs, Recliners & Sleeper Chairs"
46114886,"Furniture > Chairs > Arm Chairs, Recliners & Sleeper Chairs"
46114889,"Furniture > Chairs > Arm Chairs, Recliners & Sleeper Chairs"
46114894,"Furniture > Chairs > Arm Chairs, Recliners & Sleeper Chairs"
46116044,Furniture > Tables > Kitchen & Dining Room Tables
46116052,Furniture > Tables > Kitchen & Dining Room Tables
46116053,Furniture > Tables > Kitchen & Dining Room Tables
46234214,"Furniture > Chairs > Arm Chairs, Recliners & Sleeper Chairs"
46234228,"Furniture > Chairs > Arm Chairs, Recliners & Sleeper Chairs"
46234238,"Furniture > Chairs > Arm Chairs, Recliners & Sleeper Chairs"
46234252,"Furniture > Chairs > Arm Chairs, Recliners & Sleeper Chairs"
46234258,"Furniture > Chairs > Arm Chairs, Recliners & Sleeper Chairs"
46234260,"Furniture > Chairs > Arm Chairs, Recliners & Sleeper Chairs"
46234261,"Furniture > Chairs > Arm Chairs, Recliners & Sleeper Chairs"
46234268,"Furniture > Chairs > Arm Chairs, Recliners & Sleeper Chairs"
46234270,"Furniture > Chairs > Arm Chairs, Recliners & Sleeper Chairs"
46234283,"Furniture > Chairs > Arm Chairs, Recliners & Sleeper Chairs"
46234310,"Furniture > Chairs > Arm Chairs, Recliners & Sleeper Chairs"
46234328,"Furniture > Chairs > Arm Chairs, Recliners & Sleeper Chairs"
46234343,"Furniture > Chairs > Arm Chairs, Recliners & Sleeper Chairs"
46234344,"Furniture > Chairs > Arm Chairs, Recliners & Sleeper Chairs"
46234354,"Furniture > Chairs > Arm Chairs, Recliners & Sleeper Chairs"
46234356,"Furniture > Chairs > Arm Chairs, Recliners & Sleeper Chairs"
46234358,"Furniture > Chairs > Arm Chairs, Recliners & Sleeper Chairs"
46234366,"Furniture > Chairs > Arm Chairs, Recliners & Sleeper Chairs"
46234372,"Furniture > Chairs > Arm Chairs, Recliners & Sleeper Chairs"
46234396,"Furniture > Chairs > Arm Chairs, Recliners & Sleeper Chairs"
46234442,"Furniture > Chairs > Arm Chairs, Recliners & Sleeper Chairs"
46234486,"Furniture > Chairs > Arm Chairs, Recliners & Sleeper Chairs"
46234498,"Furniture > Chairs > Arm Chairs, Recliners & Sleeper Chairs"
46234500,"Furniture > Chairs > Arm Chairs, Recliners & Sleeper Chairs"
46234644,"Furniture > Chairs > Arm Chairs, Recliners & Sleeper Chairs"
46234728,"Furniture > Chairs > Arm Chairs, Recliners & Sleeper Chairs"
46234730,"Furniture > Chairs > Arm Chairs, Recliners & Sleeper Chairs"
46234733,"Furniture > Chairs > Arm Chairs, Recliners & Sleeper Chairs"
46234761,"Furniture > Chairs > Arm Chairs, Recliners & Sleeper Chairs"
46234764,"Furniture > Chairs > Arm Chairs, Recliners & Sleeper Chairs"
46234770,"Furniture > Chairs > Arm Chairs, Recliners & Sleeper Chairs"
46234771,"Furniture > Chairs > Arm Chairs, Recliners & Sleeper Chairs"
46234780,"Furniture > Chairs > Arm Chairs, Recliners & Sleeper Chairs"
46234782,"Furniture > Chairs > Arm Chairs, Recliners & Sleeper Chairs"
46234786,"Furniture > Chairs > Arm Chairs, Recliners & Sleeper Chairs"
46234793,"Furniture > Chairs > Arm Chairs, Recliners & Sleeper Chairs"
46234800,"Furniture > Chairs > Arm Chairs, Recliners & Sleeper Chairs"
46234811,"Furniture > Chairs > Arm Chairs, Recliners & Sleeper Chairs"
46274245,"Furniture > Chairs > Arm Chairs, Recliners & Sleeper Chairs"
46274249,"Furniture > Chairs > Arm Chairs, Recliners & Sleeper Chairs"
46274259,"Furniture > Chairs > Arm Chairs, Recliners & Sleeper Chairs"
46274260,"Furniture > Chairs > Arm Chairs, Recliners & Sleeper Chairs"
46274277,"Furniture > Chairs > Arm Chairs, Recliners & Sleeper Chairs"
46274306,"Furniture > Chairs > Arm Chairs, Recliners & Sleeper Chairs"
46274329,"Furniture > Chairs > Arm Chairs, Recliners & Sleeper Chairs"
46274330,"Furniture > Chairs > Arm Chairs, Recliners & Sleeper Chairs"
46274336,"Furniture > Chairs > Arm Chairs, Recliners & Sleeper Chairs"
46274348,"Furniture > Chairs > Arm Chairs, Recliners & Sleeper Chairs"
46274358,"Furniture > Chairs > Arm Chairs, Recliners & Sleeper Chairs"
46274365,"Furniture > Chairs > Arm Chairs, Recliners & Sleeper Chairs"
46274367,"Furniture > Chairs > Arm Chairs, Recliners & Sleeper Chairs"
46274375,"Furniture > Chairs > Arm Chairs, Recliners & Sleeper Chairs"
46274761,"Furniture > Chairs > Arm Chairs, Recliners & Sleeper Chairs"
46274947,"Furniture > Chairs > Arm Chairs, Recliners & Sleeper Chairs"
46274962,"Furniture > Chairs > Arm Chairs, Recliners & Sleeper Chairs"
46274975,"Furniture > Chairs > Arm Chairs, Recliners & Sleeper Chairs"
46274978,"Furniture > Chairs > Arm Chairs, Recliners & Sleeper Chairs"
46274979,"Furniture > Chairs > Arm Chairs, Recliners & Sleeper Chairs"
46275125,"Furniture > Chairs > Arm Chairs, Recliners & Sleeper Chairs"
46275127,"Furniture > Chairs > Arm Chairs, Recliners & Sleeper Chairs"
46275129,"Furniture > Chairs > Arm Chairs, Recliners & Sleeper Chairs"
46275130,"Furniture > Chairs > Arm Chairs, Recliners & Sleeper Chairs"
46275135,"Furniture > Chairs > Arm Chairs, Recliners & Sleeper Chairs"
46275286,"Furniture > Chairs > Arm Chairs, Recliners & Sleeper Chairs"
46275309,"Furniture > Chairs > Arm Chairs, Recliners & Sleeper Chairs"
46275316,"Furniture > Chairs > Arm Chairs, Recliners & Sleeper Chairs"
46275321,"Furniture > Chairs > Arm Chairs, Recliners & Sleeper Chairs"
46275330,"Furniture > Chairs > Arm Chairs, Recliners & Sleeper Chairs"
46275331,"Furniture > Chairs > Arm Chairs, Recliners & Sleeper Chairs"
46275333,"Furniture > Chairs > Arm Chairs, Recliners & Sleeper Chairs"
46275342,"Furniture > Chairs > Arm Chairs, Recliners & Sleeper Chairs"
46275353,"Furniture > Chairs > Arm Chairs, Recliners & Sleeper Chairs"
46275363,"Furniture > Chairs > Arm Chairs, Recliners & Sleeper Chairs"
46275373,"Furniture > Chairs > Arm Chairs, Recliners & Sleeper Chairs"
46275781,"Furniture > Chairs > Arm Chairs, Recliners & Sleeper Chairs"
46275791,"Furniture > Chairs > Arm Chairs, Recliners & Sleeper Chairs"
46275812,"Furniture > Chairs > Arm Chairs, Recliners & Sleeper Chairs"
46275822,"Furniture > Chairs > Arm Chairs, Recliners & Sleeper Chairs"
48669375,Furniture > Tables > Kitchen & Dining Room Tables
50885924,Home & Garden > Lighting
50885926,Home & Garden > Lighting
50885927,Home & Garden > Lighting
50886581,Furniture > Tables
50886582,Furniture > Tables
51633378,Furniture > Sofas
52021171,"Furniture > Chairs > Arm Chairs, Recliners & Sleeper Chairs"
52021179,"Furniture > Chairs > Arm Chairs, Recliners & Sleeper Chairs"
52021182,"Furniture > Chairs > Arm Chairs, Recliners & Sleeper Chairs"
52022618,"Furniture > Chairs > Arm Chairs, Recliners & Sleeper Chairs"
52022939,"Furniture > Chairs > Arm Chairs, Recliners & Sleeper Chairs"
52022940,"Furniture > Chairs > Arm Chairs, Recliners & Sleeper Chairs"
52023067,"Furniture > Chairs > Arm Chairs, Recliners & Sleeper Chairs"
52023069,"Furniture > Chairs > Arm Chairs, Recliners & Sleeper Chairs"
52023072,"Furniture > Chairs > Arm Chairs, Recliners & Sleeper Chairs"
52023310,"Furniture > Chairs > Arm Chairs, Recliners & Sleeper Chairs"
52023311,"Furniture > Chairs > Arm Chairs, Recliners & Sleeper Chairs"
52023319,"Furniture > Chairs > Arm Chairs, Recliners & Sleeper Chairs"
52023321,"Furniture > Chairs > Arm Chairs, Recliners & Sleeper Chairs"
52023334,"Furniture > Chairs > Arm Chairs, Recliners & Sleeper Chairs"
52023335,"Furniture > Chairs > Arm Chairs, Recliners & Sleeper Chairs"
52023403,"Furniture > Chairs > Arm Chairs, Recliners & Sleeper Chairs"
52023555,"Furniture > Chairs > Arm Chairs, Recliners & Sleeper Chairs"
52023581,"Furniture > Chairs > Arm Chairs, Recliners & Sleeper Chairs"
52023589,"Furniture > Chairs > Arm Chairs, Recliners & Sleeper Chairs"
52023590,"Furniture > Chairs > Arm Chairs, Recliners & Sleeper Chairs"
52023601,"Furniture > Chairs > Arm Chairs, Recliners & Sleeper Chairs"
52023608,"Furniture > Chairs > Arm Chairs, Recliners & Sleeper Chairs"
52025117,"Furniture > Chairs > Arm Chairs, Recliners & Sleeper Chairs"
52025140,"Furniture > Chairs > Arm Chairs, Recliners & Sleeper Chairs"
52025142,"Furniture > Chairs > Arm Chairs, Recliners & Sleeper Chairs"
52026596,"Furniture > Chairs > Arm Chairs, Recliners & Sleeper Chairs"
52026664,"Furniture > Chairs > Arm Chairs, Recliners & Sleeper Chairs"
52026728,"Furniture > Chairs > Arm Chairs, Recliners & Sleeper Chairs"
52026734,"Furniture > Chairs > Arm Chairs, Recliners & Sleeper Chairs"
52026735,"Furniture > Chairs > Arm Chairs, Recliners & Sleeper Chairs"
52026742,"Furniture > Chairs > Arm Chairs, Recliners & Sleeper Chairs"
52026743,"Furniture > Chairs > Arm Chairs, Recliners & Sleeper Chairs"
52026744,"Furniture > Chairs > Arm Chairs, Recliners & Sleeper Chairs"
52026755,"Furniture > Chairs > Arm Chairs, Recliners & Sleeper Chairs"
52026775,"Furniture > Chairs > Arm Chairs, Recliners & Sleeper Chairs"
52026776,"Furniture > Chairs > Arm Chairs, Recliners & Sleeper Chairs"
52026785,"Furniture > Chairs > Arm Chairs, Recliners & Sleeper Chairs"
52026793,"Furniture > Chairs > Arm Chairs, Recliners & Sleeper Chairs"
52026801,"Furniture > Chairs > Arm Chairs, Recliners & Sleeper Chairs"
52026934,"Furniture > Chairs > Arm Chairs, Recliners & Sleeper Chairs"
52027330,"Furniture > Chairs > Arm Chairs, Recliners & Sleeper Chairs"
52027490,"Furniture > Chairs > Arm Chairs, Recliners & Sleeper Chairs"
52027650,"Furniture > Chairs > Arm Chairs, Recliners & Sleeper Chairs"
52027651,"Furniture > Chairs > Arm Chairs, Recliners & Sleeper Chairs"
52027812,"Furniture > Chairs > Arm Chairs, Recliners & Sleeper Chairs"
52027834,"Furniture > Chairs > Arm Chairs, Recliners & Sleeper Chairs"
52027836,"Furniture > Chairs > Arm Chairs, Recliners & Sleeper Chairs"
52028121,"Furniture > Chairs > Arm Chairs, Recliners & Sleeper Chairs"
52028209,"Furniture > Chairs > Arm Chairs, Recliners & Sleeper Chairs"
52028230,"Furniture > Chairs > Arm Chairs, Recliners & Sleeper Chairs"
52031332,Furniture > Sofas
52031334,Furniture > Sofas
52031341,Furniture > Sofas
52031343,Furniture > Sofas
52031344,Furniture > Sofas
52031351,Furniture > Sofas
52031403,Furniture > Sofas
52031404,Furniture > Sofas
52031409,Furniture > Sofas
52031416,Furniture > Sofas
52031417,Furniture > Sofas
52031422,Furniture > Sofas
52031427,Furniture > Sofas
52031428,Furniture > Sofas
52031429,Furniture > Sofas
52031618,Furniture > Sofas
52032148,Furniture > Sofas
52032154,Furniture > Sofas
52033651,Furniture > Sofas
52033656,Furniture > Sofas
52033658,Furniture > Sofas
52035015,Furniture > Sofas
52035243,Furniture > Sofas
52035293,Furniture > Sofas
52051531,Furniture > Sofas
52051535,Furniture > Sofas
52051541,Furniture > Sofas
52051628,Furniture > Sofas
52051629,Furniture > Sofas
52051639,Furniture > Sofas
52051660,Furniture > Sofas
52051662,Furniture > Sofas
52051673,Furniture > Sofas
52051706,Furniture > Sofas
52051707,Furniture > Sofas
52051712,Furniture > Sofas
52051713,Furniture > Sofas
52051715,Furniture > Sofas
52051716,Furniture > Sofas
52051749,Furniture > Sofas
52051791,Furniture > Sofas
52051792,Furniture > Sofas
52051797,Furniture > Sofas
52051816,Furniture > Sofas
52051826,Furniture > Sofas
52052268,Furniture > Sofas
52052273,Furniture > Sofas
52052275,Furniture > Sofas
52056240,Furniture > Sofas
52056242,Furniture > Sofas
52056244,Furniture > Sofas
52056249,Furniture > Sofas
52056290,Furniture > Sofas
52056296,Furniture > Sofas
52056297,Furniture > Sofas
52056305,Furniture > Sofas
52056308,Furniture > Sofas
52056319,Furniture > Sofas
52056320,Furniture > Sofas
52056328,Furniture > Sofas
52056438,Furniture > Sofas
52056439,Furniture > Sofas
52056440,Furniture > Sofas
52056845,Furniture > Sofas
52056868,Furniture > Sofas
52056869,Furniture > Sofas
52057335,Furniture > Sofas
52058213,Furniture > Sofas
52058219,Furniture > Sofas
52059714,Furniture > Sofas
52059722,Furniture > Sofas
52059724,Furniture > Sofas
52060296,Furniture > Sofas
52060339,Furniture > Sofas
52060343,Furniture > Sofas
52060367,Furniture > Sofas
52060368,Furniture > Sofas
52060370,Furniture > Sofas
52060371,Furniture > Sofas
52060375,Furniture > Sofas
52060378,Furniture > Sofas
52060508,Furniture > Sofas
52060511,Furniture > Sofas
52060514,Furniture > Sofas
52060516,Furniture > Sofas
52060773,Furniture > Sofas
52060790,Furniture > Sofas
52061035,Furniture > Sofas
52061040,Furniture > Sofas
52061041,Furniture > Sofas
52061051,Furniture > Sofas
52061430,Furniture > Sofas
52061888,Furniture > Sofas
52061897,Furniture > Sofas
52061899,Furniture > Sofas
52062109,Furniture > Sofas
52062124,Furniture > Sofas
52062128,Furniture > Sofas
52062130,Furniture > Sofas
52062132,Furniture > Sofas
52062133,Furniture > Sofas
52062134,Furniture > Sofas
52062135,Furniture > Sofas
52062140,Furniture > Sofas
52062165,Furniture > Sofas
52062167,Furniture > Sofas
52062374,Furniture > Sofas
52062376,Furniture > Sofas
52062377,Furniture > Sofas
52062379,Furniture > Sofas
52062518,Furniture > Sofas
52062543,Furniture > Sofas
52062622,Furniture > Sofas
52062636,Furniture > Sofas
52062638,Furniture > Sofas
52062650,Furniture > Sofas
52062658,Furniture > Sofas
52062870,Furniture > Sofas
52062878,Furniture > Sofas
52062881,Furniture > Sofas
52064106,Furniture > Sofas
52064108,Furniture > Sofas
52064110,Furniture > Sofas
52065061,Furniture > Sofas
52065086,Furniture > Sofas
52065089,Furniture > Sofas
52065090,Furniture > Sofas
52065092,Furniture > Sofas
52065774,Furniture > Sofas
52065989,Furniture > Sofas
52065991,Furniture > Sofas
52065998,Furniture > Sofas
52066002,Furniture > Sofas
52066011,Furniture > Sofas
52066012,Furniture > Sofas
52066242,Furniture > Sofas
52066261,"Furniture > Chairs > Arm Chairs, Recliners & Sleeper Chairs"
52066272,"Furniture > Chairs > Arm Chairs, Recliners & Sleeper Chairs"
52066287,"Furniture > Chairs > Arm Chairs, Recliners & Sleeper Chairs"
52066288,"Furniture > Chairs > Arm Chairs, Recliners & Sleeper Chairs"
52066289,"Furniture > Chairs > Arm Chairs, Recliners & Sleeper Chairs"
52066316,"Furniture > Chairs > Arm Chairs, Recliners & Sleeper Chairs"
52066352,"Furniture > Chairs > Arm Chairs, Recliners & Sleeper Chairs"
52066354,"Furniture > Chairs > Arm Chairs, Recliners & Sleeper Chairs"
52066356,"Furniture > Chairs > Arm Chairs, Recliners & Sleeper Chairs"
52066360,Furniture > Sofas
52066414,"Furniture > Chairs > Arm Chairs, Recliners & Sleeper Chairs"
52066455,"Furniture > Chairs > Arm Chairs, Recliners & Sleeper Chairs"
52066460,Furniture > Sofas
52066469,"Furniture > Chairs > Arm Chairs, Recliners & Sleeper Chairs"
52066470,Furniture > Sofas
52066473,"Furniture > Chairs > Arm Chairs, Recliners & Sleeper Chairs"
52066477,"Furniture > Chairs > Arm Chairs, Recliners & Sleeper Chairs"
52066478,Furniture > Sofas
52066480,"Furniture > Chairs > Arm Chairs, Recliners & Sleeper Chairs"
52066481,Furniture > Sofas
52066483,"Furniture > Chairs > Arm Chairs, Recliners & Sleeper Chairs"
52066486,"Furniture > Chairs > Arm Chairs, Recliners & Sleeper Chairs"
52066491,"Furniture > Chairs > Arm Chairs, Recliners & Sleeper Chairs"
52066651,"Furniture > Chairs > Arm Chairs, Recliners & Sleeper Chairs"
52066880,Furniture > Sofas
52066917,Furniture > Sofas
52066921,Furniture > Sofas
52066993,"Furniture > Chairs > Arm Chairs, Recliners & Sleeper Chairs"
52066997,"Furniture > Chairs > Arm Chairs, Recliners & Sleeper Chairs"
52067020,"Furniture > Chairs > Arm Chairs, Recliners & Sleeper Chairs"
52067023,"Furniture > Chairs > Arm Chairs, Recliners & Sleeper Chairs"
52067026,"Furniture > Chairs > Arm Chairs, Recliners & Sleeper Chairs"
52067029,"Furniture > Chairs > Arm Chairs, Recliners & Sleeper Chairs"
52067031,"Furniture > Chairs > Arm Chairs, Recliners & Sleeper Chairs"
52067047,"Furniture > Chairs > Arm Chairs, Recliners & Sleeper Chairs"
52067048,"Furniture > Chairs > Arm Chairs, Recliners & Sleeper Chairs"
52067086,"Furniture > Chairs > Arm Chairs, Recliners & Sleeper Chairs"
52067087,"Furniture > Chairs > Arm Chairs, Recliners & Sleeper Chairs"
52067170,"Furniture > Chairs > Arm Chairs, Recliners & Sleeper Chairs"
52067204,"Furniture > Chairs > Arm Chairs, Recliners & Sleeper Chairs"
52067215,"Furniture > Chairs > Arm Chairs, Recliners & Sleeper Chairs"
52067216,"Furniture > Chairs > Arm Chairs, Recliners & Sleeper Chairs"
52067220,"Furniture > Chairs > Arm Chairs, Recliners & Sleeper Chairs"
52067221,"Furniture > Chairs > Arm Chairs, Recliners & Sleeper Chairs"
52067224,"Furniture > Chairs > Arm Chairs, Recliners & Sleeper Chairs"
52071432,Furniture > Sofas
52071542,Furniture > Sofas
52071545,Furniture > Sofas
52071556,Furniture > Sofas
52071557,Furniture > Sofas
52071568,Furniture > Sofas
52071571,Furniture > Sofas
52071596,Furniture > Sofas
52071605,Furniture > Sofas
52071633,Furniture > Sofas
52071700,Furniture > Sofas
52071731,Furniture > Sofas
52071732,Furniture > Sofas
52071804,Furniture > Sofas
52071855,Furniture > Sofas
52071926,Furniture > Sofas
52071941,Furniture > Sofas
52071975,Furniture > Sofas
52071979,Furniture > Sofas
52071980,Furniture > Sofas
52072010,Furniture > Sofas
52072014,Furniture > Sofas
52072253,Furniture > Sofas
52072262,Furniture > Sofas
52072265,Furniture > Sofas
52072397,Furniture > Sofas
52072404,Furniture > Sofas
52072409,Furniture > Sofas
52072415,Furniture > Sofas
52072437,Furniture > Sofas
52072439,Furniture > Sofas
52072440,Furniture > Sofas
52072445,Furniture > Sofas
52072453,Furniture > Sofas
52072463,Furniture > Sofas
52072472,Furniture > Sofas
52072500,Furniture > Sofas
52072506,Furniture > Sofas
52072509,Furniture > Sofas
52072510,Furniture > Sofas
52072578,Furniture > Sofas
52072867,Furniture > Sofas
52072895,Furniture > Sofas
52072914,Furniture > Sofas
52072929,Furniture > Sofas
52072948,Furniture > Sofas
52072951,Furniture > Sofas
52073299,Furniture > Sofas
52073546,Furniture > Sofas
52073552,Furniture > Sofas
52173804,Furniture > Sofas
52173893,Furniture > Sofas
52173916,Furniture > Sofas
52173932,Furniture > Sofas
52173943,Furniture > Sofas
52173944,Furniture > Sofas
52174143,Furniture > Sofas
52174144,Furniture > Sofas
52174148,Furniture > Sofas
52174169,Furniture > Sofas
52174173,Furniture > Sofas
52174200,Furniture > Sofas
52174202,Furniture > Sofas
52174209,Furniture > Sofas
52174210,Furniture > Sofas
52174365,Furniture > Sofas
52174508,Furniture > Sofas
52174523,Furniture > Sofas
52174524,Furniture > Sofas
52174525,Furniture > Sofas
52175141,Furniture > Sofas
52175143,Furniture > Sofas
52176367,Furniture > Sofas
52176398,Furniture > Sofas
52176434,Furniture > Sofas
52180518,Furniture > Sofas
52180647,Furniture > Sofas
52180846,Furniture > Sofas
52180849,Furniture > Sofas
52180867,Furniture > Sofas
52180868,Furniture > Sofas
52180873,Furniture > Sofas
52180884,Furniture > Sofas
52180887,Furniture > Sofas
52180913,Furniture > Sofas
52180918,Furniture > Sofas
52180922,Furniture > Sofas
52180924,Furniture > Sofas
52180925,Furniture > Sofas
52180926,Furniture > Sofas
52181048,Furniture > Sofas
52181058,Furniture > Sofas
52181176,Furniture > Sofas
52181191,Furniture > Sofas
52181192,Furniture > Sofas
52181220,Furniture > Sofas
52181222,Furniture > Sofas
52181301,Furniture > Sofas
52181302,Furniture > Sofas
52181370,Furniture > Sofas
52181380,Furniture > Sofas
52181676,Furniture > Sofas
52181680,Furniture > Sofas
52181698,Furniture > Sofas
52181702,Furniture > Sofas
52181776,Furniture > Sofas
52181777,Furniture > Sofas
52181779,Furniture > Sofas
52181824,Furniture > Sofas
52181851,Furniture > Sofas
52181862,Furniture > Sofas
52181869,Furniture > Sofas
52181888,Furniture > Sofas
52181890,Furniture > Sofas
52181899,Furniture > Sofas
52181900,Furniture > Sofas
52182793,Furniture > Sofas
52182800,Furniture > Sofas
52182835,Furniture > Sofas
52182896,Furniture > Sofas
52182898,Furniture > Sofas
52182916,Furniture > Sofas
52182922,Furniture > Sofas
52183042,Furniture > Sofas
52183315,Furniture > Sofas
52183518,Furniture > Sofas
52183546,Furniture > Sofas
52183558,Furniture > Sofas
52183560,Furniture > Sofas
52183649,Furniture > Sofas
52183650,Furniture > Sofas
52183655,Furniture > Sofas
52183715,Furniture > Sofas
52183771,Furniture > Sofas
52183775,Furniture > Sofas
52183817,Furniture > Sofas
52183818,Furniture > Sofas
52183823,Furniture > Sofas
52183832,Furniture > Sofas
52183841,Furniture > Sofas
52183859,Furniture > Sofas
52183944,Furniture > Sofas
52183988,Furniture > Sofas
52184066,Furniture > Sofas
52184067,Furniture > Sofas
52184071,Furniture > Sofas
52184074,Furniture > Sofas
52184080,Furniture > Sofas
52184163,Furniture > Sofas
52184179,Furniture > Sofas
52184185,Furniture > Sofas
52201661,Furniture > Sofas
52201727,Furniture > Sofas
52201747,Furniture > Sofas
52201750,Furniture > Sofas
52201751,Furniture > Sofas
52201753,Furniture > Sofas
52201763,Furniture > Sofas
52201764,Furniture > Sofas
52201824,Furniture > Sofas
52201873,Furniture > Sofas
52201874,Furniture > Sofas
52201889,Furniture > Sofas
52201890,Furniture > Sofas
52201891,Furniture > Sofas
52202088,Furniture > Sofas
52202157,Furniture > Sofas
52202663,Furniture > Sofas
52202676,Furniture > Sofas
52202677,Furniture > Sofas
52202680,Furniture > Sofas
52202684,Furniture > Sofas
52203399,Furniture > Sofas
52204083,Furniture > Sofas
52204087,Furniture > Sofas
52204716,Furniture > Sofas
52204730,Furniture > Sofas
52204757,Furniture > Sofas
52204763,Furniture > Sofas
52204764,Furniture > Sofas
52204769,Furniture > Sofas
52204770,Furniture > Sofas
52204771,Furniture > Sofas
52204775,Furniture > Sofas
52204795,Furniture > Sofas
52204820,Furniture > Sofas
52204943,Furniture > Sofas
52204945,Furniture > Sofas
52204949,Furniture > Sofas
52204954,Furniture > Sofas
52205566,Furniture > Sofas
52205588,Furniture > Sofas
52205678,Furniture > Sofas
52205680,Furniture > Sofas
52205712,Furniture > Sofas
52205957,Furniture > Sofas
52206177,Furniture > Sofas
52207140,Furniture > Sofas
52207696,Furniture > Sofas
52207711,Furniture > Sofas
52211074,Furniture > Sofas
52211166,Furniture > Sofas
52211171,Furniture > Sofas
52211173,Furniture > Sofas
52211179,Furniture > Sofas
52211275,Furniture > Sofas
52211277,Furniture > Sofas
52211279,Furniture > Sofas
52211280,Furniture > Sofas
52211287,Furniture > Sofas
52211310,Furniture > Sofas
52211312,Furniture > Sofas
52211326,Furniture > Sofas
52211332,Furniture > Sofas
52211338,Furniture > Sofas
52211344,Furniture > Sofas
52212993,Furniture > Sofas
52213095,Furniture > Sofas
52213115,Furniture > Sofas
52213148,Furniture > Sofas
52213151,Furniture > Sofas
52213219,Furniture > Sofas
52213253,Furniture > Sofas
52213940,Furniture > Sofas
52213949,Furniture > Sofas
52213967,Furniture > Sofas
52214017,Furniture > Sofas
52214019,Furniture > Sofas
52214022,Furniture > Sofas
52214023,Furniture > Sofas
52214032,Furniture > Sofas
52214052,Furniture > Sofas
52214388,Furniture > Sofas
52214390,Furniture > Sofas
52214392,Furniture > Sofas
52214399,Furniture > Sofas
52214858,Furniture > Sofas
52214988,Furniture > Sofas
52214995,Furniture > Sofas
52215030,Furniture > Sofas
52215100,Furniture > Sofas
52215109,Furniture > Sofas
52215198,Furniture > Sofas
52215201,Furniture > Sofas
52215205,Furniture > Sofas
52215237,Furniture > Sofas
52215242,Furniture > Sofas
52215244,Furniture > Sofas
52215250,Furniture > Sofas
52215252,Furniture > Sofas
52215255,Furniture > Sofas
52215327,Furniture > Sofas
52215328,Furniture > Sofas
52215332,Furniture > Sofas
52215338,Furniture > Sofas
52215339,Furniture > Sofas
52215371,Furniture > Sofas
52215374,Furniture > Sofas
52215400,Furniture > Sofas
52215404,Furniture > Sofas
52215512,Furniture > Sofas
52215514,Furniture > Sofas
52215517,Furniture > Sofas
52215529,Furniture > Sofas
52216380,Furniture > Sofas
52216402,Furniture > Sofas
52216458,Furniture > Sofas
52216459,Furniture > Sofas
52216460,Furniture > Sofas
52216472,Furniture > Sofas
52216475,Furniture > Sofas
52216487,Furniture > Sofas
52216631,Furniture > Sofas
52216638,Furniture > Sofas
52216640,Furniture > Sofas
52216726,Furniture > Sofas
52216741,Furniture > Sofas
52216750,Furniture > Sofas
52216754,Furniture > Sofas
52216764,Furniture > Sofas
52216775,Furniture > Sofas
52216777,Furniture > Sofas
52216787,Furniture > Sofas
52216798,Furniture > Sofas
52216809,Furniture > Sofas
52216827,Furniture > Sofas
52216860,Furniture > Sofas
52216920,Furniture > Sofas
52217074,Furniture > Sofas
52217124,Furniture > Sofas
52217280,Furniture > Sofas
52217330,Furniture > Sofas
52217354,Furniture > Sofas
52217368,Furniture > Sofas
52217386,Furniture > Sofas
52217637,Furniture > Sofas
52217642,Furniture > Sofas
52217645,Furniture > Sofas
52217662,Furniture > Sofas
52217666,Furniture > Sofas
52217670,Furniture > Sofas
52217673,Furniture > Sofas
52220215,Furniture > Sofas
52220285,Furniture > Sofas
52220286,Furniture > Sofas
52220301,Furniture > Sofas
52220303,Furniture > Sofas
52220318,Furniture > Sofas
52220429,Furniture > Sofas
52220434,Furniture > Sofas
52220455,Furniture > Sofas
52220463,Furniture > Sofas
52220465,Furniture > Sofas
52220537,Furniture > Sofas
52220539,Furniture > Sofas
52220556,Furniture > Sofas
52220559,Furniture > Sofas
52220569,Furniture > Sofas
52220592,Furniture > Sofas
52220648,Furniture > Sofas
52220649,Furniture > Sofas
52220658,Furniture > Sofas
52224950,Furniture > Sofas
52224968,Furniture > Sofas
52224978,Furniture > Sofas
52224980,Furniture > Sofas
52224981,Furniture > Sofas
52224982,Furniture > Sofas
52224984,Furniture > Sofas
52224985,Furniture > Sofas
52224989,Furniture > Sofas
52225001,Furniture > Sofas
52225002,Furniture > Sofas
52225161,Furniture > Sofas
52225162,Furniture > Sofas
52225200,Furniture > Sofas
52225967,Furniture > Sofas
52225983,Furniture > Sofas
52226017,Furniture > Sofas
52226027,Furniture > Sofas
52226028,Furniture > Sofas
52226125,Furniture > Sofas
52226165,Furniture > Sofas
52226474,Furniture > Sofas
52226548,Furniture > Sofas
52226554,Furniture > Sofas
52228461,Furniture > Sofas
52228562,Furniture > Sofas
52228578,Furniture > Sofas
52228599,Furniture > Sofas
52228604,Furniture > Sofas
52228608,Furniture > Sofas
52228639,Furniture > Sofas
52228640,Furniture > Sofas
52228657,Furniture > Sofas
52228881,Furniture > Sofas
52228884,Furniture > Sofas
52228891,Furniture > Sofas
52228893,Furniture > Sofas
52228895,Furniture > Sofas
52228896,Furniture > Sofas
52229077,Furniture > Sofas
52229090,Furniture > Sofas
52229098,Furniture > Sofas
52229113,Furniture > Sofas
52229114,Furniture > Sofas
52229117,Furniture > Sofas
52229119,Furniture > Sofas
52229303,Furniture > Sofas
52229320,Furniture > Sofas
52229326,Furniture > Sofas
52229784,Furniture > Sofas
52229817,Furniture > Sofas
52229851,Furniture > Sofas
52229895,Furniture > Sofas
52229898,Furniture > Sofas
52229904,Furniture > Sofas
52230184,Furniture > Sofas
52230185,Furniture > Sofas
52230208,Furniture > Sofas
52230209,Furniture > Sofas
52230210,Furniture > Sofas
52230214,Furniture > Sofas
52230217,Furniture > Sofas
52230218,Furniture > Sofas
52230220,Furniture > Sofas
52230381,Furniture > Sofas
52230818,Furniture > Sofas
52231481,Furniture > Sofas
52339570,Furniture > Sofas
52339687,Furniture > Sofas
52339700,Furniture > Sofas
52339713,Furniture > Sofas
52339716,Furniture > Sofas
52339717,Furniture > Sofas
52339721,Furniture > Sofas
52339722,Furniture > Sofas
52339732,Furniture > Sofas
52339739,Furniture > Sofas
52339740,Furniture > Sofas
52339746,Furniture > Sofas
52339747,Furniture > Sofas
52339766,Furniture > Sofas
52339772,Furniture > Sofas
52339773,Furniture > Sofas
52339814,Furniture > Sofas
52339821,Furniture > Sofas
52339830,Furniture > Sofas
52339852,Furniture > Sofas
52340273,Furniture > Sofas
52340284,Furniture > Sofas
52340291,Furniture > Sofas
52340320,Furniture > Sofas
52340328,Furniture > Sofas
52340336,Furniture > Sofas
52340338,Furniture > Sofas
52340405,Furniture > Sofas
52340408,Furniture > Sofas
52340410,Furniture > Sofas
52340411,Furniture > Sofas
52340455,Furniture > Sofas
52340456,Furniture > Sofas
52340459,Furniture > Sofas
52340478,Furniture > Sofas
52340481,Furniture > Sofas
52340523,Furniture > Sofas
52340550,Furniture > Sofas
52341046,Furniture > Ottomans
52353410,Furniture > Ottomans
52353416,Furniture > Ottomans
52353435,Furniture > Ottomans
52353440,Furniture > Ottomans
52353441,Furniture > Ottomans
52353555,Furniture > Ottomans
52353557,Furniture > Ottomans
52353562,Furniture > Ottomans
52353595,Furniture > Ottomans
52353597,Furniture > Ottomans
52353598,Furniture > Ottomans
52353728,Furniture > Ottomans
52353730,Furniture > Ottomans
52353739,Furniture > Ottomans
52353742,Furniture > Ottomans
52353743,Furniture > Ottomans
52353757,Furniture > Ottomans
52353758,Furniture > Ottomans
52353805,Furniture > Ottomans
52353812,Furniture > Ottomans
52353820,Furniture > Ottomans
52353830,Furniture > Ottomans
52353855,Furniture > Ottomans
52353857,Furniture > Ottomans
52353863,Furniture > Ottomans
52353864,Furniture > Ottomans
52353866,Furniture > Ottomans
52353868,Furniture > Ottomans
52353874,Furniture > Ottomans
52353885,Furniture > Ottomans
52353976,Furniture > Ottomans
52354066,Furniture > Ottomans
52354167,Furniture > Ottomans
52354184,Furniture > Ottomans
52354193,Furniture > Ottomans
52354198,Furniture > Ottomans
52354200,Furniture > Ottomans
52357820,Furniture > Ottomans
52357853,Furniture > Ottomans
52357854,Furniture > Ottomans
52366359,Furniture > Ottomans
52366361,Furniture > Ottomans
52366370,Furniture > Ottomans
52366371,Furniture > Ottomans
52366383,Furniture > Ottomans
52366437,Furniture > Ottomans
52366455,Furniture > Ottomans
52366484,Furniture > Ottomans
52366488,Furniture > Ottomans
52366622,Furniture > Ottomans
52366667,Furniture > Ottomans
52366678,Furniture > Ottomans
52366682,Furniture > Ottomans
52366997,Furniture > Ottomans
52367002,Furniture > Ottomans
52367020,Furniture > Ottomans
52367023,Furniture > Ottomans
52367089,Furniture > Ottomans
52367093,Furniture > Ottomans
52367094,Furniture > Ottomans
52367285,Furniture > Ottomans
52367295,Furniture > Ottomans
52367340,Furniture > Ottomans
52367344,Furniture > Ottomans
52367355,Furniture > Ottomans
52367356,Furniture > Ottomans
52367358,Furniture > Ottomans
52367360,Furniture > Ottomans
52367467,Furniture > Ottomans
52367469,Furniture > Ottomans
52367470,Furniture > Ottomans
52367471,Furniture > Ottomans
52367480,Furniture > Ottomans
52367487,Furniture > Ottomans
52367489,Furniture > Ottomans
52914883,Furniture > Chairs > Kitchen & Dining Room Chairs
52914888,Furniture > Chairs > Kitchen & Dining Room Chairs
52914890,Furniture > Chairs > Kitchen & Dining Room Chairs
52914891,Furniture > Chairs > Kitchen & Dining Room Chairs
52914899,Furniture > Chairs > Kitchen & Dining Room Chairs
52914907,Furniture > Chairs > Kitchen & Dining Room Chairs
52914920,Furniture > Chairs > Kitchen & Dining Room Chairs
52915020,Furniture > Chairs > Kitchen & Dining Room Chairs
52915033,Furniture > Chairs > Kitchen & Dining Room Chairs
52915037,Furniture > Chairs > Kitchen & Dining Room Chairs
52915039,Furniture > Chairs > Kitchen & Dining Room Chairs
52915048,Furniture > Chairs > Kitchen & Dining Room Chairs
52915055,Furniture > Chairs > Kitchen & Dining Room Chairs
52915057,Furniture > Chairs > Kitchen & Dining Room Chairs
52915318,Furniture > Chairs > Kitchen & Dining Room Chairs
52915319,Furniture > Chairs > Kitchen & Dining Room Chairs
52915322,Furniture > Chairs > Kitchen & Dining Room Chairs
52915324,Furniture > Chairs > Kitchen & Dining Room Chairs
52915337,Furniture > Chairs > Kitchen & Dining Room Chairs
52915343,Furniture > Chairs > Kitchen & Dining Room Chairs
52915431,Furniture > Chairs > Kitchen & Dining Room Chairs
52915521,Furniture > Chairs > Kitchen & Dining Room Chairs
52915840,Furniture > Chairs > Kitchen & Dining Room Chairs
52915953,Furniture > Chairs > Kitchen & Dining Room Chairs
52915955,Furniture > Chairs > Kitchen & Dining Room Chairs
52915957,Furniture > Chairs > Kitchen & Dining Room Chairs
52915969,Furniture > Chairs > Kitchen & Dining Room Chairs
52915972,Furniture > Chairs > Kitchen & Dining Room Chairs
52915991,Furniture > Chairs > Kitchen & Dining Room Chairs
52916030,Furniture > Chairs > Kitchen & Dining Room Chairs
52916097,Furniture > Chairs > Kitchen & Dining Room Chairs
52916105,Furniture > Chairs > Kitchen & Dining Room Chairs
52916129,Furniture > Chairs > Kitchen & Dining Room Chairs
52916133,Furniture > Chairs > Kitchen & Dining Room Chairs
52916134,Furniture > Chairs > Kitchen & Dining Room Chairs
52916136,Furniture > Chairs > Kitchen & Dining Room Chairs
52916144,Furniture > Chairs > Kitchen & Dining Room Chairs
52916146,Furniture > Chairs > Kitchen & Dining Room Chairs
52920499,Furniture > Chairs > Kitchen & Dining Room Chairs
52920503,Furniture > Chairs > Kitchen & Dining Room Chairs
52920505,Furniture > Chairs > Kitchen & Dining Room Chairs
52920508,Furniture > Chairs > Kitchen & Dining Room Chairs
52920510,Furniture > Chairs > Kitchen & Dining Room Chairs
52920511,Furniture > Chairs > Kitchen & Dining Room Chairs
52920518,Furniture > Chairs > Kitchen & Dining Room Chairs
52920519,Furniture > Chairs > Kitchen & Dining Room Chairs
52920520,Furniture > Chairs > Kitchen & Dining Room Chairs
52920521,Furniture > Chairs > Kitchen & Dining Room Chairs
52920522,Furniture > Chairs > Kitchen & Dining Room Chairs
52920537,Furniture > Chairs > Kitchen & Dining Room Chairs
52920539,Furniture > Chairs > Kitchen & Dining Room Chairs
52920542,Furniture > Chairs > Kitchen & Dining Room Chairs
52920543,Furniture > Chairs > Kitchen & Dining Room Chairs
52920586,Furniture > Chairs > Kitchen & Dining Room Chairs
52920610,Furniture > Chairs > Kitchen & Dining Room Chairs
52920611,Furniture > Chairs > Kitchen & Dining Room Chairs
52920612,Furniture > Chairs > Kitchen & Dining Room Chairs
52920613,Furniture > Chairs > Kitchen & Dining Room Chairs
52921394,Furniture > Chairs > Kitchen & Dining Room Chairs
52921399,Furniture > Chairs > Kitchen & Dining Room Chairs
52921457,Furniture > Chairs > Kitchen & Dining Room Chairs
52921512,Furniture > Chairs > Kitchen & Dining Room Chairs
52921530,Furniture > Chairs > Kitchen & Dining Room Chairs
52922378,Furniture > Chairs > Kitchen & Dining Room Chairs
52922380,Furniture > Chairs > Kitchen & Dining Room Chairs
52922441,Furniture > Chairs > Kitchen & Dining Room Chairs
52922443,Furniture > Chairs > Kitchen & Dining Room Chairs
52922448,Furniture > Chairs > Kitchen & Dining Room Chairs
52922473,Furniture > Chairs > Kitchen & Dining Room Chairs
52922474,Furniture > Chairs > Kitchen & Dining Room Chairs
52922475,Furniture > Chairs > Kitchen & Dining Room Chairs
52922477,Furniture > Chairs > Kitchen & Dining Room Chairs
52922534,Furniture > Chairs > Kitchen & Dining Room Chairs
52922535,Furniture > Chairs > Kitchen & Dining Room Chairs
52922548,Furniture > Chairs > Kitchen & Dining Room Chairs
52922549,Furniture > Chairs > Kitchen & Dining Room Chairs
53061316,Furniture > Ottomans
53061393,Furniture > Ottomans
53061394,Furniture > Ottomans
53061410,Furniture > Ottomans
53061425,Furniture > Ottomans
53061426,Furniture > Ottomans
53061429,Furniture > Ottomans
53061430,Furniture > Ottomans
53061468,Furniture > Ottomans
53061506,Furniture > Ottomans
53061562,Furniture > Ottomans
53061563,Furniture > Ottomans
53061624,Furniture > Ottomans
53061625,Furniture > Ottomans
53061627,Furniture > Ottomans
53061628,Furniture > Ottomans
53061630,Furniture > Ottomans
53061633,Furniture > Ottomans
53061636,Furniture > Ottomans
53061641,Furniture > Ottomans
53061746,Furniture > Ottomans
53061759,Furniture > Ottomans
53061772,Furniture > Ottomans
53061773,Furniture > Ottomans
53061774,Furniture > Ottomans
53061794,Furniture > Ottomans
53061800,Furniture > Ottomans
53061856,Furniture > Ottomans
53061862,Furniture > Ottomans
53061865,Furniture > Ottomans
53061879,Furniture > Ottomans
53061901,Furniture > Ottomans
53061957,Furniture > Ottomans
53061965,Furniture > Ottomans
53061983,Furniture > Ottomans
53061985,Furniture > Ottomans
53061986,Furniture > Ottomans
53061987,Furniture > Ottomans
53062038,Furniture > Ottomans
53105307,Furniture > Chairs > Kitchen & Dining Room Chairs
53105312,Furniture > Chairs > Kitchen & Dining Room Chairs
53105319,Furniture > Chairs > Kitchen & Dining Room Chairs
53105358,Furniture > Chairs > Kitchen & Dining Room Chairs
53105379,Furniture > Chairs > Kitchen & Dining Room Chairs
53105394,Furniture > Chairs > Kitchen & Dining Room Chairs
53105397,Furniture > Chairs > Kitchen & Dining Room Chairs
53105404,Furniture > Chairs > Kitchen & Dining Room Chairs
53105406,Furniture > Chairs > Kitchen & Dining Room Chairs
53105416,Furniture > Chairs > Kitchen & Dining Room Chairs
53105419,Furniture > Chairs > Kitchen & Dining Room Chairs
53105421,Furniture > Chairs > Kitchen & Dining Room Chairs
53105422,Furniture > Chairs > Kitchen & Dining Room Chairs
53105423,Furniture > Chairs > Kitchen & Dining Room Chairs
53105440,Furniture > Chairs > Kitchen & Dining Room Chairs
53105444,Furniture > Chairs > Kitchen & Dining Room Chairs
53105576,Furniture > Chairs > Kitchen & Dining Room Chairs
53105583,Furniture > Chairs > Kitchen & Dining Room Chairs
53105586,Furniture > Chairs > Kitchen & Dining Room Chairs
53105587,Furniture > Chairs > Kitchen & Dining Room Chairs
53105592,Furniture > Chairs > Kitchen & Dining Room Chairs
53105594,Furniture > Chairs > Kitchen & Dining Room Chairs
53105671,Furniture > Chairs > Kitchen & Dining Room Chairs
53105674,Furniture > Chairs > Kitchen & Dining Room Chairs
53105681,Furniture > Chairs > Kitchen & Dining Room Chairs
53105683,Furniture > Chairs > Kitchen & Dining Room Chairs
53105685,Furniture > Chairs > Kitchen & Dining Room Chairs
53105691,Furniture > Chairs > Kitchen & Dining Room Chairs
53105692,Furniture > Chairs > Kitchen & Dining Room Chairs
53105693,Furniture > Chairs > Kitchen & Dining Room Chairs
53105706,Furniture > Chairs > Kitchen & Dining Room Chairs
53105737,Furniture > Chairs > Kitchen & Dining Room Chairs
53105749,Furniture > Chairs > Kitchen & Dining Room Chairs
53105756,Furniture > Chairs > Kitchen & Dining Room Chairs
53105762,Furniture > Chairs > Kitchen & Dining Room Chairs
53105769,Furniture > Chairs > Kitchen & Dining Room Chairs
53106039,Furniture > Chairs > Kitchen & Dining Room Chairs
53106128,Furniture > Chairs > Kitchen & Dining Room Chairs
53108081,Furniture > Chairs > Kitchen & Dining Room Chairs
53108149,Furniture > Chairs > Kitchen & Dining Room Chairs
53108166,Furniture > Chairs > Kitchen & Dining Room Chairs
53108205,Furniture > Chairs > Kitchen & Dining Room Chairs
53108210,Furniture > Chairs > Kitchen & Dining Room Chairs
53108221,Furniture > Chairs > Kitchen & Dining Room Chairs
53108354,Furniture > Chairs > Kitchen & Dining Room Chairs
53108825,Furniture > Chairs > Kitchen & Dining Room Chairs
53108901,Furniture > Chairs > Kitchen & Dining Room Chairs
53108902,Furniture > Chairs > Kitchen & Dining Room Chairs
53108927,Furniture > Chairs > Kitchen & Dining Room Chairs
53108928,Furniture > Chairs > Kitchen & Dining Room Chairs
53108929,Furniture > Chairs > Kitchen & Dining Room Chairs
53108932,Furniture > Chairs > Kitchen & Dining Room Chairs
53108933,Furniture > Chairs > Kitchen & Dining Room Chairs
53108934,Furniture > Chairs > Kitchen & Dining Room Chairs
53108935,Furniture > Chairs > Kitchen & Dining Room Chairs
53108937,Furniture > Chairs > Kitchen & Dining Room Chairs
53108939,Furniture > Chairs > Kitchen & Dining Room Chairs
53108951,Furniture > Chairs > Kitchen & Dining Room Chairs
53110412,Furniture > Chairs > Kitchen & Dining Room Chairs
53110414,Furniture > Chairs > Kitchen & Dining Room Chairs
53110417,Furniture > Chairs > Kitchen & Dining Room Chairs
53110418,Furniture > Chairs > Kitchen & Dining Room Chairs
53110419,Furniture > Chairs > Kitchen & Dining Room Chairs
53110451,Furniture > Chairs > Kitchen & Dining Room Chairs
53110452,Furniture > Chairs > Kitchen & Dining Room Chairs
53110453,Furniture > Chairs > Kitchen & Dining Room Chairs
53110454,Furniture > Chairs > Kitchen & Dining Room Chairs
53110456,Furniture > Chairs > Kitchen & Dining Room Chairs
53110458,Furniture > Chairs > Kitchen & Dining Room Chairs
53110460,Furniture > Chairs > Kitchen & Dining Room Chairs
53110461,Furniture > Chairs > Kitchen & Dining Room Chairs
53110462,Furniture > Chairs > Kitchen & Dining Room Chairs
53110467,Furniture > Chairs > Kitchen & Dining Room Chairs
53110468,Furniture > Chairs > Kitchen & Dining Room Chairs
53110522,Furniture > Chairs > Kitchen & Dining Room Chairs
53110527,Furniture > Chairs > Kitchen & Dining Room Chairs
53184565,Furniture > Chairs > Kitchen & Dining Room Chairs
53184578,Furniture > Chairs > Kitchen & Dining Room Chairs
53184585,Furniture > Chairs > Kitchen & Dining Room Chairs
53184592,Furniture > Chairs > Kitchen & Dining Room Chairs
53184593,Furniture > Chairs > Kitchen & Dining Room Chairs
53184595,Furniture > Chairs > Kitchen & Dining Room Chairs
53184987,Furniture > Chairs > Kitchen & Dining Room Chairs
53184988,Furniture > Chairs > Kitchen & Dining Room Chairs
53184992,Furniture > Chairs > Kitchen & Dining Room Chairs
53184994,Furniture > Chairs > Kitchen & Dining Room Chairs
53184995,Furniture > Chairs > Kitchen & Dining Room Chairs
53185046,Furniture > Chairs > Kitchen & Dining Room Chairs
53185048,Furniture > Chairs > Kitchen & Dining Room Chairs
53185082,Furniture > Chairs > Kitchen & Dining Room Chairs
53185085,Furniture > Chairs > Kitchen & Dining Room Chairs
53185086,Furniture > Chairs > Kitchen & Dining Room Chairs
53185093,Furniture > Chairs > Kitchen & Dining Room Chairs
53185096,Furniture > Chairs > Kitchen & Dining Room Chairs
53185097,Furniture > Chairs > Kitchen & Dining Room Chairs
53185105,Furniture > Chairs > Kitchen & Dining Room Chairs
53185110,Furniture > Chairs > Kitchen & Dining Room Chairs
53185148,Furniture > Chairs > Kitchen & Dining Room Chairs
53185155,Furniture > Chairs > Kitchen & Dining Room Chairs
53185160,Furniture > Chairs > Kitchen & Dining Room Chairs
53185162,Furniture > Chairs > Kitchen & Dining Room Chairs
53185163,Furniture > Chairs > Kitchen & Dining Room Chairs
53185165,Furniture > Chairs > Kitchen & Dining Room Chairs
53185172,Furniture > Chairs > Kitchen & Dining Room Chairs
53185176,Furniture > Chairs > Kitchen & Dining Room Chairs
53185178,Furniture > Chairs > Kitchen & Dining Room Chairs
53187181,Furniture > Chairs > Kitchen & Dining Room Chairs
53187366,Furniture > Chairs > Kitchen & Dining Room Chairs
53187795,Furniture > Chairs > Kitchen & Dining Room Chairs
53188057,Furniture > Chairs > Kitchen & Dining Room Chairs
53188763,Furniture > Chairs > Kitchen & Dining Room Chairs
53188774,Furniture > Chairs > Kitchen & Dining Room Chairs
53188783,Furniture > Chairs > Kitchen & Dining Room Chairs
53188789,Furniture > Chairs > Kitchen & Dining Room Chairs
53190680,Furniture > Chairs > Kitchen & Dining Room Chairs
53190719,Furniture > Chairs > Kitchen & Dining Room Chairs
53190721,Furniture > Chairs > Kitchen & Dining Room Chairs
53190726,Furniture > Chairs > Kitchen & Dining Room Chairs
53190729,Furniture > Chairs > Kitchen & Dining Room Chairs
53190737,Furniture > Chairs > Kitchen & Dining Room Chairs
53190738,Furniture > Chairs > Kitchen & Dining Room Chairs
53190744,Furniture > Chairs > Kitchen & Dining Room Chairs
53190751,Furniture > Chairs > Kitchen & Dining Room Chairs
53190752,Furniture > Chairs > Kitchen & Dining Room Chairs
53190753,Furniture > Chairs > Kitchen & Dining Room Chairs
53190755,Furniture > Chairs > Kitchen & Dining Room Chairs
53190758,Furniture > Chairs > Kitchen & Dining Room Chairs
53190767,Furniture > Chairs > Kitchen & Dining Room Chairs
53190815,Furniture > Chairs > Kitchen & Dining Room Chairs
53190816,Furniture > Chairs > Kitchen & Dining Room Chairs
53190817,Furniture > Chairs > Kitchen & Dining Room Chairs
53190819,Furniture > Chairs > Kitchen & Dining Room Chairs
53190838,Furniture > Chairs > Kitchen & Dining Room Chairs
53190840,Furniture > Chairs > Kitchen & Dining Room Chairs
53190841,Furniture > Chairs > Kitchen & Dining Room Chairs
53190842,Furniture > Chairs > Kitchen & Dining Room Chairs
53190900,Furniture > Chairs > Kitchen & Dining Room Chairs
53190947,Furniture > Chairs > Kitchen & Dining Room Chairs
53190949,Furniture > Chairs > Kitchen & Dining Room Chairs
53190957,Furniture > Chairs > Kitchen & Dining Room Chairs
53190974,Furniture > Chairs > Kitchen & Dining Room Chairs
53190975,Furniture > Chairs > Kitchen & Dining Room Chairs
53190978,Furniture > Chairs > Kitchen & Dining Room Chairs
53190979,Furniture > Chairs > Kitchen & Dining Room Chairs
53190980,Furniture > Chairs > Kitchen & Dining Room Chairs
53191005,Furniture > Chairs > Kitchen & Dining Room Chairs
53191006,Furniture > Chairs > Kitchen & Dining Room Chairs
53191009,Furniture > Chairs > Kitchen & Dining Room Chairs
53191011,Furniture > Chairs > Kitchen & Dining Room Chairs
53191012,Furniture > Chairs > Kitchen & Dining Room Chairs
53191217,Furniture > Chairs > Kitchen & Dining Room Chairs
53191420,Furniture > Chairs > Kitchen & Dining Room Chairs
53192035,Furniture > Chairs > Kitchen & Dining Room Chairs
53192521,Furniture > Chairs > Kitchen & Dining Room Chairs
53193757,Furniture > Chairs > Kitchen & Dining Room Chairs
53193851,Furniture > Chairs > Kitchen & Dining Room Chairs
53194425,Furniture > Chairs > Kitchen & Dining Room Chairs
53194614,Furniture > Chairs > Kitchen & Dining Room Chairs
53194724,Furniture > Chairs > Kitchen & Dining Room Chairs
53194982,Furniture > Chairs > Kitchen & Dining Room Chairs
53195435,Furniture > Chairs > Kitchen & Dining Room Chairs
53195753,Furniture > Chairs > Kitchen & Dining Room Chairs
53196239,Furniture > Chairs > Kitchen & Dining Room Chairs
53196284,Furniture > Chairs > Kitchen & Dining Room Chairs
53196285,Furniture > Chairs > Kitchen & Dining Room Chairs
53196300,Furniture > Chairs > Kitchen & Dining Room Chairs
53196303,Furniture > Chairs > Kitchen & Dining Room Chairs
53196308,Furniture > Chairs > Kitchen & Dining Room Chairs
53196311,Furniture > Chairs > Kitchen & Dining Room Chairs
53196317,Furniture > Chairs > Kitchen & Dining Room Chairs
53196366,Furniture > Chairs > Kitchen & Dining Room Chairs
53196368,Furniture > Chairs > Kitchen & Dining Room Chairs
53196373,Furniture > Chairs > Kitchen & Dining Room Chairs
53196374,Furniture > Chairs > Kitchen & Dining Room Chairs
53196394,Furniture > Chairs > Kitchen & Dining Room Chairs
53196396,Furniture > Chairs > Kitchen & Dining Room Chairs
53196398,Furniture > Chairs > Kitchen & Dining Room Chairs
53196408,Furniture > Chairs > Kitchen & Dining Room Chairs
53196409,Furniture > Chairs > Kitchen & Dining Room Chairs
53196410,Furniture > Chairs > Kitchen & Dining Room Chairs
53196411,Furniture > Chairs > Kitchen & Dining Room Chairs
53196412,Furniture > Chairs > Kitchen & Dining Room Chairs
53196431,Furniture > Chairs > Kitchen & Dining Room Chairs
53196435,Furniture > Chairs > Kitchen & Dining Room Chairs
53196436,Furniture > Chairs > Kitchen & Dining Room Chairs
53196438,Furniture > Chairs > Kitchen & Dining Room Chairs
53196450,Furniture > Chairs > Kitchen & Dining Room Chairs
53196570,Furniture > Chairs > Kitchen & Dining Room Chairs
53196652,Furniture > Chairs > Kitchen & Dining Room Chairs
53196653,Furniture > Chairs > Kitchen & Dining Room Chairs
53198459,"Furniture > Chairs > Arm Chairs, Recliners & Sleeper Chairs"
53198460,"Furniture > Chairs > Arm Chairs, Recliners & Sleeper Chairs"
53198546,"Furniture > Chairs > Arm Chairs, Recliners & Sleeper Chairs"
53198548,"Furniture > Chairs > Arm Chairs, Recliners & Sleeper Chairs"
53198551,"Furniture > Chairs > Arm Chairs, Recliners & Sleeper Chairs"
53198553,"Furniture > Chairs > Arm Chairs, Recliners & Sleeper Chairs"
53198558,"Furniture > Chairs > Arm Chairs, Recliners & Sleeper Chairs"
53198562,"Furniture > Chairs > Arm Chairs, Recliners & Sleeper Chairs"
53198564,"Furniture > Chairs > Arm Chairs, Recliners & Sleeper Chairs"
53198566,"Furniture > Chairs > Arm Chairs, Recliners & Sleeper Chairs"
53198593,"Furniture > Chairs > Arm Chairs, Recliners & Sleeper Chairs"
53198608,"Furniture > Chairs > Arm Chairs, Recliners & Sleeper Chairs"
53198609,"Furniture > Chairs > Arm Chairs, Recliners & Sleeper Chairs"
53198610,"Furniture > Chairs > Arm Chairs, Recliners & Sleeper Chairs"
53198613,"Furniture > Chairs > Arm Chairs, Recliners & Sleeper Chairs"
53198872,"Furniture > Chairs > Arm Chairs, Recliners & Sleeper Chairs"
53198875,"Furniture > Chairs > Arm Chairs, Recliners & Sleeper Chairs"
53198918,"Furniture > Chairs > Arm Chairs, Recliners & Sleeper Chairs"
53198979,"Furniture > Chairs > Arm Chairs, Recliners & Sleeper Chairs"
53198981,"Furniture > Chairs > Arm Chairs, Recliners & Sleeper Chairs"
53198982,"Furniture > Chairs > Arm Chairs, Recliners & Sleeper Chairs"
53199245,"Furniture > Chairs > Arm Chairs, Recliners & Sleeper Chairs"
53199246,"Furniture > Chairs > Arm Chairs, Recliners & Sleeper Chairs"
53199247,"Furniture > Chairs > Arm Chairs, Recliners & Sleeper Chairs"
53199250,"Furniture > Chairs > Arm Chairs, Recliners & Sleeper Chairs"
53199286,"Furniture > Chairs > Arm Chairs, Recliners & Sleeper Chairs"
53199288,"Furniture > Chairs > Arm Chairs, Recliners & Sleeper Chairs"
53199289,"Furniture > Chairs > Arm Chairs, Recliners & Sleeper Chairs"
53199290,"Furniture > Chairs > Arm Chairs, Recliners & Sleeper Chairs"
53199292,"Furniture > Chairs > Arm Chairs, Recliners & Sleeper Chairs"
53199295,"Furniture > Chairs > Arm Chairs, Recliners & Sleeper Chairs"
53199297,"Furniture > Chairs > Arm Chairs, Recliners & Sleeper Chairs"
53199304,"Furniture > Chairs > Arm Chairs, Recliners & Sleeper Chairs"
53200713,"Furniture > Chairs > Arm Chairs, Recliners & Sleeper Chairs"
53200727,"Furniture > Chairs > Arm Chairs, Recliners & Sleeper Chairs"
53200729,"Furniture > Chairs > Arm Chairs, Recliners & Sleeper Chairs"
53200743,"Furniture > Chairs > Arm Chairs, Recliners & Sleeper Chairs"
53200755,"Furniture > Chairs > Arm Chairs, Recliners & Sleeper Chairs"
53200758,"Furniture > Chairs > Arm Chairs, Recliners & Sleeper Chairs"
53201045,"Furniture > Chairs > Arm Chairs, Recliners & Sleeper Chairs"
53201309,"Furniture > Chairs > Arm Chairs, Recliners & Sleeper Chairs"
53201525,"Furniture > Chairs > Arm Chairs, Recliners & Sleeper Chairs"
53201541,"Furniture > Chairs > Arm Chairs, Recliners & Sleeper Chairs"
53201621,"Furniture > Chairs > Arm Chairs, Recliners & Sleeper Chairs"
53201633,"Furniture > Chairs > Arm Chairs, Recliners & Sleeper Chairs"
53201635,"Furniture > Chairs > Arm Chairs, Recliners & Sleeper Chairs"
53201651,"Furniture > Chairs > Arm Chairs, Recliners & Sleeper Chairs"
53201652,"Furniture > Chairs > Arm Chairs, Recliners & Sleeper Chairs"
53201653,"Furniture > Chairs > Arm Chairs, Recliners & Sleeper Chairs"
53201659,"Furniture > Chairs > Arm Chairs, Recliners & Sleeper Chairs"
53201660,"Furniture > Chairs > Arm Chairs, Recliners & Sleeper Chairs"
53201661,"Furniture > Chairs > Arm Chairs, Recliners & Sleeper Chairs"
53201662,"Furniture > Chairs > Arm Chairs, Recliners & Sleeper Chairs"
53201668,"Furniture > Chairs > Arm Chairs, Recliners & Sleeper Chairs"
53201669,"Furniture > Chairs > Arm Chairs, Recliners & Sleeper Chairs"
53201671,"Furniture > Chairs > Arm Chairs, Recliners & Sleeper Chairs"
53201693,"Furniture > Chairs > Arm Chairs, Recliners & Sleeper Chairs"
53201694,"Furniture > Chairs > Arm Chairs, Recliners & Sleeper Chairs"
53201704,"Furniture > Chairs > Arm Chairs, Recliners & Sleeper Chairs"
53201705,"Furniture > Chairs > Arm Chairs, Recliners & Sleeper Chairs"
53201706,"Furniture > Chairs > Arm Chairs, Recliners & Sleeper Chairs"
53201707,"Furniture > Chairs > Arm Chairs, Recliners & Sleeper Chairs"
53201708,"Furniture > Chairs > Arm Chairs, Recliners & Sleeper Chairs"
53201709,"Furniture > Chairs > Arm Chairs, Recliners & Sleeper Chairs"
53201776,"Furniture > Chairs > Arm Chairs, Recliners & Sleeper Chairs"
53201798,"Furniture > Chairs > Arm Chairs, Recliners & Sleeper Chairs"
53201804,"Furniture > Chairs > Arm Chairs, Recliners & Sleeper Chairs"
53201805,"Furniture > Chairs > Arm Chairs, Recliners & Sleeper Chairs"
53201806,"Furniture > Chairs > Arm Chairs, Recliners & Sleeper Chairs"
53201807,"Furniture > Chairs > Arm Chairs, Recliners & Sleeper Chairs"
53201808,"Furniture > Chairs > Arm Chairs, Recliners & Sleeper Chairs"
53201824,"Furniture > Chairs > Arm Chairs, Recliners & Sleeper Chairs"
53201837,"Furniture > Chairs > Arm Chairs, Recliners & Sleeper Chairs"
53201838,"Furniture > Chairs > Arm Chairs, Recliners & Sleeper Chairs"
53201839,"Furniture > Chairs > Arm Chairs, Recliners & Sleeper Chairs"
53201840,"Furniture > Chairs > Arm Chairs, Recliners & Sleeper Chairs"
53201844,"Furniture > Chairs > Arm Chairs, Recliners & Sleeper Chairs"
53240723,"Furniture > Chairs > Arm Chairs, Recliners & Sleeper Chairs"
53240724,"Furniture > Chairs > Arm Chairs, Recliners & Sleeper Chairs"
53240732,"Furniture > Chairs > Arm Chairs, Recliners & Sleeper Chairs"
53240770,"Furniture > Chairs > Arm Chairs, Recliners & Sleeper Chairs"
53240780,"Furniture > Chairs > Arm Chairs, Recliners & Sleeper Chairs"
53240782,"Furniture > Chairs > Arm Chairs, Recliners & Sleeper Chairs"
53240796,"Furniture > Chairs > Arm Chairs, Recliners & Sleeper Chairs"
53240847,"Furniture > Chairs > Arm Chairs, Recliners & Sleeper Chairs"
53240849,"Furniture > Chairs > Arm Chairs, Recliners & Sleeper Chairs"
53240850,"Furniture > Chairs > Arm Chairs, Recliners & Sleeper Chairs"
53240851,"Furniture > Chairs > Arm Chairs, Recliners & Sleeper Chairs"
53240866,"Furniture > Chairs > Arm Chairs, Recliners & Sleeper Chairs"
53240867,"Furniture > Chairs > Arm Chairs, Recliners & Sleeper Chairs"
53240868,"Furniture > Chairs > Arm Chairs, Recliners & Sleeper Chairs"
53240878,"Furniture > Chairs > Arm Chairs, Recliners & Sleeper Chairs"
53240879,"Furniture > Chairs > Arm Chairs, Recliners & Sleeper Chairs"
53240884,"Furniture > Chairs > Arm Chairs, Recliners & Sleeper Chairs"
53240885,"Furniture > Chairs > Arm Chairs, Recliners & Sleeper Chairs"
53240886,"Furniture > Chairs > Arm Chairs, Recliners & Sleeper Chairs"
53240893,"Furniture > Chairs > Arm Chairs, Recliners & Sleeper Chairs"
53240902,"Furniture > Chairs > Arm Chairs, Recliners & Sleeper Chairs"
53240903,"Furniture > Chairs > Arm Chairs, Recliners & Sleeper Chairs"
53240990,"Furniture > Chairs > Arm Chairs, Recliners & Sleeper Chairs"
53240991,"Furniture > Chairs > Arm Chairs, Recliners & Sleeper Chairs"
53240992,"Furniture > Chairs > Arm Chairs, Recliners & Sleeper Chairs"
53240993,"Furniture > Chairs > Arm Chairs, Recliners & Sleeper Chairs"
53240995,"Furniture > Chairs > Arm Chairs, Recliners & Sleeper Chairs"
53240996,"Furniture > Chairs > Arm Chairs, Recliners & Sleeper Chairs"
53241015,"Furniture > Chairs > Arm Chairs, Recliners & Sleeper Chairs"
53241016,"Furniture > Chairs > Arm Chairs, Recliners & Sleeper Chairs"
53241020,"Furniture > Chairs > Arm Chairs, Recliners & Sleeper Chairs"
53241023,"Furniture > Chairs > Arm Chairs, Recliners & Sleeper Chairs"
53241039,"Furniture > Chairs > Arm Chairs, Recliners & Sleeper Chairs"
53241045,"Furniture > Chairs > Arm Chairs, Recliners & Sleeper Chairs"
53241046,"Furniture > Chairs > Arm Chairs, Recliners & Sleeper Chairs"
53241047,"Furniture > Chairs > Arm Chairs, Recliners & Sleeper Chairs"
53241051,"Furniture > Chairs > Arm Chairs, Recliners & Sleeper Chairs"
53241052,"Furniture > Chairs > Arm Chairs, Recliners & Sleeper Chairs"
53241451,"Furniture > Chairs > Arm Chairs, Recliners & Sleeper Chairs"
53241452,"Furniture > Chairs > Arm Chairs, Recliners & Sleeper Chairs"
53241453,"Furniture > Chairs > Arm Chairs, Recliners & Sleeper Chairs"
53241454,"Furniture > Chairs > Arm Chairs, Recliners & Sleeper Chairs"
53241461,"Furniture > Chairs > Arm Chairs, Recliners & Sleeper Chairs"
53241462,"Furniture > Chairs > Arm Chairs, Recliners & Sleeper Chairs"
53241463,"Furniture > Chairs > Arm Chairs, Recliners & Sleeper Chairs"
53241481,"Furniture > Chairs > Arm Chairs, Recliners & Sleeper Chairs"
53241506,"Furniture > Chairs > Arm Chairs, Recliners & Sleeper Chairs"
53241510,"Furniture > Chairs > Arm Chairs, Recliners & Sleeper Chairs"
53241512,"Furniture > Chairs > Arm Chairs, Recliners & Sleeper Chairs"
53241513,"Furniture > Chairs > Arm Chairs, Recliners & Sleeper Chairs"
53241623,"Furniture > Chairs > Arm Chairs, Recliners & Sleeper Chairs"
53241625,"Furniture > Chairs > Arm Chairs, Recliners & Sleeper Chairs"
53241629,"Furniture > Chairs > Arm Chairs, Recliners & Sleeper Chairs"
53241639,"Furniture > Chairs > Arm Chairs, Recliners & Sleeper Chairs"
53241640,"Furniture > Chairs > Arm Chairs, Recliners & Sleeper Chairs"
53241641,"Furniture > Chairs > Arm Chairs, Recliners & Sleeper Chairs"
53241642,"Furniture > Chairs > Arm Chairs, Recliners & Sleeper Chairs"
53241643,"Furniture > Chairs > Arm Chairs, Recliners & Sleeper Chairs"
53241654,"Furniture > Chairs > Arm Chairs, Recliners & Sleeper Chairs"
53241655,"Furniture > Chairs > Arm Chairs, Recliners & Sleeper Chairs"
53241657,"Furniture > Chairs > Arm Chairs, Recliners & Sleeper Chairs"
53241658,"Furniture > Chairs > Arm Chairs, Recliners & Sleeper Chairs"
53241660,"Furniture > Chairs > Arm Chairs, Recliners & Sleeper Chairs"
53241703,"Furniture > Chairs > Arm Chairs, Recliners & Sleeper Chairs"
53241714,"Furniture > Chairs > Arm Chairs, Recliners & Sleeper Chairs"
53241717,"Furniture > Chairs > Arm Chairs, Recliners & Sleeper Chairs"
53241728,"Furniture > Chairs > Arm Chairs, Recliners & Sleeper Chairs"
53241830,"Furniture > Chairs > Arm Chairs, Recliners & Sleeper Chairs"
53241849,"Furniture > Chairs > Arm Chairs, Recliners & Sleeper Chairs"
53241852,"Furniture > Chairs > Arm Chairs, Recliners & Sleeper Chairs"
53241853,"Furniture > Chairs > Arm Chairs, Recliners & Sleeper Chairs"
53241854,"Furniture > Chairs > Arm Chairs, Recliners & Sleeper Chairs"
53241860,"Furniture > Chairs > Arm Chairs, Recliners & Sleeper Chairs"
53241869,"Furniture > Chairs > Arm Chairs, Recliners & Sleeper Chairs"
53254055,"Furniture > Chairs > Arm Chairs, Recliners & Sleeper Chairs"
53254102,"Furniture > Chairs > Arm Chairs, Recliners & Sleeper Chairs"
53254103,"Furniture > Chairs > Arm Chairs, Recliners & Sleeper Chairs"
53254117,"Furniture > Chairs > Arm Chairs, Recliners & Sleeper Chairs"
53255064,"Furniture > Chairs > Arm Chairs, Recliners & Sleeper Chairs"
53256549,"Furniture > Chairs > Arm Chairs, Recliners & Sleeper Chairs"
53257117,"Furniture > Chairs > Arm Chairs, Recliners & Sleeper Chairs"
53257174,"Furniture > Chairs > Arm Chairs, Recliners & Sleeper Chairs"
53257175,"Furniture > Chairs > Arm Chairs, Recliners & Sleeper Chairs"
53257186,"Furniture > Chairs > Arm Chairs, Recliners & Sleeper Chairs"
53257191,"Furniture > Chairs > Arm Chairs, Recliners & Sleeper Chairs"
53257193,"Furniture > Chairs > Arm Chairs, Recliners & Sleeper Chairs"
53257198,"Furniture > Chairs > Arm Chairs, Recliners & Sleeper Chairs"
53258391,"Furniture > Chairs > Arm Chairs, Recliners & Sleeper Chairs"
53258423,"Furniture > Chairs > Arm Chairs, Recliners & Sleeper Chairs"
53258480,"Furniture > Chairs > Arm Chairs, Recliners & Sleeper Chairs"
53258481,"Furniture > Chairs > Arm Chairs, Recliners & Sleeper Chairs"
53258483,"Furniture > Chairs > Arm Chairs, Recliners & Sleeper Chairs"
53258484,"Furniture > Chairs > Arm Chairs, Recliners & Sleeper Chairs"
53258529,"Furniture > Chairs > Arm Chairs, Recliners & Sleeper Chairs"
53258673,"Furniture > Chairs > Arm Chairs, Recliners & Sleeper Chairs"
53258700,"Furniture > Chairs > Arm Chairs, Recliners & Sleeper Chairs"
53258702,"Furniture > Chairs > Arm Chairs, Recliners & Sleeper Chairs"
53258893,"Furniture > Chairs > Arm Chairs, Recliners & Sleeper Chairs"
53258930,"Furniture > Chairs > Arm Chairs, Recliners & Sleeper Chairs"
53258935,"Furniture > Chairs > Arm Chairs, Recliners & Sleeper Chairs"
53258937,"Furniture > Chairs > Arm Chairs, Recliners & Sleeper Chairs"
53258939,"Furniture > Chairs > Arm Chairs, Recliners & Sleeper Chairs"
53258943,"Furniture > Chairs > Arm Chairs, Recliners & Sleeper Chairs"
53258988,"Furniture > Chairs > Arm Chairs, Recliners & Sleeper Chairs"
53258990,"Furniture > Chairs > Arm Chairs, Recliners & Sleeper Chairs"
53259320,"Furniture > Chairs > Arm Chairs, Recliners & Sleeper Chairs"
53259329,"Furniture > Chairs > Arm Chairs, Recliners & Sleeper Chairs"
53259335,"Furniture > Chairs > Arm Chairs, Recliners & Sleeper Chairs"
53259336,"Furniture > Chairs > Arm Chairs, Recliners & Sleeper Chairs"
53259338,"Furniture > Chairs > Arm Chairs, Recliners & Sleeper Chairs"
53259343,"Furniture > Chairs > Arm Chairs, Recliners & Sleeper Chairs"
53259345,"Furniture > Chairs > Arm Chairs, Recliners & Sleeper Chairs"
53260164,"Furniture > Chairs > Arm Chairs, Recliners & Sleeper Chairs"
53263434,"Furniture > Chairs > Arm Chairs, Recliners & Sleeper Chairs"
53263603,"Furniture > Chairs > Arm Chairs, Recliners & Sleeper Chairs"
53263749,"Furniture > Chairs > Arm Chairs, Recliners & Sleeper Chairs"
53263840,"Furniture > Chairs > Arm Chairs, Recliners & Sleeper Chairs"
53263919,"Furniture > Chairs > Arm Chairs, Recliners & Sleeper Chairs"
53263927,"Furniture > Chairs > Arm Chairs, Recliners & Sleeper Chairs"
53263929,"Furniture > Chairs > Arm Chairs, Recliners & Sleeper Chairs"
53263930,"Furniture > Chairs > Arm Chairs, Recliners & Sleeper Chairs"
53263931,"Furniture > Chairs > Arm Chairs, Recliners & Sleeper Chairs"
53263936,"Furniture > Chairs > Arm Chairs, Recliners & Sleeper Chairs"
53263937,"Furniture > Chairs > Arm Chairs, Recliners & Sleeper Chairs"
53264003,"Furniture > Chairs > Arm Chairs, Recliners & Sleeper Chairs"
53264033,"Furniture > Chairs > Arm Chairs, Recliners & Sleeper Chairs"
53264036,"Furniture > Chairs > Arm Chairs, Recliners & Sleeper Chairs"
53264352,"Furniture > Chairs > Arm Chairs, Recliners & Sleeper Chairs"
53264574,"Furniture > Chairs > Arm Chairs, Recliners & Sleeper Chairs"
53264575,"Furniture > Chairs > Arm Chairs, Recliners & Sleeper Chairs"
53264584,"Furniture > Chairs > Arm Chairs, Recliners & Sleeper Chairs"
53264586,"Furniture > Chairs > Arm Chairs, Recliners & Sleeper Chairs"
53264696,"Furniture > Chairs > Arm Chairs, Recliners & Sleeper Chairs"
53264697,"Furniture > Chairs > Arm Chairs, Recliners & Sleeper Chairs"
53264735,"Furniture > Chairs > Arm Chairs, Recliners & Sleeper Chairs"
53264736,"Furniture > Chairs > Arm Chairs, Recliners & Sleeper Chairs"
53264738,"Furniture > Chairs > Arm Chairs, Recliners & Sleeper Chairs"
53264740,"Furniture > Chairs > Arm Chairs, Recliners & Sleeper Chairs"
53264781,"Furniture > Chairs > Arm Chairs, Recliners & Sleeper Chairs"
53264783,"Furniture > Chairs > Arm Chairs, Recliners & Sleeper Chairs"
53264784,"Furniture > Chairs > Arm Chairs, Recliners & Sleeper Chairs"
53264785,"Furniture > Chairs > Arm Chairs, Recliners & Sleeper Chairs"
53264794,"Furniture > Chairs > Arm Chairs, Recliners & Sleeper Chairs"
53264795,"Furniture > Chairs > Arm Chairs, Recliners & Sleeper Chairs"
53264797,"Furniture > Chairs > Arm Chairs, Recliners & Sleeper Chairs"
53264798,"Furniture > Chairs > Arm Chairs, Recliners & Sleeper Chairs"
53264799,"Furniture > Chairs > Arm Chairs, Recliners & Sleeper Chairs"
53264800,"Furniture > Chairs > Arm Chairs, Recliners & Sleeper Chairs"
53264870,"Furniture > Chairs > Arm Chairs, Recliners & Sleeper Chairs"
53383098,"Furniture > Chairs > Arm Chairs, Recliners & Sleeper Chairs"
53383359,"Furniture > Chairs > Arm Chairs, Recliners & Sleeper Chairs"
53383378,"Furniture > Chairs > Arm Chairs, Recliners & Sleeper Chairs"
53383380,"Furniture > Chairs > Arm Chairs, Recliners & Sleeper Chairs"
53383450,"Furniture > Chairs > Arm Chairs, Recliners & Sleeper Chairs"
53383453,"Furniture > Chairs > Arm Chairs, Recliners & Sleeper Chairs"
53383457,"Furniture > Chairs > Arm Chairs, Recliners & Sleeper Chairs"
53383458,"Furniture > Chairs > Arm Chairs, Recliners & Sleeper Chairs"
53383503,"Furniture > Chairs > Arm Chairs, Recliners & Sleeper Chairs"
53385275,"Furniture > Chairs > Arm Chairs, Recliners & Sleeper Chairs"
53391248,"Furniture > Chairs > Arm Chairs, Recliners & Sleeper Chairs"
53391259,"Furniture > Chairs > Arm Chairs, Recliners & Sleeper Chairs"
53391313,"Furniture > Chairs > Arm Chairs, Recliners & Sleeper Chairs"
53391315,"Furniture > Chairs > Arm Chairs, Recliners & Sleeper Chairs"
53391316,"Furniture > Chairs > Arm Chairs, Recliners & Sleeper Chairs"
53391331,"Furniture > Chairs > Arm Chairs, Recliners & Sleeper Chairs"
53391395,"Furniture > Chairs > Arm Chairs, Recliners & Sleeper Chairs"
53391397,"Furniture > Chairs > Arm Chairs, Recliners & Sleeper Chairs"
53391398,"Furniture > Chairs > Arm Chairs, Recliners & Sleeper Chairs"
53391401,"Furniture > Chairs > Arm Chairs, Recliners & Sleeper Chairs"
53391411,"Furniture > Chairs > Arm Chairs, Recliners & Sleeper Chairs"
53392009,"Furniture > Chairs > Arm Chairs, Recliners & Sleeper Chairs"
53392013,"Furniture > Chairs > Arm Chairs, Recliners & Sleeper Chairs"
53392070,"Furniture > Chairs > Arm Chairs, Recliners & Sleeper Chairs"
53392075,"Furniture > Chairs > Arm Chairs, Recliners & Sleeper Chairs"
53393675,"Furniture > Chairs > Arm Chairs, Recliners & Sleeper Chairs"
53393695,"Furniture > Chairs > Arm Chairs, Recliners & Sleeper Chairs"
53393697,"Furniture > Chairs > Arm Chairs, Recliners & Sleeper Chairs"
53393872,"Furniture > Chairs > Arm Chairs, Recliners & Sleeper Chairs"
53397482,"Furniture > Chairs > Arm Chairs, Recliners & Sleeper Chairs"
53397512,"Furniture > Chairs > Arm Chairs, Recliners & Sleeper Chairs"
53397602,"Furniture > Chairs > Arm Chairs, Recliners & Sleeper Chairs"
53397614,"Furniture > Chairs > Arm Chairs, Recliners & Sleeper Chairs"
53397615,"Furniture > Chairs > Arm Chairs, Recliners & Sleeper Chairs"
53397622,"Furniture > Chairs > Arm Chairs, Recliners & Sleeper Chairs"
53397641,"Furniture > Chairs > Arm Chairs, Recliners & Sleeper Chairs"
53397643,"Furniture > Chairs > Arm Chairs, Recliners & Sleeper Chairs"
53397645,"Furniture > Chairs > Arm Chairs, Recliners & Sleeper Chairs"
53397931,"Furniture > Chairs > Arm Chairs, Recliners & Sleeper Chairs"
53397935,"Furniture > Chairs > Arm Chairs, Recliners & Sleeper Chairs"
53398006,"Furniture > Chairs > Arm Chairs, Recliners & Sleeper Chairs"
53398041,"Furniture > Chairs > Arm Chairs, Recliners & Sleeper Chairs"
53399322,"Furniture > Chairs > Arm Chairs, Recliners & Sleeper Chairs"
53399626,"Furniture > Chairs > Arm Chairs, Recliners & Sleeper Chairs"
53399674,"Furniture > Chairs > Arm Chairs, Recliners & Sleeper Chairs"
53399746,"Furniture > Chairs > Arm Chairs, Recliners & Sleeper Chairs"
53400006,"Furniture > Chairs > Arm Chairs, Recliners & Sleeper Chairs"
53400031,"Furniture > Chairs > Arm Chairs, Recliners & Sleeper Chairs"
53400041,"Furniture > Chairs > Arm Chairs, Recliners & Sleeper Chairs"
53400142,"Furniture > Chairs > Arm Chairs, Recliners & Sleeper Chairs"
53400144,"Furniture > Chairs > Arm Chairs, Recliners & Sleeper Chairs"
53400145,"Furniture > Chairs > Arm Chairs, Recliners & Sleeper Chairs"
53400148,"Furniture > Chairs > Arm Chairs, Recliners & Sleeper Chairs"
53400149,"Furniture > Chairs > Arm Chairs, Recliners & Sleeper Chairs"
53400153,"Furniture > Chairs > Arm Chairs, Recliners & Sleeper Chairs"
53400156,"Furniture > Chairs > Arm Chairs, Recliners & Sleeper Chairs"
53400204,"Furniture > Chairs > Arm Chairs, Recliners & Sleeper Chairs"
53400278,"Furniture > Chairs > Arm Chairs, Recliners & Sleeper Chairs"
53400287,"Furniture > Chairs > Arm Chairs, Recliners & Sleeper Chairs"
53400295,"Furniture > Chairs > Arm Chairs, Recliners & Sleeper Chairs"
53400297,"Furniture > Chairs > Arm Chairs, Recliners & Sleeper Chairs"
53400298,"Furniture > Chairs > Arm Chairs, Recliners & Sleeper Chairs"
53400299,"Furniture > Chairs > Arm Chairs, Recliners & Sleeper Chairs"
53400300,"Furniture > Chairs > Arm Chairs, Recliners & Sleeper Chairs"
53400340,"Furniture > Chairs > Arm Chairs, Recliners & Sleeper Chairs"
53400343,"Furniture > Chairs > Arm Chairs, Recliners & Sleeper Chairs"
53400346,"Furniture > Chairs > Arm Chairs, Recliners & Sleeper Chairs"
53400355,"Furniture > Chairs > Arm Chairs, Recliners & Sleeper Chairs"
53400360,"Furniture > Chairs > Arm Chairs, Recliners & Sleeper Chairs"
53400361,"Furniture > Chairs > Arm Chairs, Recliners & Sleeper Chairs"
53400380,"Furniture > Chairs > Arm Chairs, Recliners & Sleeper Chairs"
53400381,"Furniture > Chairs > Arm Chairs, Recliners & Sleeper Chairs"
53400382,"Furniture > Chairs > Arm Chairs, Recliners & Sleeper Chairs"
53400384,"Furniture > Chairs > Arm Chairs, Recliners & Sleeper Chairs"
53400424,"Furniture > Chairs > Arm Chairs, Recliners & Sleeper Chairs"
53400426,"Furniture > Chairs > Arm Chairs, Recliners & Sleeper Chairs"
53402571,"Furniture > Chairs > Arm Chairs, Recliners & Sleeper Chairs"
53402617,"Furniture > Chairs > Arm Chairs, Recliners & Sleeper Chairs"
53402618,"Furniture > Chairs > Arm Chairs, Recliners & Sleeper Chairs"
53402646,"Furniture > Chairs > Arm Chairs, Recliners & Sleeper Chairs"
53402647,"Furniture > Chairs > Arm Chairs, Recliners & Sleeper Chairs"
53402649,"Furniture > Chairs > Arm Chairs, Recliners & Sleeper Chairs"
53402652,"Furniture > Chairs > Arm Chairs, Recliners & Sleeper Chairs"
53402695,"Furniture > Chairs > Arm Chairs, Recliners & Sleeper Chairs"
53402696,"Furniture > Chairs > Arm Chairs, Recliners & Sleeper Chairs"
53402706,"Furniture > Chairs > Arm Chairs, Recliners & Sleeper Chairs"
53402752,"Furniture > Chairs > Arm Chairs, Recliners & Sleeper Chairs"
53402754,"Furniture > Chairs > Arm Chairs, Recliners & Sleeper Chairs"
53402756,"Furniture > Chairs > Arm Chairs, Recliners & Sleeper Chairs"
53402776,"Furniture > Chairs > Arm Chairs, Recliners & Sleeper Chairs"
53402778,"Furniture > Chairs > Arm Chairs, Recliners & Sleeper Chairs"
53402780,"Furniture > Chairs > Arm Chairs, Recliners & Sleeper Chairs"
53402811,"Furniture > Chairs > Arm Chairs, Recliners & Sleeper Chairs"
53402817,"Furniture > Chairs > Arm Chairs, Recliners & Sleeper Chairs"
53402818,"Furniture > Chairs > Arm Chairs, Recliners & Sleeper Chairs"
53403115,"Furniture > Chairs > Arm Chairs, Recliners & Sleeper Chairs"
53403470,"Furniture > Chairs > Arm Chairs, Recliners & Sleeper Chairs"
53403471,"Furniture > Chairs > Arm Chairs, Recliners & Sleeper Chairs"
53403474,"Furniture > Chairs > Arm Chairs, Recliners & Sleeper Chairs"
53403478,"Furniture > Chairs > Arm Chairs, Recliners & Sleeper Chairs"
53403489,"Furniture > Chairs > Arm Chairs, Recliners & Sleeper Chairs"
53403490,"Furniture > Chairs > Arm Chairs, Recliners & Sleeper Chairs"
53403491,"Furniture > Chairs > Arm Chairs, Recliners & Sleeper Chairs"
53403517,"Furniture > Chairs > Arm Chairs, Recliners & Sleeper Chairs"
53403758,"Furniture > Chairs > Arm Chairs, Recliners & Sleeper Chairs"
53404096,"Furniture > Chairs > Arm Chairs, Recliners & Sleeper Chairs"
53404108,"Furniture > Chairs > Arm Chairs, Recliners & Sleeper Chairs"
53404179,"Furniture > Chairs > Arm Chairs, Recliners & Sleeper Chairs"
53404180,"Furniture > Chairs > Arm Chairs, Recliners & Sleeper Chairs"
53404188,"Furniture > Chairs > Arm Chairs, Recliners & Sleeper Chairs"
53404190,"Furniture > Chairs > Arm Chairs, Recliners & Sleeper Chairs"
53404191,"Furniture > Chairs > Arm Chairs, Recliners & Sleeper Chairs"
53404192,"Furniture > Chairs > Arm Chairs, Recliners & Sleeper Chairs"
53404196,"Furniture > Chairs > Arm Chairs, Recliners & Sleeper Chairs"
53413496,Furniture > Benches
53413546,Furniture > Benches
53413547,Furniture > Benches
53413575,Furniture > Benches
53413601,Furniture > Benches
53413608,Furniture > Benches
53413770,Furniture > Benches
53413772,Furniture > Benches
53413773,Furniture > Benches
53413777,Furniture > Benches
53413778,Furniture > Benches
53414473,Furniture > Benches
53414522,Furniture > Benches
53414939,Furniture > Benches
53415688,Furniture > Benches
53415725,Furniture > Benches
53416019,Furniture > Benches
53416094,Furniture > Benches
53416108,Furniture > Benches
53416222,Furniture > Benches
53416224,Furniture > Benches
53416226,Furniture > Benches
53416246,Furniture > Benches
53416247,Furniture > Benches
53416270,Furniture > Benches
53416548,Furniture > Benches
53416549,Furniture > Benches
53416555,Furniture > Benches
53416556,Furniture > Benches
53416557,Furniture > Benches
53416559,Furniture > Benches
53416565,Furniture > Benches
53416566,Furniture > Benches
53416567,Furniture > Benches
53416569,Furniture > Benches
53416570,Furniture > Benches
53416571,Furniture > Benches
53416698,Furniture > Benches
53416730,Furniture > Benches
53416731,Furniture > Benches
53416761,Furniture > Benches
53416762,Furniture > Benches
53416763,Furniture > Benches
53416766,Furniture > Benches
53416769,Furniture > Benches
53416770,Furniture > Benches
53416804,Furniture > Benches
53416874,Furniture > Benches
53416901,Furniture > Benches
53416912,Furniture > Benches
53416913,Furniture > Benches
53416918,Furniture > Benches
53416920,Furniture > Benches
53416929,Furniture > Benches
53416972,Furniture > Benches
53416973,Furniture > Benches
53416974,Furniture > Benches
53417552,Furniture > Benches
53417554,Furniture > Benches
53417602,Furniture > Benches
53417673,Furniture > Benches
53417674,Furniture > Benches
53417675,Furniture > Benches
53417676,Furniture > Benches
53417678,Furniture > Benches
53417684,Furniture > Benches
53417695,Furniture > Benches
53417696,Furniture > Benches
53417697,Furniture > Benches
53417698,Furniture > Benches
53417699,Furniture > Benches
53417713,Furniture > Benches
53417720,Furniture > Benches
53417725,Furniture > Benches
53417726,Furniture > Benches
53417939,Furniture > Tables > Accent Tables > Coffee Tables
54922268,Furniture > Tables
55203290,"Furniture > Chairs > Arm Chairs, Recliners & Sleeper Chairs"
55211709,"Furniture > Chairs > Arm Chairs, Recliners & Sleeper Chairs"
55211710,"Furniture > Chairs > Arm Chairs, Recliners & Sleeper Chairs"
55211717,"Furniture > Chairs > Arm Chairs, Recliners & Sleeper Chairs"
55211738,"Furniture > Chairs > Arm Chairs, Recliners & Sleeper Chairs"
55212141,"Furniture > Chairs > Arm Chairs, Recliners & Sleeper Chairs"
55212145,"Furniture > Chairs > Arm Chairs, Recliners & Sleeper Chairs"
55212893,"Furniture > Chairs > Arm Chairs, Recliners & Sleeper Chairs"
55212898,"Furniture > Chairs > Arm Chairs, Recliners & Sleeper Chairs"
55212899,"Furniture > Chairs > Arm Chairs, Recliners & Sleeper Chairs"
55212907,"Furniture > Chairs > Arm Chairs, Recliners & Sleeper Chairs"
55212924,"Furniture > Chairs > Arm Chairs, Recliners & Sleeper Chairs"
55213676,"Furniture > Chairs > Arm Chairs, Recliners & Sleeper Chairs"
55213678,"Furniture > Chairs > Arm Chairs, Recliners & Sleeper Chairs"
55213679,"Furniture > Chairs > Arm Chairs, Recliners & Sleeper Chairs"
55213809,"Furniture > Chairs > Arm Chairs, Recliners & Sleeper Chairs"
55213814,"Furniture > Chairs > Arm Chairs, Recliners & Sleeper Chairs"
55213815,"Furniture > Chairs > Arm Chairs, Recliners & Sleeper Chairs"
55214068,"Furniture > Chairs > Arm Chairs, Recliners & Sleeper Chairs"
55214080,"Furniture > Chairs > Arm Chairs, Recliners & Sleeper Chairs"
55214086,"Furniture > Chairs > Arm Chairs, Recliners & Sleeper Chairs"
55214089,"Furniture > Chairs > Arm Chairs, Recliners & Sleeper Chairs"
55214093,"Furniture > Chairs > Arm Chairs, Recliners & Sleeper Chairs"
55214100,"Furniture > Chairs > Arm Chairs, Recliners & Sleeper Chairs"
55214102,"Furniture > Chairs > Arm Chairs, Recliners & Sleeper Chairs"
55214103,"Furniture > Chairs > Arm Chairs, Recliners & Sleeper Chairs"
55214104,"Furniture > Chairs > Arm Chairs, Recliners & Sleeper Chairs"
55214107,"Furniture > Chairs > Arm Chairs, Recliners & Sleeper Chairs"
55214167,"Furniture > Chairs > Arm Chairs, Recliners & Sleeper Chairs"
55214168,"Furniture > Chairs > Arm Chairs, Recliners & Sleeper Chairs"
55216349,"Furniture > Chairs > Arm Chairs, Recliners & Sleeper Chairs"
55216361,"Furniture > Chairs > Arm Chairs, Recliners & Sleeper Chairs"
55216365,"Furniture > Chairs > Arm Chairs, Recliners & Sleeper Chairs"
55216370,"Furniture > Chairs > Arm Chairs, Recliners & Sleeper Chairs"
55216371,"Furniture > Chairs > Arm Chairs, Recliners & Sleeper Chairs"
55216392,"Furniture > Chairs > Arm Chairs, Recliners & Sleeper Chairs"
55216393,"Furniture > Chairs > Arm Chairs, Recliners & Sleeper Chairs"
55216394,"Furniture > Chairs > Arm Chairs, Recliners & Sleeper Chairs"
55216396,"Furniture > Chairs > Arm Chairs, Recliners & Sleeper Chairs"
55216398,"Furniture > Chairs > Arm Chairs, Recliners & Sleeper Chairs"
55216405,"Furniture > Chairs > Arm Chairs, Recliners & Sleeper Chairs"
55216416,"Furniture > Chairs > Arm Chairs, Recliners & Sleeper Chairs"
55216418,"Furniture > Chairs > Arm Chairs, Recliners & Sleeper Chairs"
55216419,"Furniture > Chairs > Arm Chairs, Recliners & Sleeper Chairs"
55216421,"Furniture > Chairs > Arm Chairs, Recliners & Sleeper Chairs"
55217085,"Furniture > Chairs > Arm Chairs, Recliners & Sleeper Chairs"
55217086,"Furniture > Chairs > Arm Chairs, Recliners & Sleeper Chairs"
55217087,"Furniture > Chairs > Arm Chairs, Recliners & Sleeper Chairs"
55217088,"Furniture > Chairs > Arm Chairs, Recliners & Sleeper Chairs"
55217091,"Furniture > Chairs > Arm Chairs, Recliners & Sleeper Chairs"
55217114,"Furniture > Chairs > Arm Chairs, Recliners & Sleeper Chairs"
55217150,"Furniture > Chairs > Arm Chairs, Recliners & Sleeper Chairs"
55217155,"Furniture > Chairs > Arm Chairs, Recliners & Sleeper Chairs"
55217157,"Furniture > Chairs > Arm Chairs, Recliners & Sleeper Chairs"
55217164,"Furniture > Chairs > Arm Chairs, Recliners & Sleeper Chairs"
55217172,"Furniture > Chairs > Arm Chairs, Recliners & Sleeper Chairs"
55217182,"Furniture > Chairs > Arm Chairs, Recliners & Sleeper Chairs"
55217183,"Furniture > Chairs > Arm Chairs, Recliners & Sleeper Chairs"
55217184,"Furniture > Chairs > Arm Chairs, Recliners & Sleeper Chairs"
55217185,"Furniture > Chairs > Arm Chairs, Recliners & Sleeper Chairs"
55222371,Furniture > Chairs > Kitchen & Dining Room Chairs
55222372,Furniture > Chairs > Kitchen & Dining Room Chairs
55222628,Furniture > Chairs > Kitchen & Dining Room Chairs
55222632,Furniture > Chairs > Kitchen & Dining Room Chairs
55222639,Furniture > Chairs > Kitchen & Dining Room Chairs
55222645,Furniture > Chairs > Kitchen & Dining Room Chairs
55222650,Furniture > Chairs > Kitchen & Dining Room Chairs
55222651,Furniture > Chairs > Kitchen & Dining Room Chairs
55222653,Furniture > Chairs > Kitchen & Dining Room Chairs
55222654,Furniture > Chairs > Kitchen & Dining Room Chairs
55222655,Furniture > Chairs > Kitchen & Dining Room Chairs
55222659,Furniture > Chairs > Kitchen & Dining Room Chairs
55222660,Furniture > Chairs > Kitchen & Dining Room Chairs
55222675,Furniture > Chairs > Kitchen & Dining Room Chairs
55222676,Furniture > Chairs > Kitchen & Dining Room Chairs
55370569,"Furniture > Chairs > Arm Chairs, Recliners & Sleeper Chairs"
55370570,"Furniture > Chairs > Arm Chairs, Recliners & Sleeper Chairs"
55370571,"Furniture > Chairs > Arm Chairs, Recliners & Sleeper Chairs"
55370572,"Furniture > Chairs > Arm Chairs, Recliners & Sleeper Chairs"
55370573,"Furniture > Chairs > Arm Chairs, Recliners & Sleeper Chairs"
55370574,"Furniture > Chairs > Arm Chairs, Recliners & Sleeper Chairs"
55370575,"Furniture > Chairs > Arm Chairs, Recliners & Sleeper Chairs"
55370576,"Furniture > Chairs > Arm Chairs, Recliners & Sleeper Chairs"
55370577,"Furniture > Chairs > Arm Chairs, Recliners & Sleeper Chairs"
55370578,"Furniture > Chairs > Arm Chairs, Recliners & Sleeper Chairs"
55370579,"Furniture > Chairs > Arm Chairs, Recliners & Sleeper Chairs"
55370580,"Furniture > Chairs > Arm Chairs, Recliners & Sleeper Chairs"
55370581,"Furniture > Chairs > Arm Chairs, Recliners & Sleeper Chairs"
55370582,"Furniture > Chairs > Arm Chairs, Recliners & Sleeper Chairs"
55370583,"Furniture > Chairs > Arm Chairs, Recliners & Sleeper Chairs"
55370584,"Furniture > Chairs > Arm Chairs, Recliners & Sleeper Chairs"
55370585,"Furniture > Chairs > Arm Chairs, Recliners & Sleeper Chairs"
55370586,"Furniture > Chairs > Arm Chairs, Recliners & Sleeper Chairs"
55370587,"Furniture > Chairs > Arm Chairs, Recliners & Sleeper Chairs"
55370588,"Furniture > Chairs > Arm Chairs, Recliners & Sleeper Chairs"
55370589,"Furniture > Chairs > Arm Chairs, Recliners & Sleeper Chairs"
55370590,"Furniture > Chairs > Arm Chairs, Recliners & Sleeper Chairs"
55370591,"Furniture > Chairs > Arm Chairs, Recliners & Sleeper Chairs"
55370592,"Furniture > Chairs > Arm Chairs, Recliners & Sleeper Chairs"
55370593,"Furniture > Chairs > Arm Chairs, Recliners & Sleeper Chairs"
55370594,"Furniture > Chairs > Arm Chairs, Recliners & Sleeper Chairs"
55370595,"Furniture > Chairs > Arm Chairs, Recliners & Sleeper Chairs"
55370596,"Furniture > Chairs > Arm Chairs, Recliners & Sleeper Chairs"
55370597,"Furniture > Chairs > Arm Chairs, Recliners & Sleeper Chairs"
55370598,"Furniture > Chairs > Arm Chairs, Recliners & Sleeper Chairs"
55370599,"Furniture > Chairs > Arm Chairs, Recliners & Sleeper Chairs"
55370600,"Furniture > Chairs > Arm Chairs, Recliners & Sleeper Chairs"
55370601,"Furniture > Chairs > Arm Chairs, Recliners & Sleeper Chairs"
55370602,"Furniture > Chairs > Arm Chairs, Recliners & Sleeper Chairs"
55370603,"Furniture > Chairs > Arm Chairs, Recliners & Sleeper Chairs"
55370604,"Furniture > Chairs > Arm Chairs, Recliners & Sleeper Chairs"
55370605,"Furniture > Chairs > Arm Chairs, Recliners & Sleeper Chairs"
55370606,"Furniture > Chairs > Arm Chairs, Recliners & Sleeper Chairs"
55376787,"Furniture > Chairs > Arm Chairs, Recliners & Sleeper Chairs"
55376902,"Furniture > Chairs > Arm Chairs, Recliners & Sleeper Chairs"
55376906,"Furniture > Chairs > Arm Chairs, Recliners & Sleeper Chairs"
55377068,"Furniture > Chairs > Arm Chairs, Recliners & Sleeper Chairs"
55377086,"Furniture > Chairs > Arm Chairs, Recliners & Sleeper Chairs"
55377303,"Furniture > Chairs > Arm Chairs, Recliners & Sleeper Chairs"
55377326,Furniture > Chairs > Kitchen & Dining Room Chairs
55377383,Furniture > Chairs > Kitchen & Dining Room Chairs
56630451,Furniture > Tables > Kitchen & Dining Room Tables
56630484,Furniture > Tables > Kitchen & Dining Room Tables
56630576,Furniture > Tables > Kitchen & Dining Room Tables
56630577,Furniture > Tables > Kitchen & Dining Room Tables
56630591,Furniture > Tables > Kitchen & Dining Room Tables
56630606,Furniture > Tables > Kitchen & Dining Room Tables
56630607,Furniture > Tables > Kitchen & Dining Room Tables
56630614,Furniture > Tables > Kitchen & Dining Room Tables
56630615,Furniture > Tables > Kitchen & Dining Room Tables
56630617,Furniture > Tables > Kitchen & Dining Room Tables
56630726,Furniture > Tables > Kitchen & Dining Room Tables
56630735,Furniture > Tables > Kitchen & Dining Room Tables
56630739,Furniture > Tables > Kitchen & Dining Room Tables
56630753,Furniture > Tables > Kitchen & Dining Room Tables
56630754,Furniture > Tables > Kitchen & Dining Room Tables
56630766,Furniture > Tables > Kitchen & Dining Room Tables
56630776,Furniture > Tables > Kitchen & Dining Room Tables
56630777,Furniture > Tables > Kitchen & Dining Room Tables
56630778,Furniture > Tables > Kitchen & Dining Room Tables
56630779,Furniture > Tables > Kitchen & Dining Room Tables
57751650,Furniture
57751651,Furniture
57751912,Furniture
58154047,Furniture > Sofas
58154093,Furniture > Sofas
58154166,Furniture > Sofas
58154167,Furniture > Sofas
58154201,Furniture > Sofas
58154208,Furniture > Sofas
58154210,Furniture > Sofas
58154291,Furniture > Sofas
58154371,Furniture > Sofas
58154374,Furniture > Sofas
58154382,Furniture > Sofas
58154383,Furniture > Sofas
58154384,Furniture > Sofas
58154385,Furniture > Sofas
58154426,Furniture > Sofas
58154438,Furniture > Sofas
58154439,Furniture > Sofas
58154464,Furniture > Sofas
58156355,Furniture > Sofas
58156953,Furniture > Sofas
58156954,Furniture > Sofas
58156955,Furniture > Sofas
58157155,Furniture > Sofas
58157156,Furniture > Sofas
58157256,Furniture > Sofas
58157282,Furniture > Sofas
58158055,Furniture > Sofas
58158056,Furniture > Sofas
58158104,Furniture > Sofas
58158108,Furniture > Sofas
58158126,Furniture > Sofas
58158572,Furniture > Sofas
58158591,Furniture > Sofas
58161379,Furniture > Sofas
58161384,Furniture > Sofas
58161385,Furniture > Sofas
58161460,Furniture > Sofas
58161463,Furniture > Sofas
58161464,Furniture > Sofas
58161467,Furniture > Sofas
58161470,Furniture > Sofas
58161472,Furniture > Sofas
58161501,Furniture > Sofas
58161503,Furniture > Sofas
58161504,Furniture > Sofas
58161505,Furniture > Sofas
58161507,Furniture > Sofas
58161510,Furniture > Sofas
58161527,Furniture > Sofas
58161548,Furniture > Sofas
58161664,Furniture > Sofas
58161744,Furniture > Sofas
58161750,Furniture > Sofas
58161754,Furniture > Sofas
58162119,Furniture > Sofas
58162126,Furniture > Sofas
58162398,Furniture > Sofas
58162464,Furniture > Sofas
58162558,Furniture > Sofas
58162559,Furniture > Sofas
58162578,Furniture > Sofas
58162594,Furniture > Sofas
58162684,Furniture > Sofas
58162691,Furniture > Sofas
58162834,Furniture > Sofas
58162860,Furniture > Sofas
58162862,Furniture > Sofas
58171592,Furniture > Sofas
58171593,Furniture > Sofas
58171599,Furniture > Sofas
58171617,Furniture > Sofas
58171618,Furniture > Sofas
58171675,Furniture > Sofas
58171677,Furniture > Sofas
58171680,Furniture > Sofas
58171688,Furniture > Sofas
58171689,Furniture > Sofas
58171690,Furniture > Sofas
58171691,Furniture > Sofas
58171692,Furniture > Sofas
58171695,Furniture > Sofas
58171728,Furniture > Sofas
58171730,Furniture > Sofas
58171754,Furniture > Sofas
58171755,Furniture > Sofas
58171756,Furniture > Sofas
58171757,Furniture > Sofas
58171798,Furniture > Sofas
58171960,Furniture > Sofas
58171962,Furniture > Sofas
58172002,Furniture > Sofas
58172038,Furniture > Sofas
58172077,Furniture > Sofas
58172078,Furniture > Sofas
58172079,Furniture > Sofas
58172086,Furniture > Sofas
58172088,Furniture > Sofas
58173950,Furniture > Sofas
58173956,Furniture > Sofas
58173967,Furniture > Sofas
58198841,Furniture > Sofas
58198859,Furniture > Sofas
58199053,Furniture > Sofas
58199056,Furniture > Sofas
58200227,Furniture > Sofas
58200228,Furniture > Sofas
58200238,Furniture > Sofas
58200378,Furniture > Sofas
58200640,Furniture > Sofas
58200642,Furniture > Sofas
58200643,Furniture > Sofas
58200648,Furniture > Sofas
58200649,Furniture > Sofas
58200655,Furniture > Sofas
58200722,Furniture > Sofas
58200869,Furniture > Sofas
58200872,Furniture > Sofas
58200894,Furniture > Sofas
58200895,Furniture > Sofas
58200916,Furniture > Sofas
58200917,Furniture > Sofas
58200992,Furniture > Sofas
58200993,Furniture > Sofas
58201415,Furniture > Sofas
58201663,Furniture > Sofas
58201686,Furniture > Sofas
58201827,Furniture > Sofas
58201828,Furniture > Sofas
58201900,Furniture > Sofas
58201903,Furniture > Sofas
58202263,Furniture > Sofas
58202354,Furniture > Sofas
58202359,Furniture > Sofas
58211549,Furniture > Sofas
58211560,Furniture > Sofas
58211561,Furniture > Sofas
58211562,Furniture > Sofas
58211575,Furniture > Sofas
58211576,Furniture > Sofas
58211577,Furniture > Sofas
58211579,Furniture > Sofas
58211586,Furniture > Sofas
58211666,Furniture > Sofas
58211667,Furniture > Sofas
58211668,Furniture > Sofas
58211673,Furniture > Sofas
58211683,Furniture > Sofas
58212069,Furniture > Sofas
58212361,Furniture > Sofas
58212362,Furniture > Sofas
58212363,Furniture > Sofas
58212369,Furniture > Sofas
58212370,Furniture > Sofas
58212374,Furniture > Sofas
58212375,Furniture > Sofas
58212394,Furniture > Sofas
58212396,Furniture > Sofas
58212491,Furniture > Sofas
58212531,Furniture > Sofas
58212559,Furniture > Sofas
58212639,Furniture > Sofas
58212678,Furniture > Sofas
58212740,Furniture > Sofas
58212745,Furniture > Sofas
58213166,Furniture > Sofas
58213192,Furniture > Sofas
58213237,Furniture > Sofas
58457677,Furniture > Sofas
58457680,Furniture > Sofas
58457682,Furniture > Sofas
58457683,Furniture > Sofas
58457691,Furniture > Sofas
58457698,Furniture > Sofas
58457700,Furniture > Sofas
58457708,Furniture > Sofas
58457737,Furniture > Sofas
58457739,Furniture > Sofas
58457741,Furniture > Sofas
58457743,Furniture > Sofas
58457745,Furniture > Sofas
58457746,Furniture > Sofas
58457751,Furniture > Sofas
58457779,Furniture > Sofas
58457780,Furniture > Sofas
58457850,Furniture > Sofas
58457851,Furniture > Sofas
58457852,Furniture > Sofas
58457853,Furniture > Sofas
58471111,Furniture > Sofas
58472031,Furniture > Sofas
58472332,Furniture > Sofas
58472340,Furniture > Sofas
58472347,Furniture > Sofas
58472348,Furniture > Sofas
58472391,Furniture > Sofas
58472397,Furniture > Sofas
58472400,Furniture > Sofas
58472729,Furniture > Sofas
58472747,Furniture > Sofas
58472751,Furniture > Sofas
58481471,Furniture > Sofas
58481474,Furniture > Sofas
58481475,Furniture > Sofas
58481476,Furniture > Sofas
58481479,Furniture > Sofas
58481480,Furniture > Sofas
58481481,Furniture > Sofas
58481483,Furniture > Sofas
58481485,Furniture > Sofas
58481487,Furniture > Sofas
58481488,Furniture > Sofas
58481489,Furniture > Sofas
58481490,Furniture > Sofas
58481491,Furniture > Sofas
58481494,Furniture > Sofas
58481500,Furniture > Sofas
58481501,Furniture > Sofas
58481505,Furniture > Sofas
58481506,Furniture > Sofas
58481507,Furniture > Sofas
58481508,Furniture > Sofas
58481509,Furniture > Sofas
58481510,Furniture > Sofas
58481525,Furniture > Sofas
58481531,Furniture > Sofas
58481536,Furniture > Sofas
58481537,Furniture > Sofas
58481538,Furniture > Sofas
58481541,Furniture > Sofas
58481543,Furniture > Sofas
58481568,Furniture > Sofas
58481573,Furniture > Sofas
58481575,Furniture > Sofas
58487988,"Furniture > Chairs > Arm Chairs, Recliners & Sleeper Chairs"
58487991,"Furniture > Chairs > Arm Chairs, Recliners & Sleeper Chairs"
58487992,"Furniture > Chairs > Arm Chairs, Recliners & Sleeper Chairs"
58487993,"Furniture > Chairs > Arm Chairs, Recliners & Sleeper Chairs"
58487996,"Furniture > Chairs > Arm Chairs, Recliners & Sleeper Chairs"
58487997,"Furniture > Chairs > Arm Chairs, Recliners & Sleeper Chairs"
58487998,"Furniture > Chairs > Arm Chairs, Recliners & Sleeper Chairs"
58488000,"Furniture > Chairs > Arm Chairs, Recliners & Sleeper Chairs"
58488002,"Furniture > Chairs > Arm Chairs, Recliners & Sleeper Chairs"
58488004,"Furniture > Chairs > Arm Chairs, Recliners & Sleeper Chairs"
58488005,"Furniture > Chairs > Arm Chairs, Recliners & Sleeper Chairs"
58488006,"Furniture > Chairs > Arm Chairs, Recliners & Sleeper Chairs"
58488007,"Furniture > Chairs > Arm Chairs, Recliners & Sleeper Chairs"
58488008,"Furniture > Chairs > Arm Chairs, Recliners & Sleeper Chairs"
58488011,"Furniture > Chairs > Arm Chairs, Recliners & Sleeper Chairs"
58488017,"Furniture > Chairs > Arm Chairs, Recliners & Sleeper Chairs"
58488018,"Furniture > Chairs > Arm Chairs, Recliners & Sleeper Chairs"
58488022,"Furniture > Chairs > Arm Chairs, Recliners & Sleeper Chairs"
58488023,"Furniture > Chairs > Arm Chairs, Recliners & Sleeper Chairs"
58488024,"Furniture > Chairs > Arm Chairs, Recliners & Sleeper Chairs"
58488025,"Furniture > Chairs > Arm Chairs, Recliners & Sleeper Chairs"
58488026,"Furniture > Chairs > Arm Chairs, Recliners & Sleeper Chairs"
58488027,"Furniture > Chairs > Arm Chairs, Recliners & Sleeper Chairs"
58488042,"Furniture > Chairs > Arm Chairs, Recliners & Sleeper Chairs"
58488048,"Furniture > Chairs > Arm Chairs, Recliners & Sleeper Chairs"
58488053,"Furniture > Chairs > Arm Chairs, Recliners & Sleeper Chairs"
58488054,"Furniture > Chairs > Arm Chairs, Recliners & Sleeper Chairs"
58488055,"Furniture > Chairs > Arm Chairs, Recliners & Sleeper Chairs"
58488058,"Furniture > Chairs > Arm Chairs, Recliners & Sleeper Chairs"
58488060,"Furniture > Chairs > Arm Chairs, Recliners & Sleeper Chairs"
58488085,"Furniture > Chairs > Arm Chairs, Recliners & Sleeper Chairs"
58488090,"Furniture > Chairs > Arm Chairs, Recliners & Sleeper Chairs"
58488092,"Furniture > Chairs > Arm Chairs, Recliners & Sleeper Chairs"
58490765,Furniture > Sofas
58490768,Furniture > Sofas
58490769,Furniture > Sofas
58490770,Furniture > Sofas
58490774,Furniture > Sofas
58490775,Furniture > Sofas
58490776,Furniture > Sofas
58490778,Furniture > Sofas
58490780,Furniture > Sofas
58490782,Furniture > Sofas
58490783,Furniture > Sofas
58490784,Furniture > Sofas
58490785,Furniture > Sofas
58490786,Furniture > Sofas
58490789,Furniture > Sofas
58490795,Furniture > Sofas
58490796,Furniture > Sofas
58490800,Furniture > Sofas
58490801,Furniture > Sofas
58490802,Furniture > Sofas
58490803,Furniture > Sofas
58490804,Furniture > Sofas
58490805,Furniture > Sofas
58490820,Furniture > Sofas
58490831,Furniture > Sofas
58490832,Furniture > Sofas
58490833,Furniture > Sofas
58490836,Furniture > Sofas
58490838,Furniture > Sofas
58490863,Furniture > Sofas
58490868,Furniture > Sofas
58490870,Furniture > Sofas
58492960,Furniture > Ottomans
58492963,Furniture > Ottomans
58492964,Furniture > Ottomans
58492965,Furniture > Ottomans
58492968,Furniture > Ottomans
58492969,Furniture > Ottomans
58492970,Furniture > Ottomans
58492972,Furniture > Ottomans
58492974,Furniture > Ottomans
58492976,Furniture > Ottomans
58492977,Furniture > Ottomans
58492978,Furniture > Ottomans
58492979,Furniture > Ottomans
58492980,Furniture > Ottomans
58492983,Furniture > Ottomans
58492989,Furniture > Ottomans
58492990,Furniture > Ottomans
58492994,Furniture > Ottomans
58492995,Furniture > Ottomans
58492996,Furniture > Ottomans
58492997,Furniture > Ottomans
58492998,Furniture > Ottomans
58492999,Furniture > Ottomans
58493014,Furniture > Ottomans
58493020,Furniture > Ottomans
58493025,Furniture > Ottomans
58493026,Furniture > Ottomans
58493030,Furniture > Ottomans
58493032,Furniture > Ottomans
58493057,Furniture > Ottomans
58493062,Furniture > Ottomans
58493064,Furniture > Ottomans
59032517,Furniture
59032824,Furniture
59908655,"Furniture > Chairs > Arm Chairs, Recliners & Sleeper Chairs"
63067341,Furniture > Tables > Kitchen & Dining Room Tables
63067357,Furniture > Tables > Kitchen & Dining Room Tables
63067373,Furniture > Tables > Kitchen & Dining Room Tables
63067376,Furniture > Tables > Kitchen & Dining Room Tables
63067384,Furniture > Tables > Kitchen & Dining Room Tables
63068500,Furniture > Tables > Kitchen & Dining Room Tables
63068510,Furniture > Tables > Kitchen & Dining Room Tables
63068717,Furniture > Tables > Kitchen & Dining Room Tables
63068807,Furniture > Tables > Kitchen & Dining Room Tables
63068820,Furniture > Tables > Kitchen & Dining Room Tables
63133578,"Furniture > Chairs > Arm Chairs, Recliners & Sleeper Chairs"
63133656,"Furniture > Chairs > Arm Chairs, Recliners & Sleeper Chairs"
63133668,"Furniture > Chairs > Arm Chairs, Recliners & Sleeper Chairs"
63133669,"Furniture > Chairs > Arm Chairs, Recliners & Sleeper Chairs"
63133677,"Furniture > Chairs > Arm Chairs, Recliners & Sleeper Chairs"
63133704,"Furniture > Chairs > Arm Chairs, Recliners & Sleeper Chairs"
63133705,"Furniture > Chairs > Arm Chairs, Recliners & Sleeper Chairs"
63133716,"Furniture > Chairs > Arm Chairs, Recliners & Sleeper Chairs"
63133758,"Furniture > Chairs > Arm Chairs, Recliners & Sleeper Chairs"
63133766,"Furniture > Chairs > Arm Chairs, Recliners & Sleeper Chairs"
63134168,"Furniture > Chairs > Arm Chairs, Recliners & Sleeper Chairs"
63134241,"Furniture > Chairs > Arm Chairs, Recliners & Sleeper Chairs"
63134242,"Furniture > Chairs > Arm Chairs, Recliners & Sleeper Chairs"
63134254,"Furniture > Chairs > Arm Chairs, Recliners & Sleeper Chairs"
63134257,"Furniture > Chairs > Arm Chairs, Recliners & Sleeper Chairs"
63134292,"Furniture > Chairs > Arm Chairs, Recliners & Sleeper Chairs"
63134296,"Furniture > Chairs > Arm Chairs, Recliners & Sleeper Chairs"
63134376,"Furniture > Chairs > Arm Chairs, Recliners & Sleeper Chairs"
63136259,"Furniture > Chairs > Arm Chairs, Recliners & Sleeper Chairs"
63136267,"Furniture > Chairs > Arm Chairs, Recliners & Sleeper Chairs"
63136271,"Furniture > Chairs > Arm Chairs, Recliners & Sleeper Chairs"
63136278,"Furniture > Chairs > Arm Chairs, Recliners & Sleeper Chairs"
64221752,Furniture > Chairs > Kitchen & Dining Room Chairs
64221987,Furniture > Chairs > Kitchen & Dining Room Chairs
64221991,Furniture > Chairs > Kitchen & Dining Room Chairs
64222003,Furniture > Chairs > Kitchen & Dining Room Chairs
64222009,Furniture > Chairs > Kitchen & Dining Room Chairs
64222020,Furniture > Chairs > Kitchen & Dining Room Chairs
64222063,Furniture > Chairs > Kitchen & Dining Room Chairs
64222067,Furniture > Chairs > Kitchen & Dining Room Chairs
64222077,Furniture > Chairs > Kitchen & Dining Room Chairs
64222103,Furniture > Chairs > Kitchen & Dining Room Chairs
64222115,Furniture > Chairs > Kitchen & Dining Room Chairs
64222196,Furniture > Chairs > Kitchen & Dining Room Chairs
64222198,Furniture > Chairs > Kitchen & Dining Room Chairs
64222221,Furniture > Chairs > Kitchen & Dining Room Chairs
64222224,Furniture > Chairs > Kitchen & Dining Room Chairs
64222227,Furniture > Chairs > Kitchen & Dining Room Chairs
64222236,Furniture > Chairs > Kitchen & Dining Room Chairs
64222237,Furniture > Chairs > Kitchen & Dining Room Chairs
64222270,Furniture > Chairs > Kitchen & Dining Room Chairs
64222274,Furniture > Chairs > Kitchen & Dining Room Chairs
64222290,Furniture > Chairs > Kitchen & Dining Room Chairs
64222305,Furniture > Chairs > Kitchen & Dining Room Chairs
64222638,Furniture > Chairs > Kitchen & Dining Room Chairs
64222775,Furniture > Chairs > Kitchen & Dining Room Chairs
64222894,Furniture > Chairs > Kitchen & Dining Room Chairs
64222896,Furniture > Chairs > Kitchen & Dining Room Chairs
64222907,Furniture > Chairs > Kitchen & Dining Room Chairs
64222911,Furniture > Chairs > Kitchen & Dining Room Chairs
64222922,Furniture > Chairs > Kitchen & Dining Room Chairs
64222958,Furniture > Chairs > Kitchen & Dining Room Chairs
64223125,Furniture > Chairs > Kitchen & Dining Room Chairs
64223175,Furniture > Chairs > Kitchen & Dining Room Chairs
64223232,Furniture > Chairs > Kitchen & Dining Room Chairs
64228178,Furniture > Chairs > Kitchen & Dining Room Chairs
64228229,Furniture > Chairs > Kitchen & Dining Room Chairs
64228262,Furniture > Chairs > Kitchen & Dining Room Chairs
64228443,Furniture > Chairs > Kitchen & Dining Room Chairs
64228448,Furniture > Chairs > Kitchen & Dining Room Chairs
64228452,Furniture > Chairs > Kitchen & Dining Room Chairs
64228454,Furniture > Chairs > Kitchen & Dining Room Chairs
64228479,Furniture > Chairs > Kitchen & Dining Room Chairs
64228481,Furniture > Chairs > Kitchen & Dining Room Chairs
64228500,Furniture > Chairs > Kitchen & Dining Room Chairs
64228509,Furniture > Chairs > Kitchen & Dining Room Chairs
64241233,Furniture > Ottomans
64241241,Furniture > Ottomans
64241242,Furniture > Ottomans
64241247,Furniture > Ottomans
64241268,Furniture > Ottomans
64241269,Furniture > Ottomans
64241270,Furniture > Ottomans
64241271,Furniture > Ottomans
64241272,Furniture > Ottomans
64241273,Furniture > Ottomans
64241275,Furniture > Ottomans
64242861,Furniture > Ottomans
64242862,Furniture > Ottomans
64242863,Furniture > Ottomans
64242864,Furniture > Ottomans
64242873,Furniture > Ottomans
64242874,Furniture > Ottomans
64242875,Furniture > Ottomans
64243135,Furniture > Ottomans
64243419,Furniture > Ottomans
64243427,Furniture > Ottomans
64243428,Furniture > Ottomans
64384854,Furniture > Ottomans
64387179,Furniture > Ottomans
64387319,Furniture > Ottomans
64387335,Furniture > Ottomans
64387346,Furniture > Ottomans
64388236,Furniture > Ottomans
64388254,Furniture > Ottomans
64388261,Furniture > Ottomans
64388272,Furniture > Ottomans
64388276,Furniture > Ottomans
64388278,Furniture > Ottomans
6590527,"Furniture > Chairs > Arm Chairs, Recliners & Sleeper Chairs"
6590529,"Furniture > Chairs > Arm Chairs, Recliners & Sleeper Chairs"
6590530,"Furniture > Chairs > Arm Chairs, Recliners & Sleeper Chairs"
6590531,"Furniture > Chairs > Arm Chairs, Recliners & Sleeper Chairs"
6590549,"Furniture > Chairs > Arm Chairs, Recliners & Sleeper Chairs"
6590575,"Furniture > Chairs > Arm Chairs, Recliners & Sleeper Chairs"
6590578,"Furniture > Chairs > Arm Chairs, Recliners & Sleeper Chairs"
6590579,"Furniture > Chairs > Arm Chairs, Recliners & Sleeper Chairs"
6590580,"Furniture > Chairs > Arm Chairs, Recliners & Sleeper Chairs"
6590582,"Furniture > Chairs > Arm Chairs, Recliners & Sleeper Chairs"
6590584,"Furniture > Chairs > Arm Chairs, Recliners & Sleeper Chairs"
6590586,"Furniture > Chairs > Arm Chairs, Recliners & Sleeper Chairs"
6590587,"Furniture > Chairs > Arm Chairs, Recliners & Sleeper Chairs"
6590605,"Furniture > Chairs > Arm Chairs, Recliners & Sleeper Chairs"
6590766,"Furniture > Chairs > Arm Chairs, Recliners & Sleeper Chairs"
6590767,"Furniture > Chairs > Arm Chairs, Recliners & Sleeper Chairs"
6590769,"Furniture > Chairs > Arm Chairs, Recliners & Sleeper Chairs"
6590770,"Furniture > Chairs > Arm Chairs, Recliners & Sleeper Chairs"
6590772,"Furniture > Chairs > Arm Chairs, Recliners & Sleeper Chairs"
6590773,"Furniture > Chairs > Arm Chairs, Recliners & Sleeper Chairs"
6590774,"Furniture > Chairs > Arm Chairs, Recliners & Sleeper Chairs"
66011122,"Furniture > Chairs > Arm Chairs, Recliners & Sleeper Chairs"
66011163,"Furniture > Chairs > Arm Chairs, Recliners & Sleeper Chairs"
66011643,"Furniture > Chairs > Arm Chairs, Recliners & Sleeper Chairs"
66011672,"Furniture > Chairs > Arm Chairs, Recliners & Sleeper Chairs"
66011735,"Furniture > Chairs > Arm Chairs, Recliners & Sleeper Chairs"
66012108,"Furniture > Chairs > Arm Chairs, Recliners & Sleeper Chairs"
66012184,"Furniture > Chairs > Arm Chairs, Recliners & Sleeper Chairs"
66012188,"Furniture > Chairs > Arm Chairs, Recliners & Sleeper Chairs"
66012201,"Furniture > Chairs > Arm Chairs, Recliners & Sleeper Chairs"
66012203,"Furniture > Chairs > Arm Chairs, Recliners & Sleeper Chairs"
66012208,"Furniture > Chairs > Arm Chairs, Recliners & Sleeper Chairs"
66012858,"Furniture > Chairs > Arm Chairs, Recliners & Sleeper Chairs"
66012933,"Furniture > Chairs > Arm Chairs, Recliners & Sleeper Chairs"
66012941,"Furniture > Chairs > Arm Chairs, Recliners & Sleeper Chairs"
66012947,"Furniture > Chairs > Arm Chairs, Recliners & Sleeper Chairs"
66012976,"Furniture > Chairs > Arm Chairs, Recliners & Sleeper Chairs"
66012977,"Furniture > Chairs > Arm Chairs, Recliners & Sleeper Chairs"
66012984,"Furniture > Chairs > Arm Chairs, Recliners & Sleeper Chairs"
66012989,"Furniture > Chairs > Arm Chairs, Recliners & Sleeper Chairs"
66012998,"Furniture > Chairs > Arm Chairs, Recliners & Sleeper Chairs"
66013047,"Furniture > Chairs > Arm Chairs, Recliners & Sleeper Chairs"
66013048,"Furniture > Chairs > Arm Chairs, Recliners & Sleeper Chairs"
66013261,"Furniture > Chairs > Arm Chairs, Recliners & Sleeper Chairs"
66013268,"Furniture > Chairs > Arm Chairs, Recliners & Sleeper Chairs"
66013289,"Furniture > Chairs > Arm Chairs, Recliners & Sleeper Chairs"
66013293,"Furniture > Chairs > Arm Chairs, Recliners & Sleeper Chairs"
66013294,"Furniture > Chairs > Arm Chairs, Recliners & Sleeper Chairs"
66013295,"Furniture > Chairs > Arm Chairs, Recliners & Sleeper Chairs"
66013424,"Furniture > Chairs > Arm Chairs, Recliners & Sleeper Chairs"
66013425,"Furniture > Chairs > Arm Chairs, Recliners & Sleeper Chairs"
66013428,"Furniture > Chairs > Arm Chairs, Recliners & Sleeper Chairs"
66013438,"Furniture > Chairs > Arm Chairs, Recliners & Sleeper Chairs"
66013439,"Furniture > Chairs > Arm Chairs, Recliners & Sleeper Chairs"
66016515,"Furniture > Chairs > Arm Chairs, Recliners & Sleeper Chairs"
66016771,"Furniture > Chairs > Arm Chairs, Recliners & Sleeper Chairs"
66016772,"Furniture > Chairs > Arm Chairs, Recliners & Sleeper Chairs"
66016773,"Furniture > Chairs > Arm Chairs, Recliners & Sleeper Chairs"
66016797,"Furniture > Chairs > Arm Chairs, Recliners & Sleeper Chairs"
66016800,"Furniture > Chairs > Arm Chairs, Recliners & Sleeper Chairs"
66016802,"Furniture > Chairs > Arm Chairs, Recliners & Sleeper Chairs"
66016812,"Furniture > Chairs > Arm Chairs, Recliners & Sleeper Chairs"
66016815,"Furniture > Chairs > Arm Chairs, Recliners & Sleeper Chairs"
66016816,"Furniture > Chairs > Arm Chairs, Recliners & Sleeper Chairs"
66016817,"Furniture > Chairs > Arm Chairs, Recliners & Sleeper Chairs"
66017633,"Furniture > Chairs > Arm Chairs, Recliners & Sleeper Chairs"
66017638,"Furniture > Chairs > Arm Chairs, Recliners & Sleeper Chairs"
66017649,"Furniture > Chairs > Arm Chairs, Recliners & Sleeper Chairs"
66017650,"Furniture > Chairs > Arm Chairs, Recliners & Sleeper Chairs"
66017652,"Furniture > Chairs > Arm Chairs, Recliners & Sleeper Chairs"
66017654,"Furniture > Chairs > Arm Chairs, Recliners & Sleeper Chairs"
66017657,"Furniture > Chairs > Arm Chairs, Recliners & Sleeper Chairs"
66017663,"Furniture > Chairs > Arm Chairs, Recliners & Sleeper Chairs"
66017682,"Furniture > Chairs > Arm Chairs, Recliners & Sleeper Chairs"
66017684,"Furniture > Chairs > Arm Chairs, Recliners & Sleeper Chairs"
66017685,"Furniture > Chairs > Arm Chairs, Recliners & Sleeper Chairs"
66017732,"Furniture > Chairs > Arm Chairs, Recliners & Sleeper Chairs"
66017733,"Furniture > Chairs > Arm Chairs, Recliners & Sleeper Chairs"
66017742,"Furniture > Chairs > Arm Chairs, Recliners & Sleeper Chairs"
66017743,"Furniture > Chairs > Arm Chairs, Recliners & Sleeper Chairs"
66017748,"Furniture > Chairs > Arm Chairs, Recliners & Sleeper Chairs"
66017752,"Furniture > Chairs > Arm Chairs, Recliners & Sleeper Chairs"
66017757,"Furniture > Chairs > Arm Chairs, Recliners & Sleeper Chairs"
66017783,"Furniture > Chairs > Arm Chairs, Recliners & Sleeper Chairs"
66017790,"Furniture > Chairs > Arm Chairs, Recliners & Sleeper Chairs"
66017794,"Furniture > Chairs > Arm Chairs, Recliners & Sleeper Chairs"
66017796,"Furniture > Chairs > Arm Chairs, Recliners & Sleeper Chairs"
66039249,"Furniture > Chairs > Arm Chairs, Recliners & Sleeper Chairs"
66039272,"Furniture > Chairs > Arm Chairs, Recliners & Sleeper Chairs"
66039273,"Furniture > Chairs > Arm Chairs, Recliners & Sleeper Chairs"
66039274,"Furniture > Chairs > Arm Chairs, Recliners & Sleeper Chairs"
66039275,"Furniture > Chairs > Arm Chairs, Recliners & Sleeper Chairs"
66039305,"Furniture > Chairs > Arm Chairs, Recliners & Sleeper Chairs"
66039312,"Furniture > Chairs > Arm Chairs, Recliners & Sleeper Chairs"
66039313,"Furniture > Chairs > Arm Chairs, Recliners & Sleeper Chairs"
66039314,"Furniture > Chairs > Arm Chairs, Recliners & Sleeper Chairs"
66039330,"Furniture > Chairs > Arm Chairs, Recliners & Sleeper Chairs"
66039331,"Furniture > Chairs > Arm Chairs, Recliners & Sleeper Chairs"
66052601,"Furniture > Chairs > Arm Chairs, Recliners & Sleeper Chairs"
66052603,"Furniture > Chairs > Arm Chairs, Recliners & Sleeper Chairs"
66052664,"Furniture > Chairs > Arm Chairs, Recliners & Sleeper Chairs"
66052672,"Furniture > Chairs > Arm Chairs, Recliners & Sleeper Chairs"
66052679,"Furniture > Chairs > Arm Chairs, Recliners & Sleeper Chairs"
66052682,"Furniture > Chairs > Arm Chairs, Recliners & Sleeper Chairs"
66052683,"Furniture > Chairs > Arm Chairs, Recliners & Sleeper Chairs"
66052689,"Furniture > Chairs > Arm Chairs, Recliners & Sleeper Chairs"
66052697,"Furniture > Chairs > Arm Chairs, Recliners & Sleeper Chairs"
66052705,"Furniture > Chairs > Arm Chairs, Recliners & Sleeper Chairs"
66052713,"Furniture > Chairs > Arm Chairs, Recliners & Sleeper Chairs"
66074788,Furniture > Chairs > Kitchen & Dining Room Chairs
66074791,Furniture > Chairs > Kitchen & Dining Room Chairs
66074802,Furniture > Chairs > Kitchen & Dining Room Chairs
66074808,Furniture > Chairs > Kitchen & Dining Room Chairs
66074810,Furniture > Chairs > Kitchen & Dining Room Chairs
66074818,Furniture > Chairs > Kitchen & Dining Room Chairs
66074821,Furniture > Chairs > Kitchen & Dining Room Chairs
66074822,Furniture > Chairs > Kitchen & Dining Room Chairs
66074859,Furniture > Chairs > Kitchen & Dining Room Chairs
66074860,Furniture > Chairs > Kitchen & Dining Room Chairs
66074862,Furniture > Chairs > Kitchen & Dining Room Chairs
66074997,Furniture > Chairs > Kitchen & Dining Room Chairs
66075002,Furniture > Chairs > Kitchen & Dining Room Chairs
66075008,Furniture > Chairs > Kitchen & Dining Room Chairs
66075009,Furniture > Chairs > Kitchen & Dining Room Chairs
66075010,Furniture > Chairs > Kitchen & Dining Room Chairs
66075011,Furniture > Chairs > Kitchen & Dining Room Chairs
66075014,Furniture > Chairs > Kitchen & Dining Room Chairs
66075016,Furniture > Chairs > Kitchen & Dining Room Chairs
66075017,Furniture > Chairs > Kitchen & Dining Room Chairs
66075020,Furniture > Chairs > Kitchen & Dining Room Chairs
66075049,Furniture > Chairs > Kitchen & Dining Room Chairs
66076151,Furniture > Chairs > Kitchen & Dining Room Chairs
66076155,Furniture > Chairs > Kitchen & Dining Room Chairs
66076200,Furniture > Chairs > Kitchen & Dining Room Chairs
66076202,Furniture > Chairs > Kitchen & Dining Room Chairs
66076203,Furniture > Chairs > Kitchen & Dining Room Chairs
66076210,Furniture > Chairs > Kitchen & Dining Room Chairs
66076219,Furniture > Chairs > Kitchen & Dining Room Chairs
66076220,Furniture > Chairs > Kitchen & Dining Room Chairs
66076225,Furniture > Chairs > Kitchen & Dining Room Chairs
66076228,Furniture > Chairs > Kitchen & Dining Room Chairs
66076229,Furniture > Chairs > Kitchen & Dining Room Chairs
66076233,Furniture > Chairs > Kitchen & Dining Room Chairs
66076234,Furniture > Chairs > Kitchen & Dining Room Chairs
66076239,Furniture > Chairs > Kitchen & Dining Room Chairs
66076240,Furniture > Chairs > Kitchen & Dining Room Chairs
66076242,Furniture > Chairs > Kitchen & Dining Room Chairs
66076244,Furniture > Chairs > Kitchen & Dining Room Chairs
66076276,Furniture > Chairs > Kitchen & Dining Room Chairs
66076277,Furniture > Chairs > Kitchen & Dining Room Chairs
66076278,Furniture > Chairs > Kitchen & Dining Room Chairs
66076284,Furniture > Chairs > Kitchen & Dining Room Chairs
66076286,Furniture > Chairs > Kitchen & Dining Room Chairs
66326644,Furniture > Chairs > Kitchen & Dining Room Chairs
66326647,Furniture > Chairs > Kitchen & Dining Room Chairs
66326650,Furniture > Chairs > Kitchen & Dining Room Chairs
66326652,Furniture > Chairs > Kitchen & Dining Room Chairs
66326653,Furniture > Chairs > Kitchen & Dining Room Chairs
66326654,Furniture > Chairs > Kitchen & Dining Room Chairs
66326655,Furniture > Chairs > Kitchen & Dining Room Chairs
66327405,Furniture > Chairs > Kitchen & Dining Room Chairs
66327406,Furniture > Chairs > Kitchen & Dining Room Chairs
66327407,Furniture > Chairs > Kitchen & Dining Room Chairs
66327408,Furniture > Chairs > Kitchen & Dining Room Chairs
66329706,Furniture > Chairs > Kitchen & Dining Room Chairs
66329709,Furniture > Chairs > Kitchen & Dining Room Chairs
66329711,Furniture > Chairs > Kitchen & Dining Room Chairs
66329920,Furniture > Chairs > Kitchen & Dining Room Chairs
66329928,Furniture > Chairs > Kitchen & Dining Room Chairs
66329935,Furniture > Chairs > Kitchen & Dining Room Chairs
66329936,Furniture > Chairs > Kitchen & Dining Room Chairs
66329937,Furniture > Chairs > Kitchen & Dining Room Chairs
66329938,Furniture > Chairs > Kitchen & Dining Room Chairs
66329939,Furniture > Chairs > Kitchen & Dining Room Chairs
66329988,Furniture > Chairs > Kitchen & Dining Room Chairs
66329989,Furniture > Chairs > Kitchen & Dining Room Chairs
66330004,Furniture > Chairs > Kitchen & Dining Room Chairs
66330005,Furniture > Chairs > Kitchen & Dining Room Chairs
66330006,Furniture > Chairs > Kitchen & Dining Room Chairs
66330007,Furniture > Chairs > Kitchen & Dining Room Chairs
66330089,Furniture > Chairs > Kitchen & Dining Room Chairs
66330109,Furniture > Chairs > Kitchen & Dining Room Chairs
66330111,Furniture > Chairs > Kitchen & Dining Room Chairs
66330114,Furniture > Chairs > Kitchen & Dining Room Chairs
66330119,Furniture > Chairs > Kitchen & Dining Room Chairs
66330120,Furniture > Chairs > Kitchen & Dining Room Chairs
66331132,Furniture > Ottomans
66331140,Furniture > Ottomans
66331376,Furniture > Ottomans
66331378,Furniture > Ottomans
66331408,Furniture > Ottomans
66331409,Furniture > Ottomans
66331410,Furniture > Ottomans
66331417,Furniture > Ottomans
66331432,Furniture > Ottomans
66331575,Furniture > Ottomans
66331577,Furniture > Ottomans
66331584,Furniture > Chairs > Table & Bar Stools
66331601,Furniture > Chairs > Table & Bar Stools
66331609,Furniture > Chairs > Table & Bar Stools
66331619,Furniture > Chairs > Table & Bar Stools
66331620,Furniture > Chairs > Table & Bar Stools
66331621,Furniture > Chairs > Table & Bar Stools
66331622,Furniture > Chairs > Table & Bar Stools
66331623,Furniture > Chairs > Table & Bar Stools
66331644,Furniture > Chairs > Table & Bar Stools
66331645,Furniture > Chairs > Table & Bar Stools
66331646,Furniture > Chairs > Table & Bar Stools
66335206,"Furniture > Chairs > Arm Chairs, Recliners & Sleeper Chairs"
66335208,"Furniture > Chairs > Arm Chairs, Recliners & Sleeper Chairs"
66335210,"Furniture > Chairs > Arm Chairs, Recliners & Sleeper Chairs"
66335211,"Furniture > Chairs > Arm Chairs, Recliners & Sleeper Chairs"
66335212,"Furniture > Chairs > Arm Chairs, Recliners & Sleeper Chairs"
66335213,"Furniture > Chairs > Arm Chairs, Recliners & Sleeper Chairs"
66335215,"Furniture > Chairs > Arm Chairs, Recliners & Sleeper Chairs"
66335234,"Furniture > Chairs > Arm Chairs, Recliners & Sleeper Chairs"
66335236,"Furniture > Chairs > Arm Chairs, Recliners & Sleeper Chairs"
66335238,"Furniture > Chairs > Arm Chairs, Recliners & Sleeper Chairs"
66335239,"Furniture > Chairs > Arm Chairs, Recliners & Sleeper Chairs"
66340608,"Furniture > Chairs > Arm Chairs, Recliners & Sleeper Chairs"
66340615,"Furniture > Chairs > Arm Chairs, Recliners & Sleeper Chairs"
66340620,"Furniture > Chairs > Arm Chairs, Recliners & Sleeper Chairs"
66340621,"Furniture > Chairs > Arm Chairs, Recliners & Sleeper Chairs"
66340623,"Furniture > Chairs > Arm Chairs, Recliners & Sleeper Chairs"
66340644,"Furniture > Chairs > Arm Chairs, Recliners & Sleeper Chairs"
66340646,"Furniture > Chairs > Arm Chairs, Recliners & Sleeper Chairs"
66340647,"Furniture > Chairs > Arm Chairs, Recliners & Sleeper Chairs"
66340648,"Furniture > Chairs > Arm Chairs, Recliners & Sleeper Chairs"
66340649,"Furniture > Chairs > Arm Chairs, Recliners & Sleeper Chairs"
66340650,"Furniture > Chairs > Arm Chairs, Recliners & Sleeper Chairs"
66340654,"Furniture > Chairs > Arm Chairs, Recliners & Sleeper Chairs"
66340679,"Furniture > Chairs > Arm Chairs, Recliners & Sleeper Chairs"
66340684,"Furniture > Chairs > Arm Chairs, Recliners & Sleeper Chairs"
66340685,"Furniture > Chairs > Arm Chairs, Recliners & Sleeper Chairs"
66340686,"Furniture > Chairs > Arm Chairs, Recliners & Sleeper Chairs"
66340687,"Furniture > Chairs > Arm Chairs, Recliners & Sleeper Chairs"
66340692,"Furniture > Chairs > Arm Chairs, Recliners & Sleeper Chairs"
66340693,"Furniture > Chairs > Arm Chairs, Recliners & Sleeper Chairs"
66340702,"Furniture > Chairs > Arm Chairs, Recliners & Sleeper Chairs"
66340703,"Furniture > Chairs > Arm Chairs, Recliners & Sleeper Chairs"
66340705,"Furniture > Chairs > Arm Chairs, Recliners & Sleeper Chairs"
66340757,"Furniture > Chairs > Arm Chairs, Recliners & Sleeper Chairs"
66340777,"Furniture > Chairs > Arm Chairs, Recliners & Sleeper Chairs"
66340858,"Furniture > Chairs > Arm Chairs, Recliners & Sleeper Chairs"
66340877,"Furniture > Chairs > Arm Chairs, Recliners & Sleeper Chairs"
66340888,"Furniture > Chairs > Arm Chairs, Recliners & Sleeper Chairs"
66340895,"Furniture > Chairs > Arm Chairs, Recliners & Sleeper Chairs"
66340896,"Furniture > Chairs > Arm Chairs, Recliners & Sleeper Chairs"
66340953,"Furniture > Chairs > Arm Chairs, Recliners & Sleeper Chairs"
66341341,"Furniture > Chairs > Arm Chairs, Recliners & Sleeper Chairs"
66341342,"Furniture > Chairs > Arm Chairs, Recliners & Sleeper Chairs"
66341343,"Furniture > Chairs > Arm Chairs, Recliners & Sleeper Chairs"
66343251,Furniture > Tables > Kitchen & Dining Room Tables
66343253,Furniture > Tables > Kitchen & Dining Room Tables
66343254,Furniture > Tables > Kitchen & Dining Room Tables
66343255,Furniture > Tables > Kitchen & Dining Room Tables
66343653,Furniture > Tables > Kitchen & Dining Room Tables
66343655,Furniture > Tables > Kitchen & Dining Room Tables
66343657,Furniture > Tables > Kitchen & Dining Room Tables
66343661,Furniture > Tables > Kitchen & Dining Room Tables
66343662,Furniture > Tables > Kitchen & Dining Room Tables
66343669,Furniture > Tables > Kitchen & Dining Room Tables
66343680,Furniture > Tables > Kitchen & Dining Room Tables
66343782,Furniture > Tables > Kitchen & Dining Room Tables
66343853,Furniture > Tables > Kitchen & Dining Room Tables
66343863,Furniture > Tables > Kitchen & Dining Room Tables
66343864,Furniture > Tables > Kitchen & Dining Room Tables
66343866,Furniture > Tables > Kitchen & Dining Room Tables
66343867,Furniture > Tables > Kitchen & Dining Room Tables
66343888,Furniture > Tables > Kitchen & Dining Room Tables
66343889,Furniture > Tables > Kitchen & Dining Room Tables
66343890,Furniture > Tables > Kitchen & Dining Room Tables
66343891,Furniture > Tables > Kitchen & Dining Room Tables
66343917,Furniture > Tables > Kitchen & Dining Room Tables
68410550,Home & Garden > Decor > Sculptures & Statues
68410924,Home & Garden > Decor > Sculptures & Statues
68451002,Home & Garden > Decor > Sculptures & Statues
70624136,Furniture > Ottomans
7140645,"Furniture > Chairs > Arm Chairs, Recliners & Sleeper Chairs"
7140646,"Furniture > Chairs > Arm Chairs, Recliners & Sleeper Chairs"
7140647,"Furniture > Chairs > Arm Chairs, Recliners & Sleeper Chairs"
7140648,"Furniture > Chairs > Arm Chairs, Recliners & Sleeper Chairs"
7140649,"Furniture > Chairs > Arm Chairs, Recliners & Sleeper Chairs"
7140650,"Furniture > Chairs > Arm Chairs, Recliners & Sleeper Chairs"
7140651,"Furniture > Chairs > Arm Chairs, Recliners & Sleeper Chairs"
7140652,"Furniture > Chairs > Arm Chairs, Recliners & Sleeper Chairs"
7140653,"Furniture > Chairs > Arm Chairs, Recliners & Sleeper Chairs"
7140654,"Furniture > Chairs > Arm Chairs, Recliners & Sleeper Chairs"
7140655,"Furniture > Chairs > Arm Chairs, Recliners & Sleeper Chairs"
7140656,"Furniture > Chairs > Arm Chairs, Recliners & Sleeper Chairs"
7140657,"Furniture > Chairs > Arm Chairs, Recliners & Sleeper Chairs"
7140658,"Furniture > Chairs > Arm Chairs, Recliners & Sleeper Chairs"
7140659,"Furniture > Chairs > Arm Chairs, Recliners & Sleeper Chairs"
7140660,"Furniture > Chairs > Arm Chairs, Recliners & Sleeper Chairs"
7140661,"Furniture > Chairs > Arm Chairs, Recliners & Sleeper Chairs"
7140662,"Furniture > Chairs > Arm Chairs, Recliners & Sleeper Chairs"
7140663,"Furniture > Chairs > Arm Chairs, Recliners & Sleeper Chairs"
7140664,"Furniture > Chairs > Arm Chairs, Recliners & Sleeper Chairs"
7140666,"Furniture > Chairs > Arm Chairs, Recliners & Sleeper Chairs"
7140667,"Furniture > Chairs > Arm Chairs, Recliners & Sleeper Chairs"
7140668,"Furniture > Chairs > Arm Chairs, Recliners & Sleeper Chairs"
7140669,"Furniture > Chairs > Arm Chairs, Recliners & Sleeper Chairs"
7140670,"Furniture > Chairs > Arm Chairs, Recliners & Sleeper Chairs"
7140671,"Furniture > Chairs > Arm Chairs, Recliners & Sleeper Chairs"
7140672,"Furniture > Chairs > Arm Chairs, Recliners & Sleeper Chairs"
73463195,Furniture
73469640,Furniture
77320897,Home & Garden > Lighting
77320912,Home & Garden > Lighting
77320922,Home & Garden > Lighting
7741658,Furniture > Tables > Kitchen & Dining Room Tables
7741659,Furniture > Tables > Kitchen & Dining Room Tables
7741660,Furniture > Tables > Kitchen & Dining Room Tables
7741661,Furniture > Tables > Kitchen & Dining Room Tables
7741662,Furniture > Tables > Kitchen & Dining Room Tables
7742416,Furniture > Tables > Kitchen & Dining Room Tables
7742417,Furniture > Tables > Kitchen & Dining Room Tables
7742418,Furniture > Tables > Kitchen & Dining Room Tables
7742419,Furniture > Tables > Kitchen & Dining Room Tables
7742420,Furniture > Tables > Kitchen & Dining Room Tables
7742876,Furniture > Tables > Kitchen & Dining Room Tables
7742877,Furniture > Tables > Kitchen & Dining Room Tables
7742878,Furniture > Tables > Kitchen & Dining Room Tables
7742879,Furniture > Tables > Kitchen & Dining Room Tables
7742880,Furniture > Tables > Kitchen & Dining Room Tables
7742976,Furniture > Tables > Kitchen & Dining Room Tables
7742977,Furniture > Tables > Kitchen & Dining Room Tables
7742978,Furniture > Tables > Kitchen & Dining Room Tables
7742979,Furniture > Tables > Kitchen & Dining Room Tables
7742980,Furniture > Tables > Kitchen & Dining Room Tables
7750478,"Furniture > Chairs > Arm Chairs, Recliners & Sleeper Chairs"
7750479,"Furniture > Chairs > Arm Chairs, Recliners & Sleeper Chairs"
7750480,"Furniture > Chairs > Arm Chairs, Recliners & Sleeper Chairs"
7750481,"Furniture > Chairs > Arm Chairs, Recliners & Sleeper Chairs"
7750482,"Furniture > Chairs > Arm Chairs, Recliners & Sleeper Chairs"
7750483,"Furniture > Chairs > Arm Chairs, Recliners & Sleeper Chairs"
7750484,"Furniture > Chairs > Arm Chairs, Recliners & Sleeper Chairs"
7750485,"Furniture > Chairs > Arm Chairs, Recliners & Sleeper Chairs"
77515621,"Furniture > Chairs > Arm Chairs, Recliners & Sleeper Chairs"
77515801,"Furniture > Chairs > Arm Chairs, Recliners & Sleeper Chairs"
77515822,"Furniture > Chairs > Arm Chairs, Recliners & Sleeper Chairs"
77515917,"Furniture > Chairs > Arm Chairs, Recliners & Sleeper Chairs"
77516542,"Furniture > Chairs > Arm Chairs, Recliners & Sleeper Chairs"
77516574,"Furniture > Chairs > Arm Chairs, Recliners & Sleeper Chairs"
77516657,"Furniture > Chairs > Arm Chairs, Recliners & Sleeper Chairs"
77516669,"Furniture > Chairs > Arm Chairs, Recliners & Sleeper Chairs"
77516722,"Furniture > Chairs > Arm Chairs, Recliners & Sleeper Chairs"
77516735,"Furniture > Chairs > Arm Chairs, Recliners & Sleeper Chairs"
77516745,"Furniture > Chairs > Arm Chairs, Recliners & Sleeper Chairs"
77516765,"Furniture > Chairs > Arm Chairs, Recliners & Sleeper Chairs"
77516767,"Furniture > Chairs > Arm Chairs, Recliners & Sleeper Chairs"
77516768,"Furniture > Chairs > Arm Chairs, Recliners & Sleeper Chairs"
77516893,Furniture > Ottomans
77516898,Furniture > Ottomans
77516899,Furniture > Ottomans
77516914,Furniture > Ottomans
77516945,Furniture > Ottomans
77516946,Furniture > Ottomans
77516954,Furniture > Ottomans
77516956,Furniture > Ottomans
77516983,Furniture > Ottomans
77516984,Furniture > Ottomans
77516991,Furniture > Ottomans
77517053,Furniture > Ottomans
77517085,Furniture > Ottomans
77517091,Furniture > Ottomans
7755961,"Furniture > Chairs > Arm Chairs, Recliners & Sleeper Chairs"
7755971,"Furniture > Chairs > Arm Chairs, Recliners & Sleeper Chairs"
7755973,"Furniture > Chairs > Arm Chairs, Recliners & Sleeper Chairs"
7755974,"Furniture > Chairs > Arm Chairs, Recliners & Sleeper Chairs"
7755975,"Furniture > Chairs > Arm Chairs, Recliners & Sleeper Chairs"
7755976,"Furniture > Chairs > Arm Chairs, Recliners & Sleeper Chairs"
7755978,"Furniture > Chairs > Arm Chairs, Recliners & Sleeper Chairs"
7755979,"Furniture > Chairs > Arm Chairs, Recliners & Sleeper Chairs"
7755980,"Furniture > Chairs > Arm Chairs, Recliners & Sleeper Chairs"
7755981,"Furniture > Chairs > Arm Chairs, Recliners & Sleeper Chairs"
7755982,"Furniture > Chairs > Arm Chairs, Recliners & Sleeper Chairs"
7755983,"Furniture > Chairs > Arm Chairs, Recliners & Sleeper Chairs"
7755984,"Furniture > Chairs > Arm Chairs, Recliners & Sleeper Chairs"
7756027,"Furniture > Chairs > Arm Chairs, Recliners & Sleeper Chairs"
7756028,"Furniture > Chairs > Arm Chairs, Recliners & Sleeper Chairs"
7756029,"Furniture > Chairs > Arm Chairs, Recliners & Sleeper Chairs"
7756030,"Furniture > Chairs > Arm Chairs, Recliners & Sleeper Chairs"
7756032,"Furniture > Chairs > Arm Chairs, Recliners & Sleeper Chairs"
7756034,"Furniture > Chairs > Arm Chairs, Recliners & Sleeper Chairs"
7756035,"Furniture > Chairs > Arm Chairs, Recliners & Sleeper Chairs"
77764566,Home & Garden > Lighting
77779764,Home & Garden > Lighting
77779765,Home & Garden > Lighting
77786158,Home & Garden > Lighting
77786159,Home & Garden > Lighting
7784700,Furniture > Tables > Accent Tables > Coffee Tables
7784701,Furniture > Tables > Accent Tables > Coffee Tables
7787899,Furniture > Tables > Accent Tables > Coffee Tables
7788784,Furniture > Tables > Accent Tables > Coffee Tables
7789189,Furniture > Ottomans
7789194,Furniture > Ottomans
7789202,Furniture > Ottomans
7789209,Furniture > Ottomans
7789216,Furniture > Ottomans
7789222,Furniture > Ottomans
7789226,Furniture > Ottomans
7789228,Furniture > Ottomans
7789235,Furniture > Ottomans
7789240,Furniture > Ottomans
7789248,Furniture > Ottomans
7789251,Furniture > Ottomans
7789261,Furniture > Ottomans
7789265,Furniture > Ottomans
7789271,Furniture > Ottomans
7789276,Furniture > Ottomans
7789281,Furniture > Ottomans
7789286,Furniture > Ottomans
7789291,Furniture > Ottomans
7789293,Furniture > Ottomans
7789295,Furniture > Ottomans
7789297,Furniture > Ottomans
7789299,Furniture > Ottomans
7789300,Furniture > Ottomans
7789302,Furniture > Ottomans
7789304,Furniture > Ottomans
7789306,Furniture > Ottomans
7789307,Furniture > Ottomans
7789308,Furniture > Ottomans
7789309,Furniture > Ottomans
7789310,Furniture > Ottomans
7789311,Furniture > Ottomans
7789312,Furniture > Ottomans
7789313,Furniture > Ottomans
7789314,Furniture > Ottomans
7789315,Furniture > Ottomans
7789316,Furniture > Ottomans
7789317,Furniture > Ottomans
7789318,Furniture > Ottomans
7789319,Furniture > Ottomans
7789320,Furniture > Ottomans
7789321,Furniture > Ottomans
7789322,Furniture > Ottomans
7789323,Furniture > Ottomans
7789324,Furniture > Ottomans
7789325,Furniture > Ottomans
7790031,Furniture > Chairs > Table & Bar Stools
7790032,Furniture > Chairs > Table & Bar Stools
7790033,Furniture > Chairs > Table & Bar Stools
7790034,Furniture > Chairs > Table & Bar Stools
7790035,Furniture > Chairs > Table & Bar Stools
7790036,Furniture > Chairs > Table & Bar Stools
7790037,Furniture > Chairs > Table & Bar Stools
7790038,Furniture > Chairs > Table & Bar Stools
7790039,Furniture > Chairs > Table & Bar Stools
7790040,Furniture > Chairs > Table & Bar Stools
7790041,Furniture > Chairs > Table & Bar Stools
7790042,Furniture > Chairs > Table & Bar Stools
7790043,Furniture > Chairs > Table & Bar Stools
7790044,Furniture > Chairs > Table & Bar Stools
7790045,Furniture > Chairs > Table & Bar Stools
7790046,Furniture > Chairs > Table & Bar Stools
7790047,Furniture > Chairs > Table & Bar Stools
7790048,Furniture > Chairs > Table & Bar Stools
7790049,Furniture > Chairs > Table & Bar Stools
7790050,Furniture > Chairs > Table & Bar Stools
7790051,Furniture > Chairs > Table & Bar Stools
7790052,Furniture > Chairs > Table & Bar Stools
7790053,Furniture > Chairs > Table & Bar Stools
7790054,Furniture > Chairs > Table & Bar Stools
7790055,Furniture > Chairs > Table & Bar Stools
7790056,Furniture > Chairs > Table & Bar Stools
7790058,Furniture > Chairs > Table & Bar Stools
7790059,Furniture > Chairs > Table & Bar Stools
7790060,Furniture > Chairs > Table & Bar Stools
7790061,Furniture > Chairs > Table & Bar Stools
7790062,Furniture > Chairs > Table & Bar Stools
7790063,Furniture > Chairs > Table & Bar Stools
7790064,Furniture > Chairs > Table & Bar Stools
7790065,Furniture > Chairs > Table & Bar Stools
7790066,Furniture > Chairs > Table & Bar Stools
7790067,Furniture > Chairs > Table & Bar Stools
7790068,Furniture > Chairs > Table & Bar Stools
7790069,Furniture > Chairs > Table & Bar Stools
7790070,Furniture > Chairs > Table & Bar Stools
7790071,Furniture > Chairs > Table & Bar Stools
7790072,Furniture > Chairs > Table & Bar Stools
7790073,Furniture > Chairs > Table & Bar Stools
7790074,Furniture > Chairs > Table & Bar Stools
7790075,Furniture > Chairs > Table & Bar Stools
7790076,Furniture > Chairs > Table & Bar Stools
7790077,Furniture > Chairs > Table & Bar Stools
78152179,"Furniture > Chairs > Arm Chairs, Recliners & Sleeper Chairs"
78152216,"Furniture > Chairs > Arm Chairs, Recliners & Sleeper Chairs"
78152883,"Furniture > Chairs > Arm Chairs, Recliners & Sleeper Chairs"
78152886,"Furniture > Chairs > Arm Chairs, Recliners & Sleeper Chairs"
78152909,"Furniture > Chairs > Arm Chairs, Recliners & Sleeper Chairs"
78152913,"Furniture > Chairs > Arm Chairs, Recliners & Sleeper Chairs"
78152914,"Furniture > Chairs > Arm Chairs, Recliners & Sleeper Chairs"
78153466,"Furniture > Chairs > Arm Chairs, Recliners & Sleeper Chairs"
78153467,"Furniture > Chairs > Arm Chairs, Recliners & Sleeper Chairs"
78153512,"Furniture > Chairs > Arm Chairs, Recliners & Sleeper Chairs"
78153519,"Furniture > Chairs > Arm Chairs, Recliners & Sleeper Chairs"
78153520,"Furniture > Chairs > Arm Chairs, Recliners & Sleeper Chairs"
78153521,"Furniture > Chairs > Arm Chairs, Recliners & Sleeper Chairs"
78157098,"Furniture > Chairs > Arm Chairs, Recliners & Sleeper Chairs"
78157099,"Furniture > Chairs > Arm Chairs, Recliners & Sleeper Chairs"
78157103,"Furniture > Chairs > Arm Chairs, Recliners & Sleeper Chairs"
78157130,"Furniture > Chairs > Arm Chairs, Recliners & Sleeper Chairs"
78157131,"Furniture > Chairs > Arm Chairs, Recliners & Sleeper Chairs"
78157132,"Furniture > Chairs > Arm Chairs, Recliners & Sleeper Chairs"
78157333,"Furniture > Chairs > Arm Chairs, Recliners & Sleeper Chairs"
78157337,"Furniture > Chairs > Arm Chairs, Recliners & Sleeper Chairs"
78160255,Furniture > Sofas
78160259,Furniture > Sofas
78160286,Furniture > Sofas
78160301,Furniture > Sofas
78160303,Furniture > Sofas
78160306,Furniture > Sofas
78163324,Furniture > Sofas
78163327,Furniture > Sofas
78163331,Furniture > Sofas
78163353,Furniture > Sofas
78163367,Furniture > Sofas
78163400,Furniture > Sofas
78165249,Furniture > Sofas
78165250,Furniture > Sofas
78165256,Furniture > Sofas
78165262,Furniture > Sofas
78166347,Furniture > Sofas
78166792,Furniture > Sofas
78166806,Furniture > Sofas
78166808,Furniture > Sofas
78176484,Furniture > Ottomans
78176486,Furniture > Ottomans
78176496,Furniture > Ottomans
78176519,Furniture > Ottomans
78176521,Furniture > Ottomans
78176522,Furniture > Ottomans
78176528,Furniture > Ottomans
78176535,Furniture > Ottomans
78176536,Furniture > Ottomans
78176538,Furniture > Ottomans
78176539,Furniture > Ottomans
78181304,Furniture > Ottomans
78181306,Furniture > Ottomans
78181309,Furniture > Ottomans
78181312,Furniture > Ottomans
78181318,Furniture > Ottomans
78181319,Furniture > Ottomans
78181626,Furniture > Ottomans
78181628,Furniture > Ottomans
78487453,"Furniture > Chairs > Arm Chairs, Recliners & Sleeper Chairs"
78487458,"Furniture > Chairs > Arm Chairs, Recliners & Sleeper Chairs"
78487492,"Furniture > Chairs > Arm Chairs, Recliners & Sleeper Chairs"
78487596,"Furniture > Chairs > Arm Chairs, Recliners & Sleeper Chairs"
78487601,"Furniture > Chairs > Arm Chairs, Recliners & Sleeper Chairs"
78487603,"Furniture > Chairs > Arm Chairs, Recliners & Sleeper Chairs"
78487654,"Furniture > Chairs > Arm Chairs, Recliners & Sleeper Chairs"
78487931,"Furniture > Chairs > Arm Chairs, Recliners & Sleeper Chairs"
78487939,"Furniture > Chairs > Arm Chairs, Recliners & Sleeper Chairs"
78487942,"Furniture > Chairs > Arm Chairs, Recliners & Sleeper Chairs"
78487943,"Furniture > Chairs > Arm Chairs, Recliners & Sleeper Chairs"
78487950,"Furniture > Chairs > Arm Chairs, Recliners & Sleeper Chairs"
78487969,"Furniture > Chairs > Arm Chairs, Recliners & Sleeper Chairs"
78487970,"Furniture > Chairs > Arm Chairs, Recliners & Sleeper Chairs"
78487979,"Furniture > Chairs > Arm Chairs, Recliners & Sleeper Chairs"
78487993,"Furniture > Chairs > Arm Chairs, Recliners & Sleeper Chairs"
78488003,"Furniture > Chairs > Arm Chairs, Recliners & Sleeper Chairs"
78488117,"Furniture > Chairs > Arm Chairs, Recliners & Sleeper Chairs"
78488169,"Furniture > Chairs > Arm Chairs, Recliners & Sleeper Chairs"
78488639,"Furniture > Chairs > Arm Chairs, Recliners & Sleeper Chairs"
78488807,"Furniture > Chairs > Arm Chairs, Recliners & Sleeper Chairs"
78488809,"Furniture > Chairs > Arm Chairs, Recliners & Sleeper Chairs"
78488860,"Furniture > Chairs > Arm Chairs, Recliners & Sleeper Chairs"
78488862,"Furniture > Chairs > Arm Chairs, Recliners & Sleeper Chairs"
78488865,"Furniture > Chairs > Arm Chairs, Recliners & Sleeper Chairs"
78488874,"Furniture > Chairs > Arm Chairs, Recliners & Sleeper Chairs"
78488877,"Furniture > Chairs > Arm Chairs, Recliners & Sleeper Chairs"
78488882,"Furniture > Chairs > Arm Chairs, Recliners & Sleeper Chairs"
78488898,"Furniture > Chairs > Arm Chairs, Recliners & Sleeper Chairs"
78489027,"Furniture > Chairs > Arm Chairs, Recliners & Sleeper Chairs"
78489036,"Furniture > Chairs > Arm Chairs, Recliners & Sleeper Chairs"
78489045,"Furniture > Chairs > Arm Chairs, Recliners & Sleeper Chairs"
78489047,"Furniture > Chairs > Arm Chairs, Recliners & Sleeper Chairs"
78489057,"Furniture > Chairs > Arm Chairs, Recliners & Sleeper Chairs"
78489061,"Furniture > Chairs > Arm Chairs, Recliners & Sleeper Chairs"
78489110,"Furniture > Chairs > Arm Chairs, Recliners & Sleeper Chairs"
78489122,"Furniture > Chairs > Arm Chairs, Recliners & Sleeper Chairs"
78490833,Furniture > Ottomans
78490834,Furniture > Ottomans
78490849,Furniture > Ottomans
78490865,Furniture > Ottomans
78490866,Furniture > Ottomans
78490871,Furniture > Ottomans
78490873,Furniture > Ottomans
78490885,Furniture > Ottomans
78490886,Furniture > Ottomans
78490894,Furniture > Ottomans
78490904,Furniture > Ottomans
78490909,Furniture > Ottomans
78490911,Furniture > Ottomans
78490917,Furniture > Ottomans
78490920,Furniture > Ottomans
78490970,Furniture > Ottomans
78490971,Furniture > Ottomans
78490997,Furniture > Ottomans
78491000,Furniture > Ottomans
78492621,Furniture > Ottomans
78492622,Furniture > Ottomans
78492636,Furniture > Ottomans
78492639,Furniture > Ottomans
78492642,Furniture > Ottomans
78492645,Furniture > Ottomans
78492655,Furniture > Ottomans
78492731,Furniture > Ottomans
78492818,Furniture > Ottomans
78492903,Furniture > Ottomans
78492966,Furniture > Ottomans
78493041,Furniture > Ottomans
78497790,Furniture > Ottomans
78497792,Furniture > Ottomans
78497793,Furniture > Ottomans
78497796,Furniture > Ottomans
78497798,Furniture > Ottomans
78497884,Furniture > Ottomans
78497896,Furniture > Ottomans
78501881,Furniture > Futons
78501883,Furniture > Futons
78501932,Furniture > Futons
78501958,Furniture > Futons
78502197,Furniture > Futons
78502198,Furniture > Futons
78502209,Furniture > Futons
78502347,Furniture > Futons
78502391,Furniture > Futons
78502392,Furniture > Futons
78502394,Furniture > Futons
78502408,Furniture > Futons
78502443,Furniture > Futons
78502444,Furniture > Futons
78502449,Furniture > Futons
78502457,Furniture > Futons
78502458,Furniture > Futons
78502488,Furniture > Futons
78502492,Furniture > Futons
78503251,Furniture > Futons
78503260,Furniture > Futons
78503274,Furniture > Futons
78503276,Furniture > Futons
78503278,Furniture > Futons
78503283,Furniture > Futons
78503284,Furniture > Futons
78503291,Furniture > Futons
78503299,Furniture > Futons
78503301,Furniture > Futons
78503309,Furniture > Futons
78503312,Furniture > Futons
78503320,Furniture > Futons
78503357,Furniture > Futons
78503358,Furniture > Futons
78503450,Furniture > Futons
78503483,Furniture > Futons
78503684,Furniture > Futons
78503689,Furniture > Futons
78946240,Furniture
78948221,Furniture
78948475,Furniture
78948704,Furniture
7903266,"Furniture > Chairs > Arm Chairs, Recliners & Sleeper Chairs"
7903267,"Furniture > Chairs > Arm Chairs, Recliners & Sleeper Chairs"
7903268,"Furniture > Chairs > Arm Chairs, Recliners & Sleeper Chairs"
7903269,"Furniture > Chairs > Arm Chairs, Recliners & Sleeper Chairs"
7903270,"Furniture > Chairs > Arm Chairs, Recliners & Sleeper Chairs"
7903271,"Furniture > Chairs > Arm Chairs, Recliners & Sleeper Chairs"
7903273,"Furniture > Chairs > Arm Chairs, Recliners & Sleeper Chairs"
7903274,"Furniture > Chairs > Arm Chairs, Recliners & Sleeper Chairs"
7903275,"Furniture > Chairs > Arm Chairs, Recliners & Sleeper Chairs"
7903276,"Furniture > Chairs > Arm Chairs, Recliners & Sleeper Chairs"
7903277,"Furniture > Chairs > Arm Chairs, Recliners & Sleeper Chairs"
7903278,"Furniture > Chairs > Arm Chairs, Recliners & Sleeper Chairs"
7903279,"Furniture > Chairs > Arm Chairs, Recliners & Sleeper Chairs"
7903281,"Furniture > Chairs > Arm Chairs, Recliners & Sleeper Chairs"
7903282,"Furniture > Chairs > Arm Chairs, Recliners & Sleeper Chairs"
7903283,"Furniture > Chairs > Arm Chairs, Recliners & Sleeper Chairs"
7903284,"Furniture > Chairs > Arm Chairs, Recliners & Sleeper Chairs"
7903285,"Furniture > Chairs > Arm Chairs, Recliners & Sleeper Chairs"
7903286,"Furniture > Chairs > Arm Chairs, Recliners & Sleeper Chairs"
7903287,"Furniture > Chairs > Arm Chairs, Recliners & Sleeper Chairs"
7903288,"Furniture > Chairs > Arm Chairs, Recliners & Sleeper Chairs"
8211845,Furniture > Chairs > Kitchen & Dining Room Chairs
8211846,Furniture > Chairs > Kitchen & Dining Room Chairs
8211847,Furniture > Chairs > Kitchen & Dining Room Chairs
8211848,Furniture > Chairs > Kitchen & Dining Room Chairs
8211849,Furniture > Chairs > Kitchen & Dining Room Chairs
8211850,Furniture > Chairs > Kitchen & Dining Room Chairs
8211851,Furniture > Chairs > Kitchen & Dining Room Chairs
8211852,Furniture > Chairs > Kitchen & Dining Room Chairs
8211853,Furniture > Chairs > Kitchen & Dining Room Chairs
8211854,Furniture > Chairs > Kitchen & Dining Room Chairs
8211855,Furniture > Chairs > Kitchen & Dining Room Chairs
8211856,Furniture > Chairs > Kitchen & Dining Room Chairs
8211857,Furniture > Chairs > Kitchen & Dining Room Chairs
8211858,Furniture > Chairs > Kitchen & Dining Room Chairs
8211859,Furniture > Chairs > Kitchen & Dining Room Chairs
8211860,Furniture > Chairs > Kitchen & Dining Room Chairs
8211861,Furniture > Chairs > Kitchen & Dining Room Chairs
8211862,Furniture > Chairs > Kitchen & Dining Room Chairs
8211863,Furniture > Chairs > Kitchen & Dining Room Chairs
8211864,Furniture > Chairs > Kitchen & Dining Room Chairs
8211865,Furniture > Chairs > Kitchen & Dining Room Chairs
8211866,Furniture > Chairs > Kitchen & Dining Room Chairs
8211867,Furniture > Chairs > Kitchen & Dining Room Chairs
8211868,Furniture > Chairs > Kitchen & Dining Room Chairs
8211869,Furniture > Chairs > Kitchen & Dining Room Chairs
8211870,Furniture > Chairs > Kitchen & Dining Room Chairs
8211872,Furniture > Chairs > Kitchen & Dining Room Chairs
8211873,Furniture > Chairs > Kitchen & Dining Room Chairs
8211874,Furniture > Chairs > Kitchen & Dining Room Chairs
8211875,Furniture > Chairs > Kitchen & Dining Room Chairs
8211876,Furniture > Chairs > Kitchen & Dining Room Chairs
8211877,Furniture > Chairs > Kitchen & Dining Room Chairs
8211878,Furniture > Chairs > Kitchen & Dining Room Chairs
8211879,Furniture > Chairs > Kitchen & Dining Room Chairs
8211880,Furniture > Chairs > Kitchen & Dining Room Chairs
8211881,Furniture > Chairs > Kitchen & Dining Room Chairs
8211882,Furniture > Chairs > Kitchen & Dining Room Chairs
8211883,Furniture > Chairs > Kitchen & Dining Room Chairs
8211884,Furniture > Chairs > Kitchen & Dining Room Chairs
8211885,Furniture > Chairs > Kitchen & Dining Room Chairs
8211886,Furniture > Chairs > Kitchen & Dining Room Chairs
8211887,Furniture > Chairs > Kitchen & Dining Room Chairs
8211888,Furniture > Chairs > Kitchen & Dining Room Chairs
8211889,Furniture > Chairs > Kitchen & Dining Room Chairs
8211890,Furniture > Chairs > Kitchen & Dining Room Chairs
8211891,Furniture > Chairs > Kitchen & Dining Room Chairs
8212200,Furniture > Chairs > Kitchen & Dining Room Chairs
8212201,Furniture > Chairs > Kitchen & Dining Room Chairs
8212202,Furniture > Chairs > Kitchen & Dining Room Chairs
8212203,Furniture > Chairs > Kitchen & Dining Room Chairs
8212204,Furniture > Chairs > Kitchen & Dining Room Chairs
8212205,Furniture > Chairs > Kitchen & Dining Room Chairs
8212206,Furniture > Chairs > Kitchen & Dining Room Chairs
8212207,Furniture > Chairs > Kitchen & Dining Room Chairs
8212208,Furniture > Chairs > Kitchen & Dining Room Chairs
8212209,Furniture > Chairs > Kitchen & Dining Room Chairs
8212210,Furniture > Chairs > Kitchen & Dining Room Chairs
8212211,Furniture > Chairs > Kitchen & Dining Room Chairs
8212212,Furniture > Chairs > Kitchen & Dining Room Chairs
8212213,Furniture > Chairs > Kitchen & Dining Room Chairs
8212214,Furniture > Chairs > Kitchen & Dining Room Chairs
8212215,Furniture > Chairs > Kitchen & Dining Room Chairs
8212216,Furniture > Chairs > Kitchen & Dining Room Chairs
8212217,Furniture > Chairs > Kitchen & Dining Room Chairs
8212218,Furniture > Chairs > Kitchen & Dining Room Chairs
8212219,Furniture > Chairs > Kitchen & Dining Room Chairs
8212220,Furniture > Chairs > Kitchen & Dining Room Chairs
8212221,Furniture > Chairs > Kitchen & Dining Room Chairs
8212222,Furniture > Chairs > Kitchen & Dining Room Chairs
8212223,Furniture > Chairs > Kitchen & Dining Room Chairs
8212224,Furniture > Chairs > Kitchen & Dining Room Chairs
8212225,Furniture > Chairs > Kitchen & Dining Room Chairs
8212227,Furniture > Chairs > Kitchen & Dining Room Chairs
8212228,Furniture > Chairs > Kitchen & Dining Room Chairs
8212229,Furniture > Chairs > Kitchen & Dining Room Chairs
8212230,Furniture > Chairs > Kitchen & Dining Room Chairs
8212231,Furniture > Chairs > Kitchen & Dining Room Chairs
8212232,Furniture > Chairs > Kitchen & Dining Room Chairs
8212233,Furniture > Chairs > Kitchen & Dining Room Chairs
8212234,Furniture > Chairs > Kitchen & Dining Room Chairs
8212235,Furniture > Chairs > Kitchen & Dining Room Chairs
8212236,Furniture > Chairs > Kitchen & Dining Room Chairs
8212237,Furniture > Chairs > Kitchen & Dining Room Chairs
8212238,Furniture > Chairs > Kitchen & Dining Room Chairs
8212239,Furniture > Chairs > Kitchen & Dining Room Chairs
8212240,Furniture > Chairs > Kitchen & Dining Room Chairs
8212241,Furniture > Chairs > Kitchen & Dining Room Chairs
8212242,Furniture > Chairs > Kitchen & Dining Room Chairs
8212243,Furniture > Chairs > Kitchen & Dining Room Chairs
8212244,Furniture > Chairs > Kitchen & Dining Room Chairs
8212245,Furniture > Chairs > Kitchen & Dining Room Chairs
8212246,Furniture > Chairs > Kitchen & Dining Room Chairs
8266321,Furniture > Sofas
8266322,Furniture > Sofas
8266323,Furniture > Sofas
8266325,Furniture > Sofas
8266334,Furniture > Sofas
8268865,Furniture > Sofas
8311172,Furniture > Sofas
8311224,Furniture > Sofas
8311232,Furniture > Sofas
8311243,Furniture > Sofas
8311245,Furniture > Sofas
8311247,Furniture > Sofas
8311248,Furniture > Sofas
8311250,Furniture > Sofas
8311251,Furniture > Sofas
8311253,Furniture > Sofas
8311258,Furniture > Sofas
8311259,Furniture > Sofas
8311260,Furniture > Sofas
8311313,Furniture > Sofas
8311314,Furniture > Sofas
8311319,Furniture > Sofas
8311327,Furniture > Sofas
8311328,Furniture > Sofas
8311330,Furniture > Sofas
8311337,Furniture > Sofas
8311338,Furniture > Sofas
8311339,Furniture > Sofas
8311343,Furniture > Sofas
8311346,Furniture > Sofas
8311347,Furniture > Sofas
8311348,Furniture > Sofas
8311563,Furniture > Sofas
8311621,Furniture > Sofas
8311622,Furniture > Sofas
8311624,Furniture > Sofas
8311629,Furniture > Sofas
8311630,Furniture > Sofas
8311631,Furniture > Sofas
8311632,Furniture > Sofas
8311634,Furniture > Sofas
8311636,Furniture > Sofas
8311637,Furniture > Sofas
8311638,Furniture > Sofas
8311639,Furniture > Sofas
8311641,Furniture > Sofas
8311642,Furniture > Sofas
8311643,Furniture > Sofas
8311650,Furniture > Sofas
8311720,Furniture > Sofas
8311722,Furniture > Sofas
8312009,Furniture > Sofas
8312238,Furniture > Sofas
8312248,Furniture > Sofas
8312250,Furniture > Sofas
8312251,Furniture > Sofas
8312621,Furniture > Sofas
8312622,Furniture > Sofas
8313485,Furniture > Sofas
8313488,Furniture > Sofas
8313489,Furniture > Sofas
8313490,Furniture > Sofas
8313491,Furniture > Sofas
8313492,Furniture > Sofas
8313548,Furniture > Sofas
8313550,Furniture > Sofas
8378932,Furniture > Benches
8378934,Furniture > Benches
8378936,Furniture > Benches
8410122,Furniture > Benches
8410123,Furniture > Benches
8410124,Furniture > Benches
8448561,Furniture > Benches
8448602,Furniture > Benches
8448625,Furniture > Benches
8448627,Furniture > Benches
8448628,Furniture > Benches
8448629,Furniture > Benches
8448631,Furniture > Benches
8448632,Furniture > Benches
8448633,Furniture > Benches
8448637,Furniture > Benches
8448694,Furniture > Benches
8448731,Furniture > Benches
8448732,Furniture > Benches
8448744,Furniture > Benches
8449102,Furniture > Benches
8449105,Furniture > Benches
8449107,Furniture > Benches
8449109,Furniture > Benches
8449110,Furniture > Benches
8449111,Furniture > Benches
8449118,Furniture > Benches
8449119,Furniture > Benches
8449124,Furniture > Benches
8449127,Furniture > Benches
8449132,Furniture > Benches
8449133,Furniture > Benches
8449136,Furniture > Benches
8449138,Furniture > Benches
8450299,Furniture > Benches
8450301,Furniture > Benches
8450345,Furniture > Benches
8450349,Furniture > Benches
8450350,Furniture > Benches
8450351,Furniture > Benches
8450352,Furniture > Benches
8450353,Furniture > Benches
8450354,Furniture > Benches
8450355,Furniture > Benches
8450356,Furniture > Benches
8450357,Furniture > Benches
8450360,Furniture > Benches
8450362,Furniture > Benches
8450387,Furniture > Benches
8450389,Furniture > Benches
8450390,Furniture > Benches
8450396,Furniture > Benches
8450405,Furniture > Benches
8450406,Furniture > Benches
8450407,Furniture > Benches
8450409,Furniture > Benches
8450411,Furniture > Benches
8450412,Furniture > Benches
8450413,Furniture > Benches
8450421,Furniture > Benches
8450423,Furniture > Benches
8450424,Furniture > Benches
8452748,Furniture > Benches
8452749,Furniture > Benches
8452750,Furniture > Benches
8452751,Furniture > Benches
8452752,Furniture > Benches
8452753,Furniture > Benches
8452754,Furniture > Benches
8452755,Furniture > Benches
8452756,Furniture > Benches
8452757,Furniture > Benches
8452758,Furniture > Benches
8452759,Furniture > Benches
8452760,Furniture > Benches
8452761,Furniture > Benches
8452767,Furniture > Benches
8452768,Furniture > Benches
8452769,Furniture > Benches
8452785,Furniture > Benches
8452787,Furniture > Benches
8452792,Furniture > Benches
8452795,Furniture > Benches
8452798,Furniture > Benches
8452799,Furniture > Benches
8452800,Furniture > Benches
8452801,Furniture > Benches
8452807,Furniture > Benches
8452808,Furniture > Benches
8452811,Furniture > Benches
8455121,Furniture > Benches
8455122,Furniture > Benches
8455123,Furniture > Benches
8455124,Furniture > Benches
8455125,Furniture > Benches
8455126,Furniture > Benches
8455127,Furniture > Benches
8455128,Furniture > Benches
8455129,Furniture > Benches
8455130,Furniture > Benches
8455131,Furniture > Benches
8455132,Furniture > Benches
8455133,Furniture > Benches
8455134,Furniture > Benches
8455159,Furniture > Benches
8455161,Furniture > Benches
8455166,Furniture > Benches
8455167,Furniture > Benches
8455168,Furniture > Benches
8455170,Furniture > Benches
8455171,Furniture > Benches
8455172,Furniture > Benches
8455174,Furniture > Benches
8455175,Furniture > Benches
8455177,Furniture > Benches
8455178,Furniture > Benches
8455179,Furniture > Benches
8455180,Furniture > Benches
8464390,Furniture > Benches
8464447,Furniture > Benches
8464448,Furniture > Benches
8464449,Furniture > Benches
8464487,Furniture > Benches
8464488,Furniture > Benches
8464489,Furniture > Benches
8464631,Furniture > Benches
8464635,Furniture > Benches
8464640,Furniture > Benches
8464641,Furniture > Benches
8464642,Furniture > Benches
8464643,Furniture > Benches
8464649,Furniture > Benches
8464650,Furniture > Benches
8464653,Furniture > Benches
8464655,Furniture > Benches
8464656,Furniture > Benches
8464657,Furniture > Benches
8464658,Furniture > Benches
8464659,Furniture > Benches
8552315,"Furniture > Chairs > Arm Chairs, Recliners & Sleeper Chairs"
8552316,"Furniture > Chairs > Arm Chairs, Recliners & Sleeper Chairs"
8552317,"Furniture > Chairs > Arm Chairs, Recliners & Sleeper Chairs"
8552318,"Furniture > Chairs > Arm Chairs, Recliners & Sleeper Chairs"
8552319,"Furniture > Chairs > Arm Chairs, Recliners & Sleeper Chairs"
8552320,"Furniture > Chairs > Arm Chairs, Recliners & Sleeper Chairs"
8552321,"Furniture > Chairs > Arm Chairs, Recliners & Sleeper Chairs"
8552322,"Furniture > Chairs > Arm Chairs, Recliners & Sleeper Chairs"
8552327,"Furniture > Chairs > Arm Chairs, Recliners & Sleeper Chairs"
8552328,"Furniture > Chairs > Arm Chairs, Recliners & Sleeper Chairs"
8552330,"Furniture > Chairs > Arm Chairs, Recliners & Sleeper Chairs"
8552331,"Furniture > Chairs > Arm Chairs, Recliners & Sleeper Chairs"
8552332,"Furniture > Chairs > Arm Chairs, Recliners & Sleeper Chairs"
8552333,"Furniture > Chairs > Arm Chairs, Recliners & Sleeper Chairs"
8552385,"Furniture > Chairs > Arm Chairs, Recliners & Sleeper Chairs"
8552386,"Furniture > Chairs > Arm Chairs, Recliners & Sleeper Chairs"
8552387,"Furniture > Chairs > Arm Chairs, Recliners & Sleeper Chairs"
8552388,"Furniture > Chairs > Arm Chairs, Recliners & Sleeper Chairs"
8552389,"Furniture > Chairs > Arm Chairs, Recliners & Sleeper Chairs"
8552392,"Furniture > Chairs > Arm Chairs, Recliners & Sleeper Chairs"
8552393,"Furniture > Chairs > Arm Chairs, Recliners & Sleeper Chairs"
8552394,"Furniture > Chairs > Arm Chairs, Recliners & Sleeper Chairs"
8552395,"Furniture > Chairs > Arm Chairs, Recliners & Sleeper Chairs"
8552396,"Furniture > Chairs > Arm Chairs, Recliners & Sleeper Chairs"
8552397,"Furniture > Chairs > Arm Chairs, Recliners & Sleeper Chairs"
8552398,"Furniture > Chairs > Arm Chairs, Recliners & Sleeper Chairs"
8552510,"Furniture > Chairs > Arm Chairs, Recliners & Sleeper Chairs"
8552512,"Furniture > Chairs > Arm Chairs, Recliners & Sleeper Chairs"
8552513,"Furniture > Chairs > Arm Chairs, Recliners & Sleeper Chairs"
8552514,"Furniture > Chairs > Arm Chairs, Recliners & Sleeper Chairs"
8552515,"Furniture > Chairs > Arm Chairs, Recliners & Sleeper Chairs"
8552527,"Furniture > Chairs > Arm Chairs, Recliners & Sleeper Chairs"
8552529,"Furniture > Chairs > Arm Chairs, Recliners & Sleeper Chairs"
8552530,"Furniture > Chairs > Arm Chairs, Recliners & Sleeper Chairs"
8552555,"Furniture > Chairs > Arm Chairs, Recliners & Sleeper Chairs"
8552804,"Furniture > Chairs > Arm Chairs, Recliners & Sleeper Chairs"
8552816,"Furniture > Chairs > Arm Chairs, Recliners & Sleeper Chairs"
8557278,Furniture > Benches
8557280,Furniture > Benches
8557315,Furniture > Benches
8557316,Furniture > Benches
8557318,Furniture > Benches
8557319,Furniture > Benches
8557320,Furniture > Benches
8557321,Furniture > Benches
8557322,Furniture > Benches
8557324,Furniture > Benches
8557329,Furniture > Benches
8557331,Furniture > Benches
8557427,Furniture > Benches
8557470,Furniture > Benches
8557495,Furniture > Benches
8557496,Furniture > Benches
8557498,Furniture > Benches
8557499,Furniture > Benches
8557500,Furniture > Benches
8557501,Furniture > Benches
8557502,Furniture > Benches
8557503,Furniture > Benches
8557506,Furniture > Benches
8557509,Furniture > Benches
8557510,Furniture > Benches
8557520,Furniture > Benches
8560294,Furniture > Sofas
8560320,Furniture > Sofas
8560321,Furniture > Sofas
8560322,Furniture > Sofas
8560323,Furniture > Sofas
8560324,Furniture > Sofas
8560339,Furniture > Sofas
8560340,Furniture > Sofas
8560774,Furniture > Sofas
8560782,Furniture > Sofas
8560783,Furniture > Sofas
8560785,Furniture > Sofas
8560787,Furniture > Sofas
8560937,Furniture > Sofas
8560938,Furniture > Sofas
8560939,Furniture > Sofas
8560941,Furniture > Sofas
8560942,Furniture > Sofas
8560957,Furniture > Sofas
8560983,Furniture > Sofas
8560984,Furniture > Sofas
8560986,Furniture > Sofas
8561033,Furniture > Sofas
8561130,Furniture > Sofas
8561132,Furniture > Sofas
8561133,Furniture > Sofas
8561137,Furniture > Sofas
8561154,Furniture > Sofas
8561155,Furniture > Sofas
8561184,Furniture > Sofas
8561193,Furniture > Sofas
8561194,Furniture > Sofas
8561195,Furniture > Sofas
8561358,Furniture > Sofas
8561359,Furniture > Sofas
8561381,Furniture > Sofas
8561382,Furniture > Sofas
8561393,Furniture > Sofas
8561398,Furniture > Sofas
8561447,Furniture > Sofas
8561460,Furniture > Sofas
8561461,Furniture > Sofas
8561470,Furniture > Sofas
8561477,Furniture > Sofas
8561480,Furniture > Sofas
8561484,Furniture > Sofas
8561485,Furniture > Sofas
8563452,Furniture > Sofas
8563461,Furniture > Sofas
8563462,Furniture > Sofas
8563463,Furniture > Sofas
8563466,Furniture > Sofas
8563467,Furniture > Sofas
8563484,Furniture > Sofas
8563485,Furniture > Sofas
8563486,Furniture > Sofas
8563487,Furniture > Sofas
8563488,Furniture > Sofas
8563490,Furniture > Sofas
8563491,Furniture > Sofas
8563492,Furniture > Sofas
8563583,Furniture > Sofas
8563584,Furniture > Sofas
8563585,Furniture > Sofas
8563586,Furniture > Sofas
8563587,Furniture > Sofas
8563589,Furniture > Sofas
8563590,Furniture > Sofas
8563591,Furniture > Sofas
8563610,Furniture > Sofas
8563612,Furniture > Sofas
8563613,Furniture > Sofas
8563614,Furniture > Sofas
8563615,Furniture > Sofas
8563616,Furniture > Sofas
8563617,Furniture > Sofas
8563618,Furniture > Sofas
8563619,Furniture > Sofas
8563620,Furniture > Sofas
8563625,Furniture > Sofas
8563632,Furniture > Sofas
8563633,Furniture > Sofas
8563634,Furniture > Sofas
8563635,Furniture > Sofas
8563662,Furniture > Sofas
8563667,Furniture > Sofas
8563921,Furniture > Sofas
8563988,Furniture > Sofas
8563989,Furniture > Sofas
8563992,Furniture > Sofas
8563993,Furniture > Sofas
8564004,Furniture > Sofas
8564005,Furniture > Sofas
8564006,Furniture > Sofas
8564007,Furniture > Sofas
8564008,Furniture > Sofas
8564009,Furniture > Sofas
8564010,Furniture > Sofas
8564026,Furniture > Sofas
8564259,Furniture > Sofas
8564312,Furniture > Sofas
8564313,Furniture > Sofas
8564314,Furniture > Sofas
8564318,Furniture > Sofas
8564319,Furniture > Sofas
8564322,Furniture > Sofas
8564323,Furniture > Sofas
8564324,Furniture > Sofas
8564326,Furniture > Sofas
8564333,Furniture > Sofas
8564334,Furniture > Sofas
8564339,Furniture > Sofas
8564340,Furniture > Sofas
8564341,Furniture > Sofas
8564342,Furniture > Sofas
8564343,Furniture > Sofas
8564346,Furniture > Sofas
8564347,Furniture > Sofas
8564348,Furniture > Sofas
8564349,Furniture > Sofas
8564350,Furniture > Sofas
8564351,Furniture > Sofas
8564356,Furniture > Sofas
8564357,Furniture > Sofas
8564360,Furniture > Sofas
8564979,Furniture > Sofas
8564980,Furniture > Sofas
8564981,Furniture > Sofas
8564982,Furniture > Sofas
8564983,Furniture > Sofas
8564987,Furniture > Sofas
8564988,Furniture > Sofas
8564989,Furniture > Sofas
8564999,Furniture > Sofas
8565000,Furniture > Sofas
8565002,Furniture > Sofas
8565013,Furniture > Sofas
8565016,Furniture > Sofas
8565017,Furniture > Sofas
8565038,Furniture > Sofas
8565086,Furniture > Sofas
8565096,Furniture > Sofas
8565097,Furniture > Sofas
8565098,Furniture > Sofas
8565100,Furniture > Sofas
8565115,Furniture > Sofas
8565117,Furniture > Sofas
8565118,Furniture > Sofas
8565119,Furniture > Sofas
8565120,Furniture > Sofas
8565122,Furniture > Sofas
8565143,Furniture > Sofas
8565144,Furniture > Sofas
8565145,Furniture > Sofas
8565147,Furniture > Sofas
8565148,Furniture > Sofas
8565149,Furniture > Sofas
8565150,Furniture > Sofas
8565151,Furniture > Sofas
8565155,Furniture > Sofas
8565163,Furniture > Sofas
8565164,Furniture > Sofas
8565165,Furniture > Sofas
8565166,Furniture > Sofas
8566097,Furniture > Ottomans
8566192,Furniture > Ottomans
8566197,Furniture > Ottomans
8566199,Furniture > Ottomans
8566200,Furniture > Ottomans
8566201,Furniture > Ottomans
8566202,Furniture > Ottomans
8566203,Furniture > Ottomans
8566204,Furniture > Ottomans
8566213,Furniture > Ottomans
8566214,Furniture > Ottomans
8566218,Furniture > Ottomans
8566219,Furniture > Ottomans
8566458,Furniture > Ottomans
8566469,Furniture > Ottomans
8566478,Furniture > Ottomans
8566479,Furniture > Ottomans
8566487,Furniture > Ottomans
8566489,Furniture > Ottomans
8566490,Furniture > Ottomans
8566492,Furniture > Ottomans
8566495,Furniture > Ottomans
8566497,Furniture > Ottomans
8566498,Furniture > Ottomans
8566505,Furniture > Ottomans
8566506,Furniture > Ottomans
8566507,Furniture > Ottomans
8566508,Furniture > Ottomans
8566542,Furniture > Ottomans
8586378,Furniture > Benches
8586620,Furniture > Benches
8586635,Furniture > Benches
8586636,Furniture > Benches
8586637,Furniture > Benches
8586638,Furniture > Benches
8586642,Furniture > Benches
8586645,Furniture > Benches
8586646,Furniture > Benches
8586647,Furniture > Benches
8586648,Furniture > Benches
8586649,Furniture > Benches
8586650,Furniture > Benches
8586651,Furniture > Benches
8586657,Furniture > Benches
8586663,Furniture > Benches
8586664,Furniture > Benches
8586665,Furniture > Benches
8586666,Furniture > Benches
8586667,Furniture > Benches
8586672,Furniture > Benches
8586682,Furniture > Benches
8586688,Furniture > Benches
8586689,Furniture > Benches
8586690,Furniture > Benches
8586691,Furniture > Benches
8586702,Furniture > Benches
8586703,Furniture > Benches
8586704,Furniture > Benches
8593148,Furniture > Benches
8593149,Furniture > Benches
8593150,Furniture > Benches
8593151,Furniture > Benches
8593152,Furniture > Benches
8593174,Furniture > Benches
8593175,Furniture > Benches
8593176,Furniture > Benches
8593177,Furniture > Benches
8593178,Furniture > Benches
8593179,Furniture > Benches
8593180,Furniture > Benches
8593183,Furniture > Benches
8593192,Furniture > Benches
8593194,Furniture > Benches
8593195,Furniture > Benches
8593197,Furniture > Benches
8593199,Furniture > Benches
8593200,Furniture > Benches
8593201,Furniture > Benches
8593206,Furniture > Benches
8593213,Furniture > Benches
8593214,Furniture > Benches
8593215,Furniture > Benches
8593216,Furniture > Benches
8593217,Furniture > Benches
8593218,Furniture > Benches
8597878,Furniture > Sofas
8626556,Furniture > Sofas
8626557,Furniture > Sofas
8626558,Furniture > Sofas
8626560,Furniture > Sofas
8626561,Furniture > Sofas
8626562,Furniture > Sofas
8626563,Furniture > Sofas
8626573,Furniture > Sofas
8626574,Furniture > Sofas
8626575,Furniture > Sofas
8626576,Furniture > Sofas
8626578,Furniture > Sofas
8626579,Furniture > Sofas
8626580,Furniture > Sofas
8626581,Furniture > Sofas
8626613,Furniture > Sofas
8626614,Furniture > Sofas
8626616,Furniture > Sofas
8626619,Furniture > Sofas
8626622,Furniture > Sofas
8626623,Furniture > Sofas
8626658,Furniture > Sofas
8626659,Furniture > Sofas
8626660,Furniture > Sofas
8626661,Furniture > Sofas
8627935,Furniture > Sofas
8628042,Furniture > Sofas
8628047,Furniture > Sofas
8628048,Furniture > Sofas
8628050,Furniture > Sofas
8628051,Furniture > Sofas
8628052,Furniture > Sofas
8628053,Furniture > Sofas
8628054,Furniture > Sofas
8628056,Furniture > Sofas
8628057,Furniture > Sofas
8628058,Furniture > Sofas
8628059,Furniture > Sofas
8628061,Furniture > Sofas
8628062,Furniture > Sofas
8628288,Furniture > Sofas
8628289,Furniture > Sofas
8628290,Furniture > Sofas
8628322,Furniture > Sofas
8628323,Furniture > Sofas
8629062,Furniture > Sofas
8629091,Furniture > Sofas
8629097,Furniture > Sofas
8629098,Furniture > Sofas
8629103,Furniture > Sofas
8629106,Furniture > Sofas
8629107,Furniture > Sofas
8629108,Furniture > Sofas
8629109,Furniture > Sofas
8629110,Furniture > Sofas
8629117,Furniture > Sofas
8629118,Furniture > Sofas
8629120,Furniture > Sofas
8629126,Furniture > Sofas
8629130,Furniture > Sofas
8629133,Furniture > Sofas
8629134,Furniture > Sofas
8629135,Furniture > Sofas
8629136,Furniture > Sofas
8629137,Furniture > Sofas
8629421,Furniture > Benches
8630036,Furniture > Sofas
8630146,Furniture > Sofas
8630170,Furniture > Sofas
8630171,Furniture > Sofas
8630172,Furniture > Sofas
8630188,Furniture > Sofas
8630189,Furniture > Sofas
8630190,Furniture > Sofas
8630191,Furniture > Sofas
8630192,Furniture > Sofas
8630194,Furniture > Sofas
8630197,Furniture > Sofas
8630198,Furniture > Sofas
8630199,Furniture > Sofas
8630202,Furniture > Sofas
8630259,Furniture > Sofas
8630334,Furniture > Sofas
8630335,Furniture > Sofas
8630420,Furniture > Sofas
8630479,Furniture > Sofas
8630480,Furniture > Sofas
8630481,Furniture > Sofas
8630482,Furniture > Sofas
8630483,Furniture > Sofas
8630484,Furniture > Sofas
8630485,Furniture > Sofas
8630573,Furniture > Sofas
8630574,Furniture > Sofas
8630582,Furniture > Sofas
8631930,Furniture > Benches
8631935,Furniture > Benches
8639155,Furniture > Sofas
8639156,Furniture > Sofas
8639157,Furniture > Sofas
8639161,Furniture > Sofas
8639162,Furniture > Sofas
8639168,Furniture > Sofas
8639169,Furniture > Sofas
8639170,Furniture > Sofas
8639172,Furniture > Sofas
8639173,Furniture > Sofas
8639174,Furniture > Sofas
8639175,Furniture > Sofas
8639178,Furniture > Sofas
8639185,Furniture > Sofas
8639189,Furniture > Sofas
8639193,Furniture > Sofas
8639195,Furniture > Sofas
8639196,Furniture > Sofas
8639200,Furniture > Sofas
8639201,Furniture > Sofas
8639221,Furniture > Sofas
8639228,Furniture > Sofas
8639229,Furniture > Sofas
8639230,Furniture > Sofas
8639231,Furniture > Sofas
8639233,Furniture > Sofas
8639239,Furniture > Sofas
8639240,Furniture > Sofas
8639241,Furniture > Sofas
8639750,Furniture > Sofas
8641514,Furniture > Sofas
8641516,Furniture > Sofas
8641517,Furniture > Sofas
8641518,Furniture > Sofas
8641520,Furniture > Sofas
8641521,Furniture > Sofas
8641522,Furniture > Sofas
8641523,Furniture > Sofas
8641614,Furniture > Sofas
8641615,Furniture > Sofas
8641616,Furniture > Sofas
8641617,Furniture > Sofas
8641618,Furniture > Sofas
8641620,Furniture > Sofas
8641621,Furniture > Sofas
8641623,Furniture > Sofas
8641624,Furniture > Sofas
8641625,Furniture > Sofas
8641626,Furniture > Sofas
8641627,Furniture > Sofas
8641628,Furniture > Sofas
8641647,Furniture > Sofas
8641672,Furniture > Sofas
8641674,Furniture > Sofas
8642021,Furniture > Sofas
8642920,Furniture > Sofas
8643414,Furniture > Sofas
8644250,Furniture > Sofas
8644341,Furniture > Sofas
8644342,Furniture > Sofas
8644343,Furniture > Sofas
8644353,Furniture > Sofas
8644355,Furniture > Sofas
8644356,Furniture > Sofas
8644357,Furniture > Sofas
8644359,Furniture > Sofas
8644360,Furniture > Sofas
8644361,Furniture > Sofas
8644362,Furniture > Sofas
8644363,Furniture > Sofas
8644364,Furniture > Sofas
8644382,Furniture > Sofas
8644383,Furniture > Sofas
8644411,Furniture > Sofas
8644412,Furniture > Sofas
8644413,Furniture > Sofas
8644414,Furniture > Sofas
8644415,Furniture > Sofas
8644416,Furniture > Sofas
8644418,Furniture > Sofas
8644419,Furniture > Sofas
8644420,Furniture > Sofas
8644421,Furniture > Sofas
8644422,Furniture > Sofas
8644424,Furniture > Sofas
8644626,Furniture > Sofas
8644628,Furniture > Sofas
8644629,Furniture > Sofas
8644630,Furniture > Sofas
8644631,Furniture > Sofas
8644632,Furniture > Sofas
8644633,Furniture > Sofas
8644634,Furniture > Sofas
8644635,Furniture > Sofas
8644636,Furniture > Sofas
8644639,Furniture > Sofas
8644641,Furniture > Sofas
8644642,Furniture > Sofas
8644644,Furniture > Sofas
8644645,Furniture > Sofas
8644646,Furniture > Sofas
8644647,Furniture > Sofas
8644648,Furniture > Sofas
8644649,Furniture > Sofas
8644651,Furniture > Sofas
8644652,Furniture > Sofas
8644666,Furniture > Sofas
8644667,Furniture > Sofas
8644668,Furniture > Sofas
8644669,Furniture > Sofas
8644670,Furniture > Sofas
8644671,Furniture > Sofas
8644680,Furniture > Sofas
8644899,Furniture > Sofas
8644900,Furniture > Sofas
8644902,Furniture > Sofas
8644903,Furniture > Sofas
8644904,Furniture > Sofas
8644905,Furniture > Sofas
8644906,Furniture > Sofas
8644909,Furniture > Sofas
8644910,Furniture > Sofas
8644916,Furniture > Sofas
8644917,Furniture > Sofas
8644919,Furniture > Sofas
8644923,Furniture > Sofas
8644924,Furniture > Sofas
8644987,Furniture > Sofas
8644990,Furniture > Sofas
8644991,Furniture > Sofas
8644992,Furniture > Sofas
8644993,Furniture > Sofas
8645001,Furniture > Sofas
8645135,Furniture > Sofas
8645143,Furniture > Sofas
8645158,Furniture > Sofas
8645180,Furniture > Sofas
8645185,Furniture > Sofas
8645192,Furniture > Sofas
8645196,Furniture > Sofas
8645197,Furniture > Sofas
86598275,"Furniture > Chairs > Arm Chairs, Recliners & Sleeper Chairs"
86598276,"Furniture > Chairs > Arm Chairs, Recliners & Sleeper Chairs"
86598298,"Furniture > Chairs > Arm Chairs, Recliners & Sleeper Chairs"
86598299,"Furniture > Chairs > Arm Chairs, Recliners & Sleeper Chairs"
86598300,"Furniture > Chairs > Arm Chairs, Recliners & Sleeper Chairs"
86598301,"Furniture > Chairs > Arm Chairs, Recliners & Sleeper Chairs"
86598540,"Furniture > Chairs > Arm Chairs, Recliners & Sleeper Chairs"
86598541,"Furniture > Chairs > Arm Chairs, Recliners & Sleeper Chairs"
86598542,"Furniture > Chairs > Arm Chairs, Recliners & Sleeper Chairs"
86598543,"Furniture > Chairs > Arm Chairs, Recliners & Sleeper Chairs"
86598546,"Furniture > Chairs > Arm Chairs, Recliners & Sleeper Chairs"
86598717,"Furniture > Chairs > Arm Chairs, Recliners & Sleeper Chairs"
86598774,"Furniture > Chairs > Arm Chairs, Recliners & Sleeper Chairs"
86598775,"Furniture > Chairs > Arm Chairs, Recliners & Sleeper Chairs"
86598776,"Furniture > Chairs > Arm Chairs, Recliners & Sleeper Chairs"
86598777,"Furniture > Chairs > Arm Chairs, Recliners & Sleeper Chairs"
86598790,"Furniture > Chairs > Arm Chairs, Recliners & Sleeper Chairs"
86598791,"Furniture > Chairs > Arm Chairs, Recliners & Sleeper Chairs"
86598792,"Furniture > Chairs > Arm Chairs, Recliners & Sleeper Chairs"
86598834,"Furniture > Chairs > Arm Chairs, Recliners & Sleeper Chairs"
86598835,"Furniture > Chairs > Arm Chairs, Recliners & Sleeper Chairs"
86598837,"Furniture > Chairs > Arm Chairs, Recliners & Sleeper Chairs"
86598838,"Furniture > Chairs > Arm Chairs, Recliners & Sleeper Chairs"
86598839,"Furniture > Chairs > Arm Chairs, Recliners & Sleeper Chairs"
86600626,"Furniture > Chairs > Arm Chairs, Recliners & Sleeper Chairs"
86600627,"Furniture > Chairs > Arm Chairs, Recliners & Sleeper Chairs"
86600628,"Furniture > Chairs > Arm Chairs, Recliners & Sleeper Chairs"
86600629,"Furniture > Chairs > Arm Chairs, Recliners & Sleeper Chairs"
86600630,"Furniture > Chairs > Arm Chairs, Recliners & Sleeper Chairs"
86600631,"Furniture > Chairs > Arm Chairs, Recliners & Sleeper Chairs"
86600646,"Furniture > Chairs > Arm Chairs, Recliners & Sleeper Chairs"
86600647,"Furniture > Chairs > Arm Chairs, Recliners & Sleeper Chairs"
86600652,"Furniture > Chairs > Arm Chairs, Recliners & Sleeper Chairs"
86600660,"Furniture > Chairs > Arm Chairs, Recliners & Sleeper Chairs"
86600661,"Furniture > Chairs > Arm Chairs, Recliners & Sleeper Chairs"
86600662,"Furniture > Chairs > Arm Chairs, Recliners & Sleeper Chairs"
86600663,"Furniture > Chairs > Arm Chairs, Recliners & Sleeper Chairs"
86600664,"Furniture > Chairs > Arm Chairs, Recliners & Sleeper Chairs"
86600668,"Furniture > Chairs > Arm Chairs, Recliners & Sleeper Chairs"
86600669,"Furniture > Chairs > Arm Chairs, Recliners & Sleeper Chairs"
86600670,"Furniture > Chairs > Arm Chairs, Recliners & Sleeper Chairs"
86600671,"Furniture > Chairs > Arm Chairs, Recliners & Sleeper Chairs"
86600672,"Furniture > Chairs > Arm Chairs, Recliners & Sleeper Chairs"
86600673,"Furniture > Chairs > Arm Chairs, Recliners & Sleeper Chairs"
86600674,"Furniture > Chairs > Arm Chairs, Recliners & Sleeper Chairs"
86600675,"Furniture > Chairs > Arm Chairs, Recliners & Sleeper Chairs"
86600680,"Furniture > Chairs > Arm Chairs, Recliners & Sleeper Chairs"
8683295,Furniture > Chairs > Chaises
8683304,Furniture > Chairs > Chaises
8683305,Furniture > Chairs > Chaises
8683306,Furniture > Chairs > Chaises
8683308,Furniture > Chairs > Chaises
8683309,Furniture > Chairs > Chaises
8683311,Furniture > Chairs > Chaises
8683317,Furniture > Chairs > Chaises
8683319,Furniture > Chairs > Chaises
8685818,Furniture > Benches
8685824,Furniture > Benches
8685825,Furniture > Benches
8686121,Furniture > Chairs > Chaises
8686126,Furniture > Chairs > Chaises
8686131,Furniture > Chairs > Chaises
8686132,Furniture > Chairs > Chaises
8686137,Furniture > Chairs > Chaises
8686138,Furniture > Chairs > Chaises
8686139,Furniture > Chairs > Chaises
8686140,Furniture > Chairs > Chaises
8686165,Furniture > Chairs > Chaises
8686166,Furniture > Chairs > Chaises
8686170,Furniture > Chairs > Chaises
8686316,Furniture > Chairs > Chaises
8686318,Furniture > Chairs > Chaises
8686321,Furniture > Chairs > Chaises
8686333,Furniture > Chairs > Chaises
8686334,Furniture > Chairs > Chaises
8686335,Furniture > Chairs > Chaises
8686336,Furniture > Chairs > Chaises
8686337,Furniture > Chairs > Chaises
8686338,Furniture > Chairs > Chaises
8686339,Furniture > Chairs > Chaises
8686340,Furniture > Chairs > Chaises
8686342,Furniture > Chairs > Chaises
8686343,Furniture > Chairs > Chaises
8686344,Furniture > Chairs > Chaises
8686345,Furniture > Chairs > Chaises
8686346,Furniture > Chairs > Chaises
8686347,Furniture > Chairs > Chaises
8686662,Furniture > Sofas
8686734,Furniture > Sofas
8686735,Furniture > Sofas
8686736,Furniture > Sofas
8686764,Furniture > Sofas
8686765,Furniture > Sofas
8686785,Furniture > Sofas
8686786,Furniture > Sofas
86893570,Furniture > Benches
86893571,Furniture > Benches
86893572,Furniture > Benches
86893573,Furniture > Benches
86893574,Furniture > Benches
86893575,Furniture > Benches
86893590,Furniture > Benches
86893591,Furniture > Benches
86893592,Furniture > Benches
86893593,Furniture > Benches
86893596,Furniture > Benches
86893604,Furniture > Benches
86893605,Furniture > Benches
86893606,Furniture > Benches
86893607,Furniture > Benches
86893608,Furniture > Benches
86893612,Furniture > Benches
86893613,Furniture > Benches
86893614,Furniture > Benches
86893615,Furniture > Benches
86893616,Furniture > Benches
86893617,Furniture > Benches
86893618,Furniture > Benches
86893619,Furniture > Benches
8692420,Furniture > Sofas
8692429,Furniture > Sofas
8692497,Furniture > Sofas
8692499,Furniture > Sofas
8692500,Furniture > Sofas
8692502,Furniture > Sofas
8693149,Furniture > Sofas
8693222,Furniture > Sofas
86940085,Furniture > Sofas
86940086,Furniture > Sofas
86940087,Furniture > Sofas
86940088,Furniture > Sofas
86940089,Furniture > Sofas
86940090,Furniture > Sofas
86940105,Furniture > Sofas
86940106,Furniture > Sofas
86940107,Furniture > Sofas
86940108,Furniture > Sofas
86940111,Furniture > Sofas
86940119,Furniture > Sofas
86940120,Furniture > Sofas
86940121,Furniture > Sofas
86940122,Furniture > Sofas
86940123,Furniture > Sofas
86940127,Furniture > Sofas
86940128,Furniture > Sofas
86940129,Furniture > Sofas
86940130,Furniture > Sofas
86940131,Furniture > Sofas
86940132,Furniture > Sofas
86940133,Furniture > Sofas
86940134,Furniture > Sofas
86949453,Furniture > Sofas
86949454,Furniture > Sofas
86949457,Furniture > Sofas
86949458,Furniture > Sofas
86949461,Furniture > Sofas
86949462,Furniture > Sofas
86949492,Furniture > Sofas
86949493,Furniture > Sofas
86949497,Furniture > Sofas
86949498,Furniture > Sofas
86949504,Furniture > Sofas
86949522,Furniture > Sofas
86949525,Furniture > Sofas
86949526,Furniture > Sofas
86949527,Furniture > Sofas
86949530,Furniture > Sofas
86949536,Furniture > Sofas
86949538,Furniture > Sofas
86949539,Furniture > Sofas
86949540,Furniture > Sofas
86949542,Furniture > Sofas
86949543,Furniture > Sofas
86949544,Furniture > Sofas
86949545,Furniture > Sofas
86955644,Furniture > Sofas
86955645,Furniture > Sofas
86955646,Furniture > Sofas
86955647,Furniture > Sofas
86955648,Furniture > Sofas
86955649,Furniture > Sofas
86955653,Furniture > Sofas
86955654,Furniture > Sofas
86955655,Furniture > Sofas
86955660,Furniture > Sofas
86955661,Furniture > Sofas
86955662,Furniture > Sofas
86955663,Furniture > Sofas
86955664,Furniture > Sofas
86955665,Furniture > Sofas
86955666,Furniture > Sofas
86955667,Furniture > Sofas
86955670,Furniture > Sofas
86955673,Furniture > Sofas
86955674,Furniture > Sofas
86955675,Furniture > Sofas
86955676,Furniture > Sofas
86955677,Furniture > Sofas
86955678,Furniture > Sofas
86955679,Furniture > Sofas
86955680,Furniture > Sofas
86955681,Furniture > Sofas
86955682,Furniture > Sofas
86955686,Furniture > Sofas
86955687,Furniture > Sofas
86955688,Furniture > Sofas
86955689,Furniture > Sofas
86955690,Furniture > Sofas
86955691,Furniture > Sofas
86955692,Furniture > Sofas
86955693,Furniture > Sofas
86955694,Furniture > Sofas
86955695,Furniture > Sofas
86955696,Furniture > Sofas
86955697,Furniture > Sofas
86955703,Furniture > Sofas
86955704,Furniture > Sofas
86955705,Furniture > Sofas
86955706,Furniture > Sofas
86955707,Furniture > Sofas
86963133,Furniture > Sofas
86963134,Furniture > Sofas
86963135,Furniture > Sofas
86963136,Furniture > Sofas
86963137,Furniture > Sofas
86963138,Furniture > Sofas
86963153,Furniture > Sofas
86963154,Furniture > Sofas
86963155,Furniture > Sofas
86963156,Furniture > Sofas
86963159,Furniture > Sofas
86963167,Furniture > Sofas
86963168,Furniture > Sofas
86963169,Furniture > Sofas
86963170,Furniture > Sofas
86963171,Furniture > Sofas
86963175,Furniture > Sofas
86963176,Furniture > Sofas
86963177,Furniture > Sofas
86963178,Furniture > Sofas
86963179,Furniture > Sofas
86963180,Furniture > Sofas
86963181,Furniture > Sofas
86963182,Furniture > Sofas
87164928,Furniture > Cabinets & Storage > Buffets & Sideboards
8743639,Furniture > Chairs > Kitchen & Dining Room Chairs
8743641,Furniture > Chairs > Kitchen & Dining Room Chairs
8743828,Furniture > Chairs > Kitchen & Dining Room Chairs
8743829,Furniture > Chairs > Kitchen & Dining Room Chairs
8756561,Furniture > Chairs > Chaises
8756562,Furniture > Chairs > Chaises
8756563,Furniture > Chairs > Chaises
8756564,Furniture > Chairs > Chaises
8756573,Furniture > Chairs > Chaises
8756574,Furniture > Chairs > Chaises
8756575,Furniture > Chairs > Chaises
8756582,Furniture > Chairs > Chaises
8756587,Furniture > Chairs > Chaises
8756588,Furniture > Chairs > Chaises
8756589,Furniture > Chairs > Chaises
8756591,Furniture > Chairs > Chaises
8756592,Furniture > Chairs > Chaises
8756593,Furniture > Chairs > Chaises
8756596,Furniture > Chairs > Chaises
8756597,Furniture > Chairs > Chaises
8756599,Furniture > Chairs > Chaises
8756716,Furniture > Chairs > Chaises
8756717,Furniture > Chairs > Chaises
8756718,Furniture > Chairs > Chaises
8756720,Furniture > Chairs > Chaises
8756725,Furniture > Chairs > Chaises
8756727,Furniture > Chairs > Chaises
8756728,Furniture > Chairs > Chaises
8756729,Furniture > Chairs > Chaises
8756730,Furniture > Chairs > Chaises
8756731,Furniture > Chairs > Chaises
8756732,Furniture > Chairs > Chaises
8766169,Furniture > Sofas
8766172,Furniture > Sofas
8766182,Furniture > Sofas
8766183,Furniture > Sofas
8766184,Furniture > Sofas
8766185,Furniture > Sofas
8766193,Furniture > Sofas
8766209,Furniture > Sofas
8767147,Furniture > Sofas
8767203,Furniture > Sofas
8767204,Furniture > Sofas
8767205,Furniture > Sofas
8767210,Furniture > Sofas
8767211,Furniture > Sofas
8767219,Furniture > Sofas
8767225,Furniture > Sofas
8773521,Furniture > Sofas
8773523,Furniture > Sofas
8773525,Furniture > Sofas
8773526,Furniture > Sofas
8773527,Furniture > Sofas
8773528,Furniture > Sofas
8773554,Furniture > Sofas
8773558,Furniture > Sofas
88026370,Furniture > Benches
88026376,Furniture > Benches
88032041,Furniture > Benches
88032140,Furniture > Benches
88032426,Furniture > Benches
88032466,Furniture > Benches
8808688,Furniture > Ottomans
88124908,Furniture > Cabinets & Storage > Buffets & Sideboards
88124916,Furniture > Cabinets & Storage > Buffets & Sideboards
88124994,Furniture > Cabinets & Storage > Buffets & Sideboards
88125024,Furniture > Cabinets & Storage > Buffets & Sideboards
88125043,Furniture > Cabinets & Storage > Buffets & Sideboards
88128153,Furniture > Benches
88140786,Furniture > Cabinets & Storage > Buffets & Sideboards
88148528,Furniture > Cabinets & Storage > Buffets & Sideboards
88149970,Furniture > Cabinets & Storage > Buffets & Sideboards
88150870,Furniture > Cabinets & Storage > Buffets & Sideboards
8828858,Furniture > Ottomans
8829240,Furniture > Ottomans
8829241,Furniture > Ottomans
8829248,Furniture > Ottomans
8829249,Furniture > Ottomans
8829251,Furniture > Ottomans
8829255,Furniture > Ottomans
8829262,Furniture > Ottomans
8829263,Furniture > Ottomans
8829264,Furniture > Ottomans
8829266,Furniture > Ottomans
8829267,Furniture > Ottomans
8829269,Furniture > Ottomans
8829270,Furniture > Ottomans
8829272,Furniture > Ottomans
8829273,Furniture > Ottomans
8829274,Furniture > Ottomans
8829275,Furniture > Ottomans
8829277,Furniture > Ottomans
8829278,Furniture > Ottomans
8829279,Furniture > Ottomans
8832889,Furniture > Ottomans
8832891,Furniture > Ottomans
8833784,Furniture > Ottomans
8833820,Furniture > Ottomans
8833822,Furniture > Ottomans
8833823,Furniture > Ottomans
8833824,Furniture > Ottomans
8833825,Furniture > Ottomans
8833828,Furniture > Ottomans
8833832,Furniture > Ottomans
8833842,Furniture > Ottomans
8833843,Furniture > Ottomans
8833844,Furniture > Ottomans
8833934,Furniture > Ottomans
8833965,Furniture > Ottomans
8833966,Furniture > Ottomans
8833967,Furniture > Ottomans
8833970,Furniture > Ottomans
8833972,Furniture > Ottomans
8833977,Furniture > Ottomans
8834586,Furniture > Ottomans
8834589,Furniture > Ottomans
8834590,Furniture > Ottomans
8834592,Furniture > Ottomans
8834593,Furniture > Ottomans
8834631,Furniture > Ottomans
8834650,Furniture > Ottomans
8834651,Furniture > Ottomans
8834675,Furniture > Ottomans
8834676,Furniture > Ottomans
8834677,Furniture > Ottomans
8834678,Furniture > Ottomans
8834682,Furniture > Ottomans
8834692,Furniture > Ottomans
8835162,Furniture > Ottomans
8835177,Furniture > Ottomans
8835178,Furniture > Ottomans
8835179,Furniture > Ottomans
8835180,Furniture > Ottomans
8835188,Furniture > Ottomans
8835192,Furniture > Ottomans
8835193,Furniture > Ottomans
8835194,Furniture > Ottomans
8835195,Furniture > Ottomans
8835196,Furniture > Ottomans
8835201,Furniture > Ottomans
8835251,Furniture > Ottomans
8835252,Furniture > Ottomans
8835253,Furniture > Ottomans
8835255,Furniture > Ottomans
8835256,Furniture > Ottomans
8835257,Furniture > Ottomans
8835342,Furniture > Ottomans
8835345,Furniture > Ottomans
8835346,Furniture > Ottomans
8835347,Furniture > Ottomans
8835348,Furniture > Ottomans
8835350,Furniture > Ottomans
8835351,Furniture > Ottomans
8835353,Furniture > Ottomans
8836376,Furniture > Chairs > Kitchen & Dining Room Chairs
8836377,Furniture > Chairs > Kitchen & Dining Room Chairs
8836378,Furniture > Chairs > Kitchen & Dining Room Chairs
8836379,Furniture > Chairs > Kitchen & Dining Room Chairs
8836380,Furniture > Chairs > Kitchen & Dining Room Chairs
8836381,Furniture > Chairs > Kitchen & Dining Room Chairs
8836382,Furniture > Chairs > Kitchen & Dining Room Chairs
8836383,Furniture > Chairs > Kitchen & Dining Room Chairs
8836384,Furniture > Chairs > Kitchen & Dining Room Chairs
8836385,Furniture > Chairs > Kitchen & Dining Room Chairs
8836386,Furniture > Chairs > Kitchen & Dining Room Chairs
8836387,Furniture > Chairs > Kitchen & Dining Room Chairs
8836388,Furniture > Chairs > Kitchen & Dining Room Chairs
8836389,Furniture > Chairs > Kitchen & Dining Room Chairs
8836397,Furniture > Chairs > Kitchen & Dining Room Chairs
8836398,Furniture > Chairs > Kitchen & Dining Room Chairs
8836399,Furniture > Chairs > Kitchen & Dining Room Chairs
8836400,Furniture > Chairs > Kitchen & Dining Room Chairs
8836401,Furniture > Chairs > Kitchen & Dining Room Chairs
8836403,Furniture > Chairs > Kitchen & Dining Room Chairs
8836404,Furniture > Chairs > Kitchen & Dining Room Chairs
8836405,Furniture > Chairs > Kitchen & Dining Room Chairs
8836406,Furniture > Chairs > Kitchen & Dining Room Chairs
8836408,Furniture > Chairs > Kitchen & Dining Room Chairs
8836409,Furniture > Chairs > Kitchen & Dining Room Chairs
8836410,Furniture > Chairs > Kitchen & Dining Room Chairs
8836411,Furniture > Chairs > Kitchen & Dining Room Chairs
8836412,Furniture > Chairs > Kitchen & Dining Room Chairs
8836413,Furniture > Chairs > Kitchen & Dining Room Chairs
8836414,Furniture > Chairs > Kitchen & Dining Room Chairs
8836415,Furniture > Chairs > Kitchen & Dining Room Chairs
8836416,Furniture > Chairs > Kitchen & Dining Room Chairs
8836417,Furniture > Chairs > Kitchen & Dining Room Chairs
8836418,Furniture > Chairs > Kitchen & Dining Room Chairs
8836419,Furniture > Chairs > Kitchen & Dining Room Chairs
8836420,Furniture > Chairs > Kitchen & Dining Room Chairs
8836421,Furniture > Chairs > Kitchen & Dining Room Chairs
8836422,Furniture > Chairs > Kitchen & Dining Room Chairs
8836423,Furniture > Chairs > Kitchen & Dining Room Chairs
8838338,Furniture > Chairs > Kitchen & Dining Room Chairs
8838339,Furniture > Chairs > Kitchen & Dining Room Chairs
8838340,Furniture > Chairs > Kitchen & Dining Room Chairs
8838341,Furniture > Chairs > Kitchen & Dining Room Chairs
8838342,Furniture > Chairs > Kitchen & Dining Room Chairs
8838343,Furniture > Chairs > Kitchen & Dining Room Chairs
8838344,Furniture > Chairs > Kitchen & Dining Room Chairs
8838345,Furniture > Chairs > Kitchen & Dining Room Chairs
8838346,Furniture > Chairs > Kitchen & Dining Room Chairs
8838347,Furniture > Chairs > Kitchen & Dining Room Chairs
8838348,Furniture > Chairs > Kitchen & Dining Room Chairs
8838349,Furniture > Chairs > Kitchen & Dining Room Chairs
8838350,Furniture > Chairs > Kitchen & Dining Room Chairs
8838351,Furniture > Chairs > Kitchen & Dining Room Chairs
8838359,Furniture > Chairs > Kitchen & Dining Room Chairs
8838360,Furniture > Chairs > Kitchen & Dining Room Chairs
8838361,Furniture > Chairs > Kitchen & Dining Room Chairs
8838362,Furniture > Chairs > Kitchen & Dining Room Chairs
8838363,Furniture > Chairs > Kitchen & Dining Room Chairs
8838365,Furniture > Chairs > Kitchen & Dining Room Chairs
8838366,Furniture > Chairs > Kitchen & Dining Room Chairs
8838367,Furniture > Chairs > Kitchen & Dining Room Chairs
8838368,Furniture > Chairs > Kitchen & Dining Room Chairs
8838369,Furniture > Chairs > Kitchen & Dining Room Chairs
8838370,Furniture > Chairs > Kitchen & Dining Room Chairs
8838371,Furniture > Chairs > Kitchen & Dining Room Chairs
8838372,Furniture > Chairs > Kitchen & Dining Room Chairs
8838373,Furniture > Chairs > Kitchen & Dining Room Chairs
8838374,Furniture > Chairs > Kitchen & Dining Room Chairs
8838375,Furniture > Chairs > Kitchen & Dining Room Chairs
8838376,Furniture > Chairs > Kitchen & Dining Room Chairs
8838377,Furniture > Chairs > Kitchen & Dining Room Chairs
8838378,Furniture > Chairs > Kitchen & Dining Room Chairs
8838379,Furniture > Chairs > Kitchen & Dining Room Chairs
8838380,Furniture > Chairs > Kitchen & Dining Room Chairs
8838381,Furniture > Chairs > Kitchen & Dining Room Chairs
8838382,Furniture > Chairs > Kitchen & Dining Room Chairs
8838383,Furniture > Chairs > Kitchen & Dining Room Chairs
8838384,Furniture > Chairs > Kitchen & Dining Room Chairs
8841684,Furniture > Ottomans
8841685,Furniture > Ottomans
8841686,Furniture > Ottomans
8841687,Furniture > Ottomans
8841688,Furniture > Ottomans
8841689,Furniture > Ottomans
8841690,Furniture > Ottomans
8841691,Furniture > Ottomans
8841692,Furniture > Ottomans
8841817,Furniture > Ottomans
8841827,Furniture > Ottomans
8841828,Furniture > Ottomans
8841830,Furniture > Ottomans
8841915,Furniture > Ottomans
8880000,Furniture > Ottomans
8880002,Furniture > Ottomans
8880004,Furniture > Ottomans
8880005,Furniture > Ottomans
8880006,Furniture > Ottomans
8880007,Furniture > Ottomans
8880008,Furniture > Ottomans
8880009,Furniture > Ottomans
8880010,Furniture > Ottomans
8880011,Furniture > Ottomans
8880012,Furniture > Ottomans
8880013,Furniture > Ottomans
8880019,Furniture > Ottomans
8880070,Furniture > Ottomans
8880071,Furniture > Ottomans
8880074,Furniture > Ottomans
8880075,Furniture > Ottomans
8880076,Furniture > Ottomans
8880081,Furniture > Ottomans
8880165,Furniture > Ottomans
8880166,Furniture > Ottomans
8880170,Furniture > Ottomans
8880171,Furniture > Ottomans
8880308,Furniture > Ottomans
8880326,Furniture > Ottomans
8880327,Furniture > Ottomans
8880351,Furniture > Ottomans
8880352,Furniture > Ottomans
8880354,Furniture > Ottomans
8880355,Furniture > Ottomans
8880356,Furniture > Ottomans
8880358,Furniture > Ottomans
8880359,Furniture > Ottomans
8880360,Furniture > Ottomans
8880377,Furniture > Ottomans
8880385,Furniture > Ottomans
8880386,Furniture > Ottomans
8880387,Furniture > Ottomans
8902964,"Furniture > Chairs > Arm Chairs, Recliners & Sleeper Chairs"
8903120,"Furniture > Chairs > Arm Chairs, Recliners & Sleeper Chairs"
8942396,"Furniture > Chairs > Arm Chairs, Recliners & Sleeper Chairs"
8942404,"Furniture > Chairs > Arm Chairs, Recliners & Sleeper Chairs"
8942445,"Furniture > Chairs > Arm Chairs, Recliners & Sleeper Chairs"
8942479,"Furniture > Chairs > Arm Chairs, Recliners & Sleeper Chairs"
8942480,"Furniture > Chairs > Arm Chairs, Recliners & Sleeper Chairs"
8942481,"Furniture > Chairs > Arm Chairs, Recliners & Sleeper Chairs"
8942482,"Furniture > Chairs > Arm Chairs, Recliners & Sleeper Chairs"
8942483,"Furniture > Chairs > Arm Chairs, Recliners & Sleeper Chairs"
8942497,"Furniture > Chairs > Arm Chairs, Recliners & Sleeper Chairs"
8942506,"Furniture > Chairs > Arm Chairs, Recliners & Sleeper Chairs"
8942507,"Furniture > Chairs > Arm Chairs, Recliners & Sleeper Chairs"
8942535,"Furniture > Chairs > Arm Chairs, Recliners & Sleeper Chairs"
8942536,"Furniture > Chairs > Arm Chairs, Recliners & Sleeper Chairs"
8942585,"Furniture > Chairs > Arm Chairs, Recliners & Sleeper Chairs"
8942586,"Furniture > Chairs > Arm Chairs, Recliners & Sleeper Chairs"
8942587,"Furniture > Chairs > Arm Chairs, Recliners & Sleeper Chairs"
8942588,"Furniture > Chairs > Arm Chairs, Recliners & Sleeper Chairs"
8942589,"Furniture > Chairs > Arm Chairs, Recliners & Sleeper Chairs"
8942618,"Furniture > Chairs > Arm Chairs, Recliners & Sleeper Chairs"
8942619,"Furniture > Chairs > Arm Chairs, Recliners & Sleeper Chairs"
8942620,"Furniture > Chairs > Arm Chairs, Recliners & Sleeper Chairs"
8942622,"Furniture > Chairs > Arm Chairs, Recliners & Sleeper Chairs"
8942627,"Furniture > Chairs > Arm Chairs, Recliners & Sleeper Chairs"
8942632,"Furniture > Chairs > Arm Chairs, Recliners & Sleeper Chairs"
8942638,"Furniture > Chairs > Arm Chairs, Recliners & Sleeper Chairs"
8942639,"Furniture > Chairs > Arm Chairs, Recliners & Sleeper Chairs"
8957169,"Furniture > Chairs > Arm Chairs, Recliners & Sleeper Chairs"
8957172,"Furniture > Chairs > Arm Chairs, Recliners & Sleeper Chairs"
8957182,"Furniture > Chairs > Arm Chairs, Recliners & Sleeper Chairs"
8957186,"Furniture > Chairs > Arm Chairs, Recliners & Sleeper Chairs"
8957455,"Furniture > Chairs > Arm Chairs, Recliners & Sleeper Chairs"
8957823,"Furniture > Chairs > Arm Chairs, Recliners & Sleeper Chairs"
8957824,"Furniture > Chairs > Arm Chairs, Recliners & Sleeper Chairs"
8957825,"Furniture > Chairs > Arm Chairs, Recliners & Sleeper Chairs"
8957827,"Furniture > Chairs > Arm Chairs, Recliners & Sleeper Chairs"
8957828,"Furniture > Chairs > Arm Chairs, Recliners & Sleeper Chairs"
8957829,"Furniture > Chairs > Arm Chairs, Recliners & Sleeper Chairs"
8957831,"Furniture > Chairs > Arm Chairs, Recliners & Sleeper Chairs"
8957833,"Furniture > Chairs > Arm Chairs, Recliners & Sleeper Chairs"
8957837,"Furniture > Chairs > Arm Chairs, Recliners & Sleeper Chairs"
8957845,"Furniture > Chairs > Arm Chairs, Recliners & Sleeper Chairs"
8957862,"Furniture > Chairs > Arm Chairs, Recliners & Sleeper Chairs"
8957863,"Furniture > Chairs > Arm Chairs, Recliners & Sleeper Chairs"
8958082,"Furniture > Chairs > Arm Chairs, Recliners & Sleeper Chairs"
8958083,"Furniture > Chairs > Arm Chairs, Recliners & Sleeper Chairs"
8958135,"Furniture > Chairs > Arm Chairs, Recliners & Sleeper Chairs"
8958136,"Furniture > Chairs > Arm Chairs, Recliners & Sleeper Chairs"
8958141,"Furniture > Chairs > Arm Chairs, Recliners & Sleeper Chairs"
8958167,"Furniture > Chairs > Arm Chairs, Recliners & Sleeper Chairs"
8958202,"Furniture > Chairs > Arm Chairs, Recliners & Sleeper Chairs"
8958207,"Furniture > Chairs > Arm Chairs, Recliners & Sleeper Chairs"
8958229,"Furniture > Chairs > Arm Chairs, Recliners & Sleeper Chairs"
8958244,"Furniture > Chairs > Arm Chairs, Recliners & Sleeper Chairs"
8958269,"Furniture > Chairs > Arm Chairs, Recliners & Sleeper Chairs"
8958270,"Furniture > Chairs > Arm Chairs, Recliners & Sleeper Chairs"
8958287,"Furniture > Chairs > Arm Chairs, Recliners & Sleeper Chairs"
8958383,"Furniture > Chairs > Arm Chairs, Recliners & Sleeper Chairs"
8958385,"Furniture > Chairs > Arm Chairs, Recliners & Sleeper Chairs"
8964569,"Furniture > Chairs > Arm Chairs, Recliners & Sleeper Chairs"
9003552,Furniture > Cabinets & Storage > Buffets & Sideboards
9027755,Furniture > Chairs > Kitchen & Dining Room Chairs
9027756,Furniture > Chairs > Kitchen & Dining Room Chairs
9027757,Furniture > Chairs > Kitchen & Dining Room Chairs
9027758,Furniture > Chairs > Kitchen & Dining Room Chairs
9027759,Furniture > Chairs > Kitchen & Dining Room Chairs
9027760,Furniture > Chairs > Kitchen & Dining Room Chairs
9027761,Furniture > Chairs > Kitchen & Dining Room Chairs
9027762,Furniture > Chairs > Kitchen & Dining Room Chairs
9027763,Furniture > Chairs > Kitchen & Dining Room Chairs
9027764,Furniture > Chairs > Kitchen & Dining Room Chairs
9027765,Furniture > Chairs > Kitchen & Dining Room Chairs
9027766,Furniture > Chairs > Kitchen & Dining Room Chairs
9027767,Furniture > Chairs > Kitchen & Dining Room Chairs
9027768,Furniture > Chairs > Kitchen & Dining Room Chairs
9027776,Furniture > Chairs > Kitchen & Dining Room Chairs
9027777,Furniture > Chairs > Kitchen & Dining Room Chairs
9027778,Furniture > Chairs > Kitchen & Dining Room Chairs
9027779,Furniture > Chairs > Kitchen & Dining Room Chairs
9027780,Furniture > Chairs > Kitchen & Dining Room Chairs
9027782,Furniture > Chairs > Kitchen & Dining Room Chairs
9027783,Furniture > Chairs > Kitchen & Dining Room Chairs
9027785,Furniture > Chairs > Kitchen & Dining Room Chairs
9027786,Furniture > Chairs > Kitchen & Dining Room Chairs
9027787,Furniture > Chairs > Kitchen & Dining Room Chairs
9027788,Furniture > Chairs > Kitchen & Dining Room Chairs
9027789,Furniture > Chairs > Kitchen & Dining Room Chairs
9027790,Furniture > Chairs > Kitchen & Dining Room Chairs
9027791,Furniture > Chairs > Kitchen & Dining Room Chairs
9027792,Furniture > Chairs > Kitchen & Dining Room Chairs
9027793,Furniture > Chairs > Kitchen & Dining Room Chairs
9027794,Furniture > Chairs > Kitchen & Dining Room Chairs
9027795,Furniture > Chairs > Kitchen & Dining Room Chairs
9027796,Furniture > Chairs > Kitchen & Dining Room Chairs
9027797,Furniture > Chairs > Kitchen & Dining Room Chairs
9027798,Furniture > Chairs > Kitchen & Dining Room Chairs
9027799,Furniture > Chairs > Kitchen & Dining Room Chairs
9027800,Furniture > Chairs > Kitchen & Dining Room Chairs
9027801,Furniture > Chairs > Kitchen & Dining Room Chairs
9030140,Furniture > Chairs > Kitchen & Dining Room Chairs
9030141,Furniture > Chairs > Kitchen & Dining Room Chairs
9030142,Furniture > Chairs > Kitchen & Dining Room Chairs
9030143,Furniture > Chairs > Kitchen & Dining Room Chairs
9030144,Furniture > Chairs > Kitchen & Dining Room Chairs
9030145,Furniture > Chairs > Kitchen & Dining Room Chairs
9030146,Furniture > Chairs > Kitchen & Dining Room Chairs
9030147,Furniture > Chairs > Kitchen & Dining Room Chairs
9030148,Furniture > Chairs > Kitchen & Dining Room Chairs
9030149,Furniture > Chairs > Kitchen & Dining Room Chairs
9030150,Furniture > Chairs > Kitchen & Dining Room Chairs
9030151,Furniture > Chairs > Kitchen & Dining Room Chairs
9030152,Furniture > Chairs > Kitchen & Dining Room Chairs
9030153,Furniture > Chairs > Kitchen & Dining Room Chairs
9030161,Furniture > Chairs > Kitchen & Dining Room Chairs
9030162,Furniture > Chairs > Kitchen & Dining Room Chairs
9030163,Furniture > Chairs > Kitchen & Dining Room Chairs
9030164,Furniture > Chairs > Kitchen & Dining Room Chairs
9030165,Furniture > Chairs > Kitchen & Dining Room Chairs
9030167,Furniture > Chairs > Kitchen & Dining Room Chairs
9030168,Furniture > Chairs > Kitchen & Dining Room Chairs
9030170,Furniture > Chairs > Kitchen & Dining Room Chairs
9030171,Furniture > Chairs > Kitchen & Dining Room Chairs
9030172,Furniture > Chairs > Kitchen & Dining Room Chairs
9030173,Furniture > Chairs > Kitchen & Dining Room Chairs
9030174,Furniture > Chairs > Kitchen & Dining Room Chairs
9030175,Furniture > Chairs > Kitchen & Dining Room Chairs
9030176,Furniture > Chairs > Kitchen & Dining Room Chairs
9030177,Furniture > Chairs > Kitchen & Dining Room Chairs
9030178,Furniture > Chairs > Kitchen & Dining Room Chairs
9030179,Furniture > Chairs > Kitchen & Dining Room Chairs
9030180,Furniture > Chairs > Kitchen & Dining Room Chairs
9030181,Furniture > Chairs > Kitchen & Dining Room Chairs
9030182,Furniture > Chairs > Kitchen & Dining Room Chairs
9030183,Furniture > Chairs > Kitchen & Dining Room Chairs
9030184,Furniture > Chairs > Kitchen & Dining Room Chairs
9030185,Furniture > Chairs > Kitchen & Dining Room Chairs
9030186,Furniture > Chairs > Kitchen & Dining Room Chairs
9045975,Furniture > Chairs > Kitchen & Dining Room Chairs
9045976,Furniture > Chairs > Kitchen & Dining Room Chairs
9045977,Furniture > Chairs > Kitchen & Dining Room Chairs
9045978,Furniture > Chairs > Kitchen & Dining Room Chairs
9062390,Furniture > Office Furniture > Office Chairs
9062391,Furniture > Office Furniture > Office Chairs
9062392,Furniture > Office Furniture > Office Chairs
9062393,Furniture > Office Furniture > Office Chairs
9062394,Furniture > Office Furniture > Office Chairs
9062395,Furniture > Office Furniture > Office Chairs
9062396,Furniture > Office Furniture > Office Chairs
9062397,Furniture > Office Furniture > Office Chairs
9062398,Furniture > Office Furniture > Office Chairs
9062399,Furniture > Office Furniture > Office Chairs
9062400,Furniture > Office Furniture > Office Chairs
9062401,Furniture > Office Furniture > Office Chairs
9062402,Furniture > Office Furniture > Office Chairs
9062403,Furniture > Office Furniture > Office Chairs
9062404,Furniture > Office Furniture > Office Chairs
9062405,Furniture > Office Furniture > Office Chairs
9062406,Furniture > Office Furniture > Office Chairs
9062407,Furniture > Office Furniture > Office Chairs
9062408,Furniture > Office Furniture > Office Chairs
9062409,Furniture > Office Furniture > Office Chairs
9062410,Furniture > Office Furniture > Office Chairs
9065338,Furniture > Office Furniture > Office Chairs
9065339,Furniture > Office Furniture > Office Chairs
9065340,Furniture > Office Furniture > Office Chairs
9065341,Furniture > Office Furniture > Office Chairs
9065342,Furniture > Office Furniture > Office Chairs
9065343,Furniture > Office Furniture > Office Chairs
9065344,Furniture > Office Furniture > Office Chairs
9065345,Furniture > Office Furniture > Office Chairs
9065346,Furniture > Office Furniture > Office Chairs
9065347,Furniture > Office Furniture > Office Chairs
9065348,Furniture > Office Furniture > Office Chairs
9065349,Furniture > Office Furniture > Office Chairs
9065350,Furniture > Office Furniture > Office Chairs
9065351,Furniture > Office Furniture > Office Chairs
9065352,Furniture > Office Furniture > Office Chairs
9065353,Furniture > Office Furniture > Office Chairs
9065354,Furniture > Office Furniture > Office Chairs
9065355,Furniture > Office Furniture > Office Chairs
9065356,Furniture > Office Furniture > Office Chairs
9065357,Furniture > Office Furniture > Office Chairs
9065358,Furniture > Office Furniture > Office Chairs
9065534,Furniture > Office Furniture > Office Chairs
9065535,Furniture > Office Furniture > Office Chairs
9065536,Furniture > Office Furniture > Office Chairs
9065537,Furniture > Office Furniture > Office Chairs
9065538,Furniture > Office Furniture > Office Chairs
9065539,Furniture > Office Furniture > Office Chairs
9065540,Furniture > Office Furniture > Office Chairs
9065541,Furniture > Office Furniture > Office Chairs
9065542,Furniture > Office Furniture > Office Chairs
9065543,Furniture > Office Furniture > Office Chairs
9065544,Furniture > Office Furniture > Office Chairs
9065545,Furniture > Office Furniture > Office Chairs
9065546,Furniture > Office Furniture > Office Chairs
9065547,Furniture > Office Furniture > Office Chairs
9065548,Furniture > Office Furniture > Office Chairs
9065549,Furniture > Office Furniture > Office Chairs
9065550,Furniture > Office Furniture > Office Chairs
9065551,Furniture > Office Furniture > Office Chairs
9065552,Furniture > Office Furniture > Office Chairs
9065553,Furniture > Office Furniture > Office Chairs
9065554,Furniture > Office Furniture > Office Chairs
9082526,"Furniture > Chairs > Arm Chairs, Recliners & Sleeper Chairs"
9082528,"Furniture > Chairs > Arm Chairs, Recliners & Sleeper Chairs"
9082529,"Furniture > Chairs > Arm Chairs, Recliners & Sleeper Chairs"
9082530,"Furniture > Chairs > Arm Chairs, Recliners & Sleeper Chairs"
9082544,"Furniture > Chairs > Arm Chairs, Recliners & Sleeper Chairs"
9082547,"Furniture > Chairs > Arm Chairs, Recliners & Sleeper Chairs"
9082548,"Furniture > Chairs > Arm Chairs, Recliners & Sleeper Chairs"
9082549,"Furniture > Chairs > Arm Chairs, Recliners & Sleeper Chairs"
9082550,"Furniture > Chairs > Arm Chairs, Recliners & Sleeper Chairs"
9082551,"Furniture > Chairs > Arm Chairs, Recliners & Sleeper Chairs"
9082553,"Furniture > Chairs > Arm Chairs, Recliners & Sleeper Chairs"
9082554,"Furniture > Chairs > Arm Chairs, Recliners & Sleeper Chairs"
9082561,"Furniture > Chairs > Arm Chairs, Recliners & Sleeper Chairs"
9082569,"Furniture > Chairs > Arm Chairs, Recliners & Sleeper Chairs"
9082570,"Furniture > Chairs > Arm Chairs, Recliners & Sleeper Chairs"
9082571,"Furniture > Chairs > Arm Chairs, Recliners & Sleeper Chairs"
9082585,"Furniture > Chairs > Arm Chairs, Recliners & Sleeper Chairs"
9083570,"Furniture > Chairs > Arm Chairs, Recliners & Sleeper Chairs"
9086235,"Furniture > Chairs > Arm Chairs, Recliners & Sleeper Chairs"
9087391,"Furniture > Chairs > Arm Chairs, Recliners & Sleeper Chairs"
9088414,"Furniture > Chairs > Arm Chairs, Recliners & Sleeper Chairs"
9089398,"Furniture > Chairs > Arm Chairs, Recliners & Sleeper Chairs"
9089648,"Furniture > Chairs > Arm Chairs, Recliners & Sleeper Chairs"
9089649,"Furniture > Chairs > Arm Chairs, Recliners & Sleeper Chairs"
9089744,"Furniture > Chairs > Arm Chairs, Recliners & Sleeper Chairs"
9089755,"Furniture > Chairs > Arm Chairs, Recliners & Sleeper Chairs"
9089756,"Furniture > Chairs > Arm Chairs, Recliners & Sleeper Chairs"
9089757,"Furniture > Chairs > Arm Chairs, Recliners & Sleeper Chairs"
9089758,"Furniture > Chairs > Arm Chairs, Recliners & Sleeper Chairs"
9089759,"Furniture > Chairs > Arm Chairs, Recliners & Sleeper Chairs"
9089770,"Furniture > Chairs > Arm Chairs, Recliners & Sleeper Chairs"
9089943,"Furniture > Chairs > Arm Chairs, Recliners & Sleeper Chairs"
9089944,"Furniture > Chairs > Arm Chairs, Recliners & Sleeper Chairs"
9089945,"Furniture > Chairs > Arm Chairs, Recliners & Sleeper Chairs"
9089949,"Furniture > Chairs > Arm Chairs, Recliners & Sleeper Chairs"
9089950,"Furniture > Chairs > Arm Chairs, Recliners & Sleeper Chairs"
9089951,"Furniture > Chairs > Arm Chairs, Recliners & Sleeper Chairs"
9089952,"Furniture > Chairs > Arm Chairs, Recliners & Sleeper Chairs"
9089968,"Furniture > Chairs > Arm Chairs, Recliners & Sleeper Chairs"
9089969,"Furniture > Chairs > Arm Chairs, Recliners & Sleeper Chairs"
9089971,"Furniture > Chairs > Arm Chairs, Recliners & Sleeper Chairs"
9089972,"Furniture > Chairs > Arm Chairs, Recliners & Sleeper Chairs"
9089973,"Furniture > Chairs > Arm Chairs, Recliners & Sleeper Chairs"
9089991,"Furniture > Chairs > Arm Chairs, Recliners & Sleeper Chairs"
9089992,"Furniture > Chairs > Arm Chairs, Recliners & Sleeper Chairs"
9102378,Furniture > Chairs > Kitchen & Dining Room Chairs
9102379,Furniture > Chairs > Kitchen & Dining Room Chairs
9102380,Furniture > Chairs > Kitchen & Dining Room Chairs
9102381,Furniture > Chairs > Kitchen & Dining Room Chairs
9102382,Furniture > Chairs > Kitchen & Dining Room Chairs
9102383,Furniture > Chairs > Kitchen & Dining Room Chairs
9102384,Furniture > Chairs > Kitchen & Dining Room Chairs
9102385,Furniture > Chairs > Kitchen & Dining Room Chairs
9102386,Furniture > Chairs > Kitchen & Dining Room Chairs
9102387,Furniture > Chairs > Kitchen & Dining Room Chairs
9102388,Furniture > Chairs > Kitchen & Dining Room Chairs
9102389,Furniture > Chairs > Kitchen & Dining Room Chairs
9102390,Furniture > Chairs > Kitchen & Dining Room Chairs
9102391,Furniture > Chairs > Kitchen & Dining Room Chairs
9102392,Furniture > Chairs > Kitchen & Dining Room Chairs
9102393,Furniture > Chairs > Kitchen & Dining Room Chairs
9102394,Furniture > Chairs > Kitchen & Dining Room Chairs
9102395,Furniture > Chairs > Kitchen & Dining Room Chairs
9102396,Furniture > Chairs > Kitchen & Dining Room Chairs
9102397,Furniture > Chairs > Kitchen & Dining Room Chairs
9102398,Furniture > Chairs > Kitchen & Dining Room Chairs
9102399,Furniture > Chairs > Kitchen & Dining Room Chairs
9102901,Furniture > Office Furniture > Office Chairs
9102902,Furniture > Office Furniture > Office Chairs
9102903,Furniture > Office Furniture > Office Chairs
9102904,Furniture > Office Furniture > Office Chairs
9102905,Furniture > Office Furniture > Office Chairs
9102906,Furniture > Office Furniture > Office Chairs
9102907,Furniture > Office Furniture > Office Chairs
9102908,Furniture > Office Furniture > Office Chairs
9102909,Furniture > Office Furniture > Office Chairs
9102910,Furniture > Office Furniture > Office Chairs
9102911,Furniture > Office Furniture > Office Chairs
9102912,Furniture > Office Furniture > Office Chairs
9102913,Furniture > Office Furniture > Office Chairs
9102914,Furniture > Office Furniture > Office Chairs
9102915,Furniture > Office Furniture > Office Chairs
9102916,Furniture > Office Furniture > Office Chairs
9102917,Furniture > Office Furniture > Office Chairs
9102918,Furniture > Office Furniture > Office Chairs
9102919,Furniture > Office Furniture > Office Chairs
9102920,Furniture > Office Furniture > Office Chairs
9102921,Furniture > Office Furniture > Office Chairs
9104178,Furniture > Office Furniture > Office Chairs
9104179,Furniture > Office Furniture > Office Chairs
9104180,Furniture > Office Furniture > Office Chairs
9104181,Furniture > Office Furniture > Office Chairs
9105839,Furniture > Office Furniture > Office Chairs
9105844,Furniture > Office Furniture > Office Chairs
9105850,Furniture > Office Furniture > Office Chairs
9105856,Furniture > Office Furniture > Office Chairs
9133860,"Furniture > Chairs > Arm Chairs, Recliners & Sleeper Chairs"
9133862,"Furniture > Chairs > Arm Chairs, Recliners & Sleeper Chairs"
9133874,"Furniture > Chairs > Arm Chairs, Recliners & Sleeper Chairs"
9133876,"Furniture > Chairs > Arm Chairs, Recliners & Sleeper Chairs"
9133879,"Furniture > Chairs > Arm Chairs, Recliners & Sleeper Chairs"
9133881,"Furniture > Chairs > Arm Chairs, Recliners & Sleeper Chairs"
9133887,"Furniture > Chairs > Arm Chairs, Recliners & Sleeper Chairs"
9133892,"Furniture > Chairs > Arm Chairs, Recliners & Sleeper Chairs"
9133898,"Furniture > Chairs > Arm Chairs, Recliners & Sleeper Chairs"
9133947,"Furniture > Chairs > Arm Chairs, Recliners & Sleeper Chairs"
9133948,"Furniture > Chairs > Arm Chairs, Recliners & Sleeper Chairs"
9133949,"Furniture > Chairs > Arm Chairs, Recliners & Sleeper Chairs"
9133950,"Furniture > Chairs > Arm Chairs, Recliners & Sleeper Chairs"
9133951,"Furniture > Chairs > Arm Chairs, Recliners & Sleeper Chairs"
9133959,"Furniture > Chairs > Arm Chairs, Recliners & Sleeper Chairs"
9133960,"Furniture > Chairs > Arm Chairs, Recliners & Sleeper Chairs"
9133965,"Furniture > Chairs > Arm Chairs, Recliners & Sleeper Chairs"
9133966,"Furniture > Chairs > Arm Chairs, Recliners & Sleeper Chairs"
9133968,"Furniture > Chairs > Arm Chairs, Recliners & Sleeper Chairs"
9136467,"Furniture > Chairs > Arm Chairs, Recliners & Sleeper Chairs"
9136469,"Furniture > Chairs > Arm Chairs, Recliners & Sleeper Chairs"
9136545,"Furniture > Chairs > Arm Chairs, Recliners & Sleeper Chairs"
9136546,"Furniture > Chairs > Arm Chairs, Recliners & Sleeper Chairs"
9137486,"Furniture > Chairs > Arm Chairs, Recliners & Sleeper Chairs"
9137671,"Furniture > Chairs > Arm Chairs, Recliners & Sleeper Chairs"
9137720,"Furniture > Chairs > Arm Chairs, Recliners & Sleeper Chairs"
9137721,"Furniture > Chairs > Arm Chairs, Recliners & Sleeper Chairs"
9169722,Furniture > Chairs > Kitchen & Dining Room Chairs
9169723,Furniture > Chairs > Kitchen & Dining Room Chairs
9169724,Furniture > Chairs > Kitchen & Dining Room Chairs
9169725,Furniture > Chairs > Kitchen & Dining Room Chairs
9169726,Furniture > Chairs > Kitchen & Dining Room Chairs
9169727,Furniture > Chairs > Kitchen & Dining Room Chairs
9169728,Furniture > Chairs > Kitchen & Dining Room Chairs
9169729,Furniture > Chairs > Kitchen & Dining Room Chairs
9169730,Furniture > Chairs > Kitchen & Dining Room Chairs
9169731,Furniture > Chairs > Kitchen & Dining Room Chairs
9169732,Furniture > Chairs > Kitchen & Dining Room Chairs
9169733,Furniture > Chairs > Kitchen & Dining Room Chairs
9169734,Furniture > Chairs > Kitchen & Dining Room Chairs
9169735,Furniture > Chairs > Kitchen & Dining Room Chairs
9169736,Furniture > Chairs > Kitchen & Dining Room Chairs
9169737,Furniture > Chairs > Kitchen & Dining Room Chairs
9169738,Furniture > Chairs > Kitchen & Dining Room Chairs
9169739,Furniture > Chairs > Kitchen & Dining Room Chairs
9169740,Furniture > Chairs > Kitchen & Dining Room Chairs
9169741,Furniture > Chairs > Kitchen & Dining Room Chairs
9169742,Furniture > Chairs > Kitchen & Dining Room Chairs
9170547,Furniture > Chairs > Kitchen & Dining Room Chairs
9170548,Furniture > Chairs > Kitchen & Dining Room Chairs
9170549,Furniture > Chairs > Kitchen & Dining Room Chairs
9170550,Furniture > Chairs > Kitchen & Dining Room Chairs
9170551,Furniture > Chairs > Kitchen & Dining Room Chairs
9170552,Furniture > Chairs > Kitchen & Dining Room Chairs
9170553,Furniture > Chairs > Kitchen & Dining Room Chairs
9170554,Furniture > Chairs > Kitchen & Dining Room Chairs
9170555,Furniture > Chairs > Kitchen & Dining Room Chairs
9170556,Furniture > Chairs > Kitchen & Dining Room Chairs
9170557,Furniture > Chairs > Kitchen & Dining Room Chairs
9170558,Furniture > Chairs > Kitchen & Dining Room Chairs
9170559,Furniture > Chairs > Kitchen & Dining Room Chairs
9170560,Furniture > Chairs > Kitchen & Dining Room Chairs
9170561,Furniture > Chairs > Kitchen & Dining Room Chairs
9170562,Furniture > Chairs > Kitchen & Dining Room Chairs
9170563,Furniture > Chairs > Kitchen & Dining Room Chairs
9170564,Furniture > Chairs > Kitchen & Dining Room Chairs
9170565,Furniture > Chairs > Kitchen & Dining Room Chairs
9170566,Furniture > Chairs > Kitchen & Dining Room Chairs
9170567,Furniture > Chairs > Kitchen & Dining Room Chairs
9205026,Furniture > Chairs > Kitchen & Dining Room Chairs
9205027,Furniture > Chairs > Kitchen & Dining Room Chairs
9205028,Furniture > Chairs > Kitchen & Dining Room Chairs
9205029,Furniture > Chairs > Kitchen & Dining Room Chairs
9205030,Furniture > Chairs > Kitchen & Dining Room Chairs
9205031,Furniture > Chairs > Kitchen & Dining Room Chairs
9205032,Furniture > Chairs > Kitchen & Dining Room Chairs
9205033,Furniture > Chairs > Kitchen & Dining Room Chairs
9205034,Furniture > Chairs > Kitchen & Dining Room Chairs
9205035,Furniture > Chairs > Kitchen & Dining Room Chairs
9205036,Furniture > Chairs > Kitchen & Dining Room Chairs
9205037,Furniture > Chairs > Kitchen & Dining Room Chairs
9205038,Furniture > Chairs > Kitchen & Dining Room Chairs
9205039,Furniture > Chairs > Kitchen & Dining Room Chairs
9205040,Furniture > Chairs > Kitchen & Dining Room Chairs
9205041,Furniture > Chairs > Kitchen & Dining Room Chairs
9205042,Furniture > Chairs > Kitchen & Dining Room Chairs
9205043,Furniture > Chairs > Kitchen & Dining Room Chairs
9205044,Furniture > Chairs > Kitchen & Dining Room Chairs
9205046,Furniture > Chairs > Kitchen & Dining Room Chairs
9205047,Furniture > Chairs > Kitchen & Dining Room Chairs
9205048,Furniture > Chairs > Kitchen & Dining Room Chairs
9205049,Furniture > Chairs > Kitchen & Dining Room Chairs
9205050,Furniture > Chairs > Kitchen & Dining Room Chairs
9205051,Furniture > Chairs > Kitchen & Dining Room Chairs
9205059,Furniture > Chairs > Kitchen & Dining Room Chairs
9205060,Furniture > Chairs > Kitchen & Dining Room Chairs
9205061,Furniture > Chairs > Kitchen & Dining Room Chairs
9205062,Furniture > Chairs > Kitchen & Dining Room Chairs
9205063,Furniture > Chairs > Kitchen & Dining Room Chairs
9205373,Furniture > Chairs > Kitchen & Dining Room Chairs
9205374,Furniture > Chairs > Kitchen & Dining Room Chairs
9205375,Furniture > Chairs > Kitchen & Dining Room Chairs
9205376,Furniture > Chairs > Kitchen & Dining Room Chairs
9205377,Furniture > Chairs > Kitchen & Dining Room Chairs
9205378,Furniture > Chairs > Kitchen & Dining Room Chairs
9205379,Furniture > Chairs > Kitchen & Dining Room Chairs
9205380,Furniture > Chairs > Kitchen & Dining Room Chairs
9205381,Furniture > Chairs > Kitchen & Dining Room Chairs
9205382,Furniture > Chairs > Kitchen & Dining Room Chairs
9205383,Furniture > Chairs > Kitchen & Dining Room Chairs
9205384,Furniture > Chairs > Kitchen & Dining Room Chairs
9205385,Furniture > Chairs > Kitchen & Dining Room Chairs
9205386,Furniture > Chairs > Kitchen & Dining Room Chairs
9205387,Furniture > Chairs > Kitchen & Dining Room Chairs
9205388,Furniture > Chairs > Kitchen & Dining Room Chairs
9205389,Furniture > Chairs > Kitchen & Dining Room Chairs
9205390,Furniture > Chairs > Kitchen & Dining Room Chairs
9205391,Furniture > Chairs > Kitchen & Dining Room Chairs
9205393,Furniture > Chairs > Kitchen & Dining Room Chairs
9205394,Furniture > Chairs > Kitchen & Dining Room Chairs
9205395,Furniture > Chairs > Kitchen & Dining Room Chairs
9205396,Furniture > Chairs > Kitchen & Dining Room Chairs
9205397,Furniture > Chairs > Kitchen & Dining Room Chairs
9205398,Furniture > Chairs > Kitchen & Dining Room Chairs
9205406,Furniture > Chairs > Kitchen & Dining Room Chairs
9205407,Furniture > Chairs > Kitchen & Dining Room Chairs
9205408,Furniture > Chairs > Kitchen & Dining Room Chairs
9205409,Furniture > Chairs > Kitchen & Dining Room Chairs
9205410,Furniture > Chairs > Kitchen & Dining Room Chairs
9205437,Furniture > Chairs > Kitchen & Dining Room Chairs
9205454,Furniture > Chairs > Kitchen & Dining Room Chairs
9205455,Furniture > Chairs > Kitchen & Dining Room Chairs
9205458,Furniture > Chairs > Kitchen & Dining Room Chairs
9205459,Furniture > Chairs > Kitchen & Dining Room Chairs
9205460,Furniture > Chairs > Kitchen & Dining Room Chairs
9205461,Furniture > Chairs > Kitchen & Dining Room Chairs
9205462,Furniture > Chairs > Kitchen & Dining Room Chairs
9205463,Furniture > Chairs > Kitchen & Dining Room Chairs
9205465,Furniture > Chairs > Kitchen & Dining Room Chairs
9205466,Furniture > Chairs > Kitchen & Dining Room Chairs
9205467,Furniture > Chairs > Kitchen & Dining Room Chairs
9205469,Furniture > Chairs > Kitchen & Dining Room Chairs
9205471,Furniture > Chairs > Kitchen & Dining Room Chairs
9205472,Furniture > Chairs > Kitchen & Dining Room Chairs
9205473,Furniture > Chairs > Kitchen & Dining Room Chairs
9205474,Furniture > Chairs > Kitchen & Dining Room Chairs
9205475,Furniture > Chairs > Kitchen & Dining Room Chairs
9205480,Furniture > Chairs > Kitchen & Dining Room Chairs
9205483,Furniture > Chairs > Kitchen & Dining Room Chairs
9205484,Furniture > Chairs > Kitchen & Dining Room Chairs
9205488,Furniture > Chairs > Kitchen & Dining Room Chairs
9205489,Furniture > Chairs > Kitchen & Dining Room Chairs
9205492,Furniture > Chairs > Kitchen & Dining Room Chairs
9205493,Furniture > Chairs > Kitchen & Dining Room Chairs
9205502,Furniture > Chairs > Kitchen & Dining Room Chairs
9205503,Furniture > Chairs > Kitchen & Dining Room Chairs
9205504,Furniture > Chairs > Kitchen & Dining Room Chairs
9205505,Furniture > Chairs > Kitchen & Dining Room Chairs
9205506,Furniture > Chairs > Kitchen & Dining Room Chairs
9205507,Furniture > Chairs > Kitchen & Dining Room Chairs
9205508,Furniture > Chairs > Kitchen & Dining Room Chairs
9205509,Furniture > Chairs > Kitchen & Dining Room Chairs
9205510,Furniture > Chairs > Kitchen & Dining Room Chairs
9205511,Furniture > Chairs > Kitchen & Dining Room Chairs
9205512,Furniture > Chairs > Kitchen & Dining Room Chairs
9205513,Furniture > Chairs > Kitchen & Dining Room Chairs
9205538,Furniture > Chairs > Kitchen & Dining Room Chairs
9205539,Furniture > Chairs > Kitchen & Dining Room Chairs
9206174,Furniture > Chairs > Kitchen & Dining Room Chairs
9206175,Furniture > Chairs > Kitchen & Dining Room Chairs
9206176,Furniture > Chairs > Kitchen & Dining Room Chairs
9206177,Furniture > Chairs > Kitchen & Dining Room Chairs
9206178,Furniture > Chairs > Kitchen & Dining Room Chairs
9206179,Furniture > Chairs > Kitchen & Dining Room Chairs
9206180,Furniture > Chairs > Kitchen & Dining Room Chairs
9206181,Furniture > Chairs > Kitchen & Dining Room Chairs
9206182,Furniture > Chairs > Kitchen & Dining Room Chairs
9206183,Furniture > Chairs > Kitchen & Dining Room Chairs
9206184,Furniture > Chairs > Kitchen & Dining Room Chairs
9206185,Furniture > Chairs > Kitchen & Dining Room Chairs
9206186,Furniture > Chairs > Kitchen & Dining Room Chairs
9206187,Furniture > Chairs > Kitchen & Dining Room Chairs
9206188,Furniture > Chairs > Kitchen & Dining Room Chairs
9206189,Furniture > Chairs > Kitchen & Dining Room Chairs
9206190,Furniture > Chairs > Kitchen & Dining Room Chairs
9206191,Furniture > Chairs > Kitchen & Dining Room Chairs
9206192,Furniture > Chairs > Kitchen & Dining Room Chairs
9206194,Furniture > Chairs > Kitchen & Dining Room Chairs
9206195,Furniture > Chairs > Kitchen & Dining Room Chairs
9206196,Furniture > Chairs > Kitchen & Dining Room Chairs
9206197,Furniture > Chairs > Kitchen & Dining Room Chairs
9206198,Furniture > Chairs > Kitchen & Dining Room Chairs
9206199,Furniture > Chairs > Kitchen & Dining Room Chairs
9206207,Furniture > Chairs > Kitchen & Dining Room Chairs
9206208,Furniture > Chairs > Kitchen & Dining Room Chairs
9206209,Furniture > Chairs > Kitchen & Dining Room Chairs
9206210,Furniture > Chairs > Kitchen & Dining Room Chairs
9206211,Furniture > Chairs > Kitchen & Dining Room Chairs
9206212,Furniture > Chairs > Kitchen & Dining Room Chairs
9206213,Furniture > Chairs > Kitchen & Dining Room Chairs
9206214,Furniture > Chairs > Kitchen & Dining Room Chairs
9206215,Furniture > Chairs > Kitchen & Dining Room Chairs
9206216,Furniture > Chairs > Kitchen & Dining Room Chairs
9206217,Furniture > Chairs > Kitchen & Dining Room Chairs
9206218,Furniture > Chairs > Kitchen & Dining Room Chairs
9206219,Furniture > Chairs > Kitchen & Dining Room Chairs
9206220,Furniture > Chairs > Kitchen & Dining Room Chairs
9281139,Furniture > Office Furniture > Office Chairs
9281140,Furniture > Office Furniture > Office Chairs
9281141,Furniture > Office Furniture > Office Chairs
9281142,Furniture > Office Furniture > Office Chairs
9281143,Furniture > Office Furniture > Office Chairs
9281144,Furniture > Office Furniture > Office Chairs
9281145,Furniture > Office Furniture > Office Chairs
9281146,Furniture > Office Furniture > Office Chairs
9281147,Furniture > Office Furniture > Office Chairs
9281148,Furniture > Office Furniture > Office Chairs
9281149,Furniture > Office Furniture > Office Chairs
9281150,Furniture > Office Furniture > Office Chairs
9281151,Furniture > Office Furniture > Office Chairs
9281152,Furniture > Office Furniture > Office Chairs
9281153,Furniture > Office Furniture > Office Chairs
9281154,Furniture > Office Furniture > Office Chairs
9281155,Furniture > Office Furniture > Office Chairs
9281156,Furniture > Office Furniture > Office Chairs
9281157,Furniture > Office Furniture > Office Chairs
9281158,Furniture > Office Furniture > Office Chairs
9281159,Furniture > Office Furniture > Office Chairs
9282188,Furniture > Office Furniture > Office Chairs
9282189,Furniture > Office Furniture > Office Chairs
9282190,Furniture > Office Furniture > Office Chairs
9282191,Furniture > Office Furniture > Office Chairs
9282192,Furniture > Office Furniture > Office Chairs
9282193,Furniture > Office Furniture > Office Chairs
9282194,Furniture > Office Furniture > Office Chairs
9282195,Furniture > Office Furniture > Office Chairs
9282196,Furniture > Office Furniture > Office Chairs
9282197,Furniture > Office Furniture > Office Chairs
9282198,Furniture > Office Furniture > Office Chairs
9282199,Furniture > Office Furniture > Office Chairs
9282200,Furniture > Office Furniture > Office Chairs
9282201,Furniture > Office Furniture > Office Chairs
9282202,Furniture > Office Furniture > Office Chairs
9282203,Furniture > Office Furniture > Office Chairs
9282204,Furniture > Office Furniture > Office Chairs
9282205,Furniture > Office Furniture > Office Chairs
9282206,Furniture > Office Furniture > Office Chairs
9282207,Furniture > Office Furniture > Office Chairs
9282208,Furniture > Office Furniture > Office Chairs
9354735,"Furniture > Chairs > Arm Chairs, Recliners & Sleeper Chairs"
9354820,"Furniture > Chairs > Arm Chairs, Recliners & Sleeper Chairs"
9354821,"Furniture > Chairs > Arm Chairs, Recliners & Sleeper Chairs"
9354822,"Furniture > Chairs > Arm Chairs, Recliners & Sleeper Chairs"
9354826,"Furniture > Chairs > Arm Chairs, Recliners & Sleeper Chairs"
9354827,"Furniture > Chairs > Arm Chairs, Recliners & Sleeper Chairs"
9354828,"Furniture > Chairs > Arm Chairs, Recliners & Sleeper Chairs"
9354830,"Furniture > Chairs > Arm Chairs, Recliners & Sleeper Chairs"
9354832,"Furniture > Chairs > Arm Chairs, Recliners & Sleeper Chairs"
9354833,"Furniture > Chairs > Arm Chairs, Recliners & Sleeper Chairs"
9354842,"Furniture > Chairs > Arm Chairs, Recliners & Sleeper Chairs"
9354867,"Furniture > Chairs > Arm Chairs, Recliners & Sleeper Chairs"
9354869,"Furniture > Chairs > Arm Chairs, Recliners & Sleeper Chairs"
9354878,"Furniture > Chairs > Arm Chairs, Recliners & Sleeper Chairs"
9354880,"Furniture > Chairs > Arm Chairs, Recliners & Sleeper Chairs"
9354881,"Furniture > Chairs > Arm Chairs, Recliners & Sleeper Chairs"
9354882,"Furniture > Chairs > Arm Chairs, Recliners & Sleeper Chairs"
9354883,"Furniture > Chairs > Arm Chairs, Recliners & Sleeper Chairs"
9354884,"Furniture > Chairs > Arm Chairs, Recliners & Sleeper Chairs"
9354886,"Furniture > Chairs > Arm Chairs, Recliners & Sleeper Chairs"
9354887,"Furniture > Chairs > Arm Chairs, Recliners & Sleeper Chairs"
9354928,"Furniture > Chairs > Arm Chairs, Recliners & Sleeper Chairs"
9354929,"Furniture > Chairs > Arm Chairs, Recliners & Sleeper Chairs"
9354959,"Furniture > Chairs > Arm Chairs, Recliners & Sleeper Chairs"
9354964,"Furniture > Chairs > Arm Chairs, Recliners & Sleeper Chairs"
9354965,"Furniture > Chairs > Arm Chairs, Recliners & Sleeper Chairs"
9354966,"Furniture > Chairs > Arm Chairs, Recliners & Sleeper Chairs"
9354967,"Furniture > Chairs > Arm Chairs, Recliners & Sleeper Chairs"
9354968,"Furniture > Chairs > Arm Chairs, Recliners & Sleeper Chairs"
9354994,"Furniture > Chairs > Arm Chairs, Recliners & Sleeper Chairs"
9354995,"Furniture > Chairs > Arm Chairs, Recliners & Sleeper Chairs"
9354996,"Furniture > Chairs > Arm Chairs, Recliners & Sleeper Chairs"
9355001,"Furniture > Chairs > Arm Chairs, Recliners & Sleeper Chairs"
9355004,"Furniture > Chairs > Arm Chairs, Recliners & Sleeper Chairs"
9355005,"Furniture > Chairs > Arm Chairs, Recliners & Sleeper Chairs"
9355007,"Furniture > Chairs > Arm Chairs, Recliners & Sleeper Chairs"
9355008,"Furniture > Chairs > Arm Chairs, Recliners & Sleeper Chairs"
9358790,"Furniture > Chairs > Arm Chairs, Recliners & Sleeper Chairs"
9358792,"Furniture > Chairs > Arm Chairs, Recliners & Sleeper Chairs"
9358793,"Furniture > Chairs > Arm Chairs, Recliners & Sleeper Chairs"
9358794,"Furniture > Chairs > Arm Chairs, Recliners & Sleeper Chairs"
9358795,"Furniture > Chairs > Arm Chairs, Recliners & Sleeper Chairs"
9358796,"Furniture > Chairs > Arm Chairs, Recliners & Sleeper Chairs"
9358797,"Furniture > Chairs > Arm Chairs, Recliners & Sleeper Chairs"
9358798,"Furniture > Chairs > Arm Chairs, Recliners & Sleeper Chairs"
9358802,"Furniture > Chairs > Arm Chairs, Recliners & Sleeper Chairs"
9358805,"Furniture > Chairs > Arm Chairs, Recliners & Sleeper Chairs"
9358806,"Furniture > Chairs > Arm Chairs, Recliners & Sleeper Chairs"
9358807,"Furniture > Chairs > Arm Chairs, Recliners & Sleeper Chairs"
9358809,"Furniture > Chairs > Arm Chairs, Recliners & Sleeper Chairs"
9358810,"Furniture > Chairs > Arm Chairs, Recliners & Sleeper Chairs"
9358811,"Furniture > Chairs > Arm Chairs, Recliners & Sleeper Chairs"
9358812,"Furniture > Chairs > Arm Chairs, Recliners & Sleeper Chairs"
9358813,"Furniture > Chairs > Arm Chairs, Recliners & Sleeper Chairs"
9358814,"Furniture > Chairs > Arm Chairs, Recliners & Sleeper Chairs"
9358815,"Furniture > Chairs > Arm Chairs, Recliners & Sleeper Chairs"
9358818,"Furniture > Chairs > Arm Chairs, Recliners & Sleeper Chairs"
9358823,"Furniture > Chairs > Arm Chairs, Recliners & Sleeper Chairs"
9358829,"Furniture > Chairs > Arm Chairs, Recliners & Sleeper Chairs"
9358830,"Furniture > Chairs > Arm Chairs, Recliners & Sleeper Chairs"
9361295,"Furniture > Chairs > Arm Chairs, Recliners & Sleeper Chairs"
9361299,"Furniture > Chairs > Arm Chairs, Recliners & Sleeper Chairs"
9361300,"Furniture > Chairs > Arm Chairs, Recliners & Sleeper Chairs"
9361302,"Furniture > Chairs > Arm Chairs, Recliners & Sleeper Chairs"
9361303,"Furniture > Chairs > Arm Chairs, Recliners & Sleeper Chairs"
9361304,"Furniture > Chairs > Arm Chairs, Recliners & Sleeper Chairs"
9361307,"Furniture > Chairs > Arm Chairs, Recliners & Sleeper Chairs"
9361308,"Furniture > Chairs > Arm Chairs, Recliners & Sleeper Chairs"
9361311,"Furniture > Chairs > Arm Chairs, Recliners & Sleeper Chairs"
9361312,"Furniture > Chairs > Arm Chairs, Recliners & Sleeper Chairs"
9361314,"Furniture > Chairs > Arm Chairs, Recliners & Sleeper Chairs"
9361315,"Furniture > Chairs > Arm Chairs, Recliners & Sleeper Chairs"
9361316,"Furniture > Chairs > Arm Chairs, Recliners & Sleeper Chairs"
9361317,"Furniture > Chairs > Arm Chairs, Recliners & Sleeper Chairs"
9361318,"Furniture > Chairs > Arm Chairs, Recliners & Sleeper Chairs"
9361319,"Furniture > Chairs > Arm Chairs, Recliners & Sleeper Chairs"
9361320,"Furniture > Chairs > Arm Chairs, Recliners & Sleeper Chairs"
9361325,"Furniture > Chairs > Arm Chairs, Recliners & Sleeper Chairs"
9361326,"Furniture > Chairs > Arm Chairs, Recliners & Sleeper Chairs"
9361331,"Furniture > Chairs > Arm Chairs, Recliners & Sleeper Chairs"
9361332,"Furniture > Chairs > Arm Chairs, Recliners & Sleeper Chairs"
9361335,"Furniture > Chairs > Arm Chairs, Recliners & Sleeper Chairs"
9361336,"Furniture > Chairs > Arm Chairs, Recliners & Sleeper Chairs"
9361600,"Furniture > Chairs > Arm Chairs, Recliners & Sleeper Chairs"
9361602,"Furniture > Chairs > Arm Chairs, Recliners & Sleeper Chairs"
9361603,"Furniture > Chairs > Arm Chairs, Recliners & Sleeper Chairs"
9361604,"Furniture > Chairs > Arm Chairs, Recliners & Sleeper Chairs"
9361605,"Furniture > Chairs > Arm Chairs, Recliners & Sleeper Chairs"
9361606,"Furniture > Chairs > Arm Chairs, Recliners & Sleeper Chairs"
9361607,"Furniture > Chairs > Arm Chairs, Recliners & Sleeper Chairs"
9361608,"Furniture > Chairs > Arm Chairs, Recliners & Sleeper Chairs"
9361612,"Furniture > Chairs > Arm Chairs, Recliners & Sleeper Chairs"
9361615,"Furniture > Chairs > Arm Chairs, Recliners & Sleeper Chairs"
9361616,"Furniture > Chairs > Arm Chairs, Recliners & Sleeper Chairs"
9361617,"Furniture > Chairs > Arm Chairs, Recliners & Sleeper Chairs"
9361619,"Furniture > Chairs > Arm Chairs, Recliners & Sleeper Chairs"
9361620,"Furniture > Chairs > Arm Chairs, Recliners & Sleeper Chairs"
9361621,"Furniture > Chairs > Arm Chairs, Recliners & Sleeper Chairs"
9361622,"Furniture > Chairs > Arm Chairs, Recliners & Sleeper Chairs"
9361623,"Furniture > Chairs > Arm Chairs, Recliners & Sleeper Chairs"
9361624,"Furniture > Chairs > Arm Chairs, Recliners & Sleeper Chairs"
9361625,"Furniture > Chairs > Arm Chairs, Recliners & Sleeper Chairs"
9361628,"Furniture > Chairs > Arm Chairs, Recliners & Sleeper Chairs"
9361633,"Furniture > Chairs > Arm Chairs, Recliners & Sleeper Chairs"
9361639,"Furniture > Chairs > Arm Chairs, Recliners & Sleeper Chairs"
9361640,"Furniture > Chairs > Arm Chairs, Recliners & Sleeper Chairs"
9388063,"Furniture > Chairs > Arm Chairs, Recliners & Sleeper Chairs"
9388209,"Furniture > Chairs > Arm Chairs, Recliners & Sleeper Chairs"
9388210,"Furniture > Chairs > Arm Chairs, Recliners & Sleeper Chairs"
9388211,"Furniture > Chairs > Arm Chairs, Recliners & Sleeper Chairs"
9388212,"Furniture > Chairs > Arm Chairs, Recliners & Sleeper Chairs"
9388214,"Furniture > Chairs > Arm Chairs, Recliners & Sleeper Chairs"
9388215,"Furniture > Chairs > Arm Chairs, Recliners & Sleeper Chairs"
9388216,"Furniture > Chairs > Arm Chairs, Recliners & Sleeper Chairs"
9388217,"Furniture > Chairs > Arm Chairs, Recliners & Sleeper Chairs"
9388252,"Furniture > Chairs > Arm Chairs, Recliners & Sleeper Chairs"
9388254,"Furniture > Chairs > Arm Chairs, Recliners & Sleeper Chairs"
9388255,"Furniture > Chairs > Arm Chairs, Recliners & Sleeper Chairs"
9388256,"Furniture > Chairs > Arm Chairs, Recliners & Sleeper Chairs"
9388257,"Furniture > Chairs > Arm Chairs, Recliners & Sleeper Chairs"
9388283,"Furniture > Chairs > Arm Chairs, Recliners & Sleeper Chairs"
9388286,"Furniture > Chairs > Arm Chairs, Recliners & Sleeper Chairs"
9388287,"Furniture > Chairs > Arm Chairs, Recliners & Sleeper Chairs"
9388289,"Furniture > Chairs > Arm Chairs, Recliners & Sleeper Chairs"
9388293,"Furniture > Chairs > Arm Chairs, Recliners & Sleeper Chairs"
9388294,"Furniture > Chairs > Arm Chairs, Recliners & Sleeper Chairs"
9388322,"Furniture > Chairs > Arm Chairs, Recliners & Sleeper Chairs"
9388336,"Furniture > Chairs > Arm Chairs, Recliners & Sleeper Chairs"
9388343,"Furniture > Chairs > Arm Chairs, Recliners & Sleeper Chairs"
9388344,"Furniture > Chairs > Arm Chairs, Recliners & Sleeper Chairs"
9388354,"Furniture > Chairs > Arm Chairs, Recliners & Sleeper Chairs"
9388357,"Furniture > Chairs > Arm Chairs, Recliners & Sleeper Chairs"
9388358,"Furniture > Chairs > Arm Chairs, Recliners & Sleeper Chairs"
9388359,"Furniture > Chairs > Arm Chairs, Recliners & Sleeper Chairs"
9394504,"Furniture > Chairs > Arm Chairs, Recliners & Sleeper Chairs"
9394505,"Furniture > Chairs > Arm Chairs, Recliners & Sleeper Chairs"
9394506,"Furniture > Chairs > Arm Chairs, Recliners & Sleeper Chairs"
9394507,"Furniture > Chairs > Arm Chairs, Recliners & Sleeper Chairs"
9394508,"Furniture > Chairs > Arm Chairs, Recliners & Sleeper Chairs"
9394509,"Furniture > Chairs > Arm Chairs, Recliners & Sleeper Chairs"
9394510,"Furniture > Chairs > Arm Chairs, Recliners & Sleeper Chairs"
9394511,"Furniture > Chairs > Arm Chairs, Recliners & Sleeper Chairs"
9394512,"Furniture > Chairs > Arm Chairs, Recliners & Sleeper Chairs"
9394513,"Furniture > Chairs > Arm Chairs, Recliners & Sleeper Chairs"
9394514,"Furniture > Chairs > Arm Chairs, Recliners & Sleeper Chairs"
9394515,"Furniture > Chairs > Arm Chairs, Recliners & Sleeper Chairs"
9394516,"Furniture > Chairs > Arm Chairs, Recliners & Sleeper Chairs"
9394519,"Furniture > Chairs > Arm Chairs, Recliners & Sleeper Chairs"
9394520,"Furniture > Chairs > Arm Chairs, Recliners & Sleeper Chairs"
9394521,"Furniture > Chairs > Arm Chairs, Recliners & Sleeper Chairs"
9394522,"Furniture > Chairs > Arm Chairs, Recliners & Sleeper Chairs"
9394528,"Furniture > Chairs > Arm Chairs, Recliners & Sleeper Chairs"
9394529,"Furniture > Chairs > Arm Chairs, Recliners & Sleeper Chairs"
9394531,"Furniture > Chairs > Arm Chairs, Recliners & Sleeper Chairs"
9394532,"Furniture > Chairs > Arm Chairs, Recliners & Sleeper Chairs"
9394535,"Furniture > Chairs > Arm Chairs, Recliners & Sleeper Chairs"
9394536,"Furniture > Chairs > Arm Chairs, Recliners & Sleeper Chairs"
9394542,"Furniture > Chairs > Arm Chairs, Recliners & Sleeper Chairs"
9394543,"Furniture > Chairs > Arm Chairs, Recliners & Sleeper Chairs"
9394544,"Furniture > Chairs > Arm Chairs, Recliners & Sleeper Chairs"
9394545,"Furniture > Chairs > Arm Chairs, Recliners & Sleeper Chairs"
9394546,"Furniture > Chairs > Arm Chairs, Recliners & Sleeper Chairs"
9409485,"Furniture > Chairs > Arm Chairs, Recliners & Sleeper Chairs"
9409762,"Furniture > Chairs > Arm Chairs, Recliners & Sleeper Chairs"
9409763,"Furniture > Chairs > Arm Chairs, Recliners & Sleeper Chairs"
9426789,"Furniture > Chairs > Arm Chairs, Recliners & Sleeper Chairs"
9426791,"Furniture > Chairs > Arm Chairs, Recliners & Sleeper Chairs"
9426853,"Furniture > Chairs > Arm Chairs, Recliners & Sleeper Chairs"
9426866,"Furniture > Chairs > Arm Chairs, Recliners & Sleeper Chairs"
9426867,"Furniture > Chairs > Arm Chairs, Recliners & Sleeper Chairs"
9426871,"Furniture > Chairs > Arm Chairs, Recliners & Sleeper Chairs"
9426874,"Furniture > Chairs > Arm Chairs, Recliners & Sleeper Chairs"
9426877,"Furniture > Chairs > Arm Chairs, Recliners & Sleeper Chairs"
9426883,"Furniture > Chairs > Arm Chairs, Recliners & Sleeper Chairs"
9426890,"Furniture > Chairs > Arm Chairs, Recliners & Sleeper Chairs"
9426891,"Furniture > Chairs > Arm Chairs, Recliners & Sleeper Chairs"
9426894,"Furniture > Chairs > Arm Chairs, Recliners & Sleeper Chairs"
9426895,"Furniture > Chairs > Arm Chairs, Recliners & Sleeper Chairs"
9426896,"Furniture > Chairs > Arm Chairs, Recliners & Sleeper Chairs"
9426911,"Furniture > Chairs > Arm Chairs, Recliners & Sleeper Chairs"
9426912,"Furniture > Chairs > Arm Chairs, Recliners & Sleeper Chairs"
9427269,"Furniture > Chairs > Arm Chairs, Recliners & Sleeper Chairs"
9427270,"Furniture > Chairs > Arm Chairs, Recliners & Sleeper Chairs"
9427279,"Furniture > Chairs > Arm Chairs, Recliners & Sleeper Chairs"
9427281,"Furniture > Chairs > Arm Chairs, Recliners & Sleeper Chairs"
9500948,"Furniture > Chairs > Arm Chairs, Recliners & Sleeper Chairs"
9500949,"Furniture > Chairs > Arm Chairs, Recliners & Sleeper Chairs"
9500950,"Furniture > Chairs > Arm Chairs, Recliners & Sleeper Chairs"
9500951,"Furniture > Chairs > Arm Chairs, Recliners & Sleeper Chairs"
9500952,"Furniture > Chairs > Arm Chairs, Recliners & Sleeper Chairs"
9500953,"Furniture > Chairs > Arm Chairs, Recliners & Sleeper Chairs"
9500954,"Furniture > Chairs > Arm Chairs, Recliners & Sleeper Chairs"
9500955,"Furniture > Chairs > Arm Chairs, Recliners & Sleeper Chairs"
9500956,"Furniture > Chairs > Arm Chairs, Recliners & Sleeper Chairs"
9500957,"Furniture > Chairs > Arm Chairs, Recliners & Sleeper Chairs"
9500958,"Furniture > Chairs > Arm Chairs, Recliners & Sleeper Chairs"
9500959,"Furniture > Chairs > Arm Chairs, Recliners & Sleeper Chairs"
9500960,"Furniture > Chairs > Arm Chairs, Recliners & Sleeper Chairs"
9500961,"Furniture > Chairs > Arm Chairs, Recliners & Sleeper Chairs"
9500962,"Furniture > Chairs > Arm Chairs, Recliners & Sleeper Chairs"
9500963,"Furniture > Chairs > Arm Chairs, Recliners & Sleeper Chairs"
9501193,"Furniture > Chairs > Arm Chairs, Recliners & Sleeper Chairs"
9501194,"Furniture > Chairs > Arm Chairs, Recliners & Sleeper Chairs"
9501195,"Furniture > Chairs > Arm Chairs, Recliners & Sleeper Chairs"
9501197,"Furniture > Chairs > Arm Chairs, Recliners & Sleeper Chairs"
9501198,"Furniture > Chairs > Arm Chairs, Recliners & Sleeper Chairs"
9501199,"Furniture > Chairs > Arm Chairs, Recliners & Sleeper Chairs"
9501200,"Furniture > Chairs > Arm Chairs, Recliners & Sleeper Chairs"
9501201,"Furniture > Chairs > Arm Chairs, Recliners & Sleeper Chairs"
9501202,"Furniture > Chairs > Arm Chairs, Recliners & Sleeper Chairs"
9501203,"Furniture > Chairs > Arm Chairs, Recliners & Sleeper Chairs"
9501204,"Furniture > Chairs > Arm Chairs, Recliners & Sleeper Chairs"
9501205,"Furniture > Chairs > Arm Chairs, Recliners & Sleeper Chairs"
9501206,"Furniture > Chairs > Arm Chairs, Recliners & Sleeper Chairs"
9501207,"Furniture > Chairs > Arm Chairs, Recliners & Sleeper Chairs"
9501208,"Furniture > Chairs > Arm Chairs, Recliners & Sleeper Chairs"
9506141,"Furniture > Chairs > Arm Chairs, Recliners & Sleeper Chairs"
9506142,"Furniture > Chairs > Arm Chairs, Recliners & Sleeper Chairs"
9506143,"Furniture > Chairs > Arm Chairs, Recliners & Sleeper Chairs"
9506144,"Furniture > Chairs > Arm Chairs, Recliners & Sleeper Chairs"
9506145,"Furniture > Chairs > Arm Chairs, Recliners & Sleeper Chairs"
9506146,"Furniture > Chairs > Arm Chairs, Recliners & Sleeper Chairs"
9506147,"Furniture > Chairs > Arm Chairs, Recliners & Sleeper Chairs"
9506148,"Furniture > Chairs > Arm Chairs, Recliners & Sleeper Chairs"
9506149,"Furniture > Chairs > Arm Chairs, Recliners & Sleeper Chairs"
9506150,"Furniture > Chairs > Arm Chairs, Recliners & Sleeper Chairs"
9506151,"Furniture > Chairs > Arm Chairs, Recliners & Sleeper Chairs"
9506152,"Furniture > Chairs > Arm Chairs, Recliners & Sleeper Chairs"
9506153,"Furniture > Chairs > Arm Chairs, Recliners & Sleeper Chairs"
9506154,"Furniture > Chairs > Arm Chairs, Recliners & Sleeper Chairs"
9506155,"Furniture > Chairs > Arm Chairs, Recliners & Sleeper Chairs"
9506156,"Furniture > Chairs > Arm Chairs, Recliners & Sleeper Chairs"
9506157,"Furniture > Chairs > Arm Chairs, Recliners & Sleeper Chairs"
9506158,"Furniture > Chairs > Arm Chairs, Recliners & Sleeper Chairs"
9506159,"Furniture > Chairs > Arm Chairs, Recliners & Sleeper Chairs"
9506160,"Furniture > Chairs > Arm Chairs, Recliners & Sleeper Chairs"
9506161,"Furniture > Chairs > Arm Chairs, Recliners & Sleeper Chairs"
9506162,"Furniture > Chairs > Arm Chairs, Recliners & Sleeper Chairs"
9506163,"Furniture > Chairs > Arm Chairs, Recliners & Sleeper Chairs"
9506164,"Furniture > Chairs > Arm Chairs, Recliners & Sleeper Chairs"
9506165,"Furniture > Chairs > Arm Chairs, Recliners & Sleeper Chairs"
9506166,"Furniture > Chairs > Arm Chairs, Recliners & Sleeper Chairs"
9506168,"Furniture > Chairs > Arm Chairs, Recliners & Sleeper Chairs"
9506169,"Furniture > Chairs > Arm Chairs, Recliners & Sleeper Chairs"
9506170,"Furniture > Chairs > Arm Chairs, Recliners & Sleeper Chairs"
9506171,"Furniture > Chairs > Arm Chairs, Recliners & Sleeper Chairs"
9506172,"Furniture > Chairs > Arm Chairs, Recliners & Sleeper Chairs"
9506173,"Furniture > Chairs > Arm Chairs, Recliners & Sleeper Chairs"
9506174,"Furniture > Chairs > Arm Chairs, Recliners & Sleeper Chairs"
9506175,"Furniture > Chairs > Arm Chairs, Recliners & Sleeper Chairs"
9506176,"Furniture > Chairs > Arm Chairs, Recliners & Sleeper Chairs"
9506177,"Furniture > Chairs > Arm Chairs, Recliners & Sleeper Chairs"
9506178,"Furniture > Chairs > Arm Chairs, Recliners & Sleeper Chairs"
9506179,"Furniture > Chairs > Arm Chairs, Recliners & Sleeper Chairs"
9506180,"Furniture > Chairs > Arm Chairs, Recliners & Sleeper Chairs"
9506181,"Furniture > Chairs > Arm Chairs, Recliners & Sleeper Chairs"
9506182,"Furniture > Chairs > Arm Chairs, Recliners & Sleeper Chairs"
9506183,"Furniture > Chairs > Arm Chairs, Recliners & Sleeper Chairs"
9506184,"Furniture > Chairs > Arm Chairs, Recliners & Sleeper Chairs"
9506185,"Furniture > Chairs > Arm Chairs, Recliners & Sleeper Chairs"
9506186,"Furniture > Chairs > Arm Chairs, Recliners & Sleeper Chairs"
9506187,"Furniture > Chairs > Arm Chairs, Recliners & Sleeper Chairs"
9506859,"Furniture > Chairs > Arm Chairs, Recliners & Sleeper Chairs"
9506860,"Furniture > Chairs > Arm Chairs, Recliners & Sleeper Chairs"
9506861,"Furniture > Chairs > Arm Chairs, Recliners & Sleeper Chairs"
9506862,"Furniture > Chairs > Arm Chairs, Recliners & Sleeper Chairs"
9506863,"Furniture > Chairs > Arm Chairs, Recliners & Sleeper Chairs"
9506864,"Furniture > Chairs > Arm Chairs, Recliners & Sleeper Chairs"
9506865,"Furniture > Chairs > Arm Chairs, Recliners & Sleeper Chairs"
9506866,"Furniture > Chairs > Arm Chairs, Recliners & Sleeper Chairs"
9506867,"Furniture > Chairs > Arm Chairs, Recliners & Sleeper Chairs"
9506868,"Furniture > Chairs > Arm Chairs, Recliners & Sleeper Chairs"
9506869,"Furniture > Chairs > Arm Chairs, Recliners & Sleeper Chairs"
9506870,"Furniture > Chairs > Arm Chairs, Recliners & Sleeper Chairs"
9506871,"Furniture > Chairs > Arm Chairs, Recliners & Sleeper Chairs"
9506872,"Furniture > Chairs > Arm Chairs, Recliners & Sleeper Chairs"
9506927,"Furniture > Chairs > Arm Chairs, Recliners & Sleeper Chairs"
9506932,"Furniture > Chairs > Arm Chairs, Recliners & Sleeper Chairs"
9506933,"Furniture > Chairs > Arm Chairs, Recliners & Sleeper Chairs"
9506934,"Furniture > Chairs > Arm Chairs, Recliners & Sleeper Chairs"
9506935,"Furniture > Chairs > Arm Chairs, Recliners & Sleeper Chairs"
9506938,"Furniture > Chairs > Arm Chairs, Recliners & Sleeper Chairs"
9506939,"Furniture > Chairs > Arm Chairs, Recliners & Sleeper Chairs"
9506949,"Furniture > Chairs > Arm Chairs, Recliners & Sleeper Chairs"
9506954,"Furniture > Chairs > Arm Chairs, Recliners & Sleeper Chairs"
9506955,"Furniture > Chairs > Arm Chairs, Recliners & Sleeper Chairs"
9506956,"Furniture > Chairs > Arm Chairs, Recliners & Sleeper Chairs"
9506957,"Furniture > Chairs > Arm Chairs, Recliners & Sleeper Chairs"
9506958,"Furniture > Chairs > Arm Chairs, Recliners & Sleeper Chairs"
9506959,"Furniture > Chairs > Arm Chairs, Recliners & Sleeper Chairs"
9506960,"Furniture > Chairs > Arm Chairs, Recliners & Sleeper Chairs"
9506961,"Furniture > Chairs > Arm Chairs, Recliners & Sleeper Chairs"
9506962,"Furniture > Chairs > Arm Chairs, Recliners & Sleeper Chairs"
9506963,"Furniture > Chairs > Arm Chairs, Recliners & Sleeper Chairs"
9506964,"Furniture > Chairs > Arm Chairs, Recliners & Sleeper Chairs"
9506965,"Furniture > Chairs > Arm Chairs, Recliners & Sleeper Chairs"
9506969,"Furniture > Chairs > Arm Chairs, Recliners & Sleeper Chairs"
9506970,"Furniture > Chairs > Arm Chairs, Recliners & Sleeper Chairs"
9506971,"Furniture > Chairs > Arm Chairs, Recliners & Sleeper Chairs"
9506972,"Furniture > Chairs > Arm Chairs, Recliners & Sleeper Chairs"
9506973,"Furniture > Chairs > Arm Chairs, Recliners & Sleeper Chairs"
9543505,"Furniture > Chairs > Arm Chairs, Recliners & Sleeper Chairs"
9543506,"Furniture > Chairs > Arm Chairs, Recliners & Sleeper Chairs"
9543507,"Furniture > Chairs > Arm Chairs, Recliners & Sleeper Chairs"
9543508,"Furniture > Chairs > Arm Chairs, Recliners & Sleeper Chairs"
9543509,"Furniture > Chairs > Arm Chairs, Recliners & Sleeper Chairs"
9543510,"Furniture > Chairs > Arm Chairs, Recliners & Sleeper Chairs"
9543511,"Furniture > Chairs > Arm Chairs, Recliners & Sleeper Chairs"
9543512,"Furniture > Chairs > Arm Chairs, Recliners & Sleeper Chairs"
9543513,"Furniture > Chairs > Arm Chairs, Recliners & Sleeper Chairs"
9543514,"Furniture > Chairs > Arm Chairs, Recliners & Sleeper Chairs"
9543515,"Furniture > Chairs > Arm Chairs, Recliners & Sleeper Chairs"
9543516,"Furniture > Chairs > Arm Chairs, Recliners & Sleeper Chairs"
9543517,"Furniture > Chairs > Arm Chairs, Recliners & Sleeper Chairs"
9543518,"Furniture > Chairs > Arm Chairs, Recliners & Sleeper Chairs"
9543519,"Furniture > Chairs > Arm Chairs, Recliners & Sleeper Chairs"
9543520,"Furniture > Chairs > Arm Chairs, Recliners & Sleeper Chairs"
9543521,"Furniture > Chairs > Arm Chairs, Recliners & Sleeper Chairs"
9543522,"Furniture > Chairs > Arm Chairs, Recliners & Sleeper Chairs"
9543523,"Furniture > Chairs > Arm Chairs, Recliners & Sleeper Chairs"
9543525,"Furniture > Chairs > Arm Chairs, Recliners & Sleeper Chairs"
9543526,"Furniture > Chairs > Arm Chairs, Recliners & Sleeper Chairs"
9543527,"Furniture > Chairs > Arm Chairs, Recliners & Sleeper Chairs"
9543528,"Furniture > Chairs > Arm Chairs, Recliners & Sleeper Chairs"
9543529,"Furniture > Chairs > Arm Chairs, Recliners & Sleeper Chairs"
9543530,"Furniture > Chairs > Arm Chairs, Recliners & Sleeper Chairs"
9543531,"Furniture > Chairs > Arm Chairs, Recliners & Sleeper Chairs"
9543532,"Furniture > Chairs > Arm Chairs, Recliners & Sleeper Chairs"
9543533,"Furniture > Chairs > Arm Chairs, Recliners & Sleeper Chairs"
9543534,"Furniture > Chairs > Arm Chairs, Recliners & Sleeper Chairs"
9543535,"Furniture > Chairs > Arm Chairs, Recliners & Sleeper Chairs"
9543536,"Furniture > Chairs > Arm Chairs, Recliners & Sleeper Chairs"
9543537,"Furniture > Chairs > Arm Chairs, Recliners & Sleeper Chairs"
9543538,"Furniture > Chairs > Arm Chairs, Recliners & Sleeper Chairs"
9543539,"Furniture > Chairs > Arm Chairs, Recliners & Sleeper Chairs"
9543540,"Furniture > Chairs > Arm Chairs, Recliners & Sleeper Chairs"
9543541,"Furniture > Chairs > Arm Chairs, Recliners & Sleeper Chairs"
9543542,"Furniture > Chairs > Arm Chairs, Recliners & Sleeper Chairs"
9543543,"Furniture > Chairs > Arm Chairs, Recliners & Sleeper Chairs"
9554218,"Furniture > Chairs > Arm Chairs, Recliners & Sleeper Chairs"
9554219,"Furniture > Chairs > Arm Chairs, Recliners & Sleeper Chairs"
9554220,"Furniture > Chairs > Arm Chairs, Recliners & Sleeper Chairs"
9554221,"Furniture > Chairs > Arm Chairs, Recliners & Sleeper Chairs"
9554222,"Furniture > Chairs > Arm Chairs, Recliners & Sleeper Chairs"
9554223,"Furniture > Chairs > Arm Chairs, Recliners & Sleeper Chairs"
9554224,"Furniture > Chairs > Arm Chairs, Recliners & Sleeper Chairs"
9554225,"Furniture > Chairs > Arm Chairs, Recliners & Sleeper Chairs"
9554226,"Furniture > Chairs > Arm Chairs, Recliners & Sleeper Chairs"
9554227,"Furniture > Chairs > Arm Chairs, Recliners & Sleeper Chairs"
9554228,"Furniture > Chairs > Arm Chairs, Recliners & Sleeper Chairs"
9554229,"Furniture > Chairs > Arm Chairs, Recliners & Sleeper Chairs"
9554230,"Furniture > Chairs > Arm Chairs, Recliners & Sleeper Chairs"
9554231,"Furniture > Chairs > Arm Chairs, Recliners & Sleeper Chairs"
9554827,"Furniture > Chairs > Arm Chairs, Recliners & Sleeper Chairs"
9554828,"Furniture > Chairs > Arm Chairs, Recliners & Sleeper Chairs"
9554829,"Furniture > Chairs > Arm Chairs, Recliners & Sleeper Chairs"
9554830,"Furniture > Chairs > Arm Chairs, Recliners & Sleeper Chairs"
9554831,"Furniture > Chairs > Arm Chairs, Recliners & Sleeper Chairs"
9554832,"Furniture > Chairs > Arm Chairs, Recliners & Sleeper Chairs"
9554833,"Furniture > Chairs > Arm Chairs, Recliners & Sleeper Chairs"
9554834,"Furniture > Chairs > Arm Chairs, Recliners & Sleeper Chairs"
9554835,"Furniture > Chairs > Arm Chairs, Recliners & Sleeper Chairs"
9554836,"Furniture > Chairs > Arm Chairs, Recliners & Sleeper Chairs"
9554837,"Furniture > Chairs > Arm Chairs, Recliners & Sleeper Chairs"
9554838,"Furniture > Chairs > Arm Chairs, Recliners & Sleeper Chairs"
9554839,"Furniture > Chairs > Arm Chairs, Recliners & Sleeper Chairs"
9554840,"Furniture > Chairs > Arm Chairs, Recliners & Sleeper Chairs"
9554841,"Furniture > Chairs > Arm Chairs, Recliners & Sleeper Chairs"
9554842,"Furniture > Chairs > Arm Chairs, Recliners & Sleeper Chairs"
9554843,"Furniture > Chairs > Arm Chairs, Recliners & Sleeper Chairs"
9554844,"Furniture > Chairs > Arm Chairs, Recliners & Sleeper Chairs"
9554845,"Furniture > Chairs > Arm Chairs, Recliners & Sleeper Chairs"
9554846,"Furniture > Chairs > Arm Chairs, Recliners & Sleeper Chairs"
9554847,"Furniture > Chairs > Arm Chairs, Recliners & Sleeper Chairs"
9554848,"Furniture > Chairs > Arm Chairs, Recliners & Sleeper Chairs"
9554849,"Furniture > Chairs > Arm Chairs, Recliners & Sleeper Chairs"
9554850,"Furniture > Chairs > Arm Chairs, Recliners & Sleeper Chairs"
9554851,"Furniture > Chairs > Arm Chairs, Recliners & Sleeper Chairs"
9554852,"Furniture > Chairs > Arm Chairs, Recliners & Sleeper Chairs"
9554853,"Furniture > Chairs > Arm Chairs, Recliners & Sleeper Chairs"
9554854,"Furniture > Chairs > Arm Chairs, Recliners & Sleeper Chairs"
9554983,"Furniture > Chairs > Arm Chairs, Recliners & Sleeper Chairs"
9554984,"Furniture > Chairs > Arm Chairs, Recliners & Sleeper Chairs"
9554985,"Furniture > Chairs > Arm Chairs, Recliners & Sleeper Chairs"
9554986,"Furniture > Chairs > Arm Chairs, Recliners & Sleeper Chairs"
9554987,"Furniture > Chairs > Arm Chairs, Recliners & Sleeper Chairs"
9554988,"Furniture > Chairs > Arm Chairs, Recliners & Sleeper Chairs"
9554989,"Furniture > Chairs > Arm Chairs, Recliners & Sleeper Chairs"
9554990,"Furniture > Chairs > Arm Chairs, Recliners & Sleeper Chairs"
9554991,"Furniture > Chairs > Arm Chairs, Recliners & Sleeper Chairs"
9554992,"Furniture > Chairs > Arm Chairs, Recliners & Sleeper Chairs"
9554993,"Furniture > Chairs > Arm Chairs, Recliners & Sleeper Chairs"
9554994,"Furniture > Chairs > Arm Chairs, Recliners & Sleeper Chairs"
9554995,"Furniture > Chairs > Arm Chairs, Recliners & Sleeper Chairs"
9554996,"Furniture > Chairs > Arm Chairs, Recliners & Sleeper Chairs"
9554997,"Furniture > Chairs > Arm Chairs, Recliners & Sleeper Chairs"
9554998,"Furniture > Chairs > Arm Chairs, Recliners & Sleeper Chairs"
9554999,"Furniture > Chairs > Arm Chairs, Recliners & Sleeper Chairs"
9555000,"Furniture > Chairs > Arm Chairs, Recliners & Sleeper Chairs"
9555001,"Furniture > Chairs > Arm Chairs, Recliners & Sleeper Chairs"
9555002,"Furniture > Chairs > Arm Chairs, Recliners & Sleeper Chairs"
9555003,"Furniture > Chairs > Arm Chairs, Recliners & Sleeper Chairs"
9555004,"Furniture > Chairs > Arm Chairs, Recliners & Sleeper Chairs"
9555005,"Furniture > Chairs > Arm Chairs, Recliners & Sleeper Chairs"
9555006,"Furniture > Chairs > Arm Chairs, Recliners & Sleeper Chairs"
9555007,"Furniture > Chairs > Arm Chairs, Recliners & Sleeper Chairs"
9555008,"Furniture > Chairs > Arm Chairs, Recliners & Sleeper Chairs"
9555009,"Furniture > Chairs > Arm Chairs, Recliners & Sleeper Chairs"
9555010,"Furniture > Chairs > Arm Chairs, Recliners & Sleeper Chairs"
9578959,"Furniture > Chairs > Arm Chairs, Recliners & Sleeper Chairs"
9579011,"Furniture > Chairs > Arm Chairs, Recliners & Sleeper Chairs"
9579013,"Furniture > Chairs > Arm Chairs, Recliners & Sleeper Chairs"
9579014,"Furniture > Chairs > Arm Chairs, Recliners & Sleeper Chairs"
9579015,"Furniture > Chairs > Arm Chairs, Recliners & Sleeper Chairs"
9579023,"Furniture > Chairs > Arm Chairs, Recliners & Sleeper Chairs"
9579028,"Furniture > Chairs > Arm Chairs, Recliners & Sleeper Chairs"
9579029,"Furniture > Chairs > Arm Chairs, Recliners & Sleeper Chairs"
9579032,"Furniture > Chairs > Arm Chairs, Recliners & Sleeper Chairs"
9579034,"Furniture > Chairs > Arm Chairs, Recliners & Sleeper Chairs"
9579035,"Furniture > Chairs > Arm Chairs, Recliners & Sleeper Chairs"
9579040,"Furniture > Chairs > Arm Chairs, Recliners & Sleeper Chairs"
9579529,"Furniture > Chairs > Arm Chairs, Recliners & Sleeper Chairs"
9579571,"Furniture > Chairs > Arm Chairs, Recliners & Sleeper Chairs"
9579573,"Furniture > Chairs > Arm Chairs, Recliners & Sleeper Chairs"
9579575,"Furniture > Chairs > Arm Chairs, Recliners & Sleeper Chairs"
9579577,"Furniture > Chairs > Arm Chairs, Recliners & Sleeper Chairs"
9579596,"Furniture > Chairs > Arm Chairs, Recliners & Sleeper Chairs"
9579597,"Furniture > Chairs > Arm Chairs, Recliners & Sleeper Chairs"
9579635,"Furniture > Chairs > Arm Chairs, Recliners & Sleeper Chairs"
9579636,"Furniture > Chairs > Arm Chairs, Recliners & Sleeper Chairs"
9579884,"Furniture > Chairs > Arm Chairs, Recliners & Sleeper Chairs"
9579885,"Furniture > Chairs > Arm Chairs, Recliners & Sleeper Chairs"
9610499,"Furniture > Chairs > Arm Chairs, Recliners & Sleeper Chairs"
9610772,"Furniture > Chairs > Arm Chairs, Recliners & Sleeper Chairs"
9610773,"Furniture > Chairs > Arm Chairs, Recliners & Sleeper Chairs"
9610789,"Furniture > Chairs > Arm Chairs, Recliners & Sleeper Chairs"
9610790,"Furniture > Chairs > Arm Chairs, Recliners & Sleeper Chairs"
9610791,"Furniture > Chairs > Arm Chairs, Recliners & Sleeper Chairs"
9610794,"Furniture > Chairs > Arm Chairs, Recliners & Sleeper Chairs"
9610798,"Furniture > Chairs > Arm Chairs, Recliners & Sleeper Chairs"
9610802,"Furniture > Chairs > Arm Chairs, Recliners & Sleeper Chairs"
9610804,"Furniture > Chairs > Arm Chairs, Recliners & Sleeper Chairs"
9610806,"Furniture > Chairs > Arm Chairs, Recliners & Sleeper Chairs"
9610808,"Furniture > Chairs > Arm Chairs, Recliners & Sleeper Chairs"
9610809,"Furniture > Chairs > Arm Chairs, Recliners & Sleeper Chairs"
9610810,"Furniture > Chairs > Arm Chairs, Recliners & Sleeper Chairs"
9610819,"Furniture > Chairs > Arm Chairs, Recliners & Sleeper Chairs"
9610820,"Furniture > Chairs > Arm Chairs, Recliners & Sleeper Chairs"
9610821,"Furniture > Chairs > Arm Chairs, Recliners & Sleeper Chairs"
9610826,"Furniture > Chairs > Arm Chairs, Recliners & Sleeper Chairs"
9610840,"Furniture > Chairs > Arm Chairs, Recliners & Sleeper Chairs"
9615557,"Furniture > Chairs > Arm Chairs, Recliners & Sleeper Chairs"
9615562,"Furniture > Chairs > Arm Chairs, Recliners & Sleeper Chairs"
9615605,"Furniture > Chairs > Arm Chairs, Recliners & Sleeper Chairs"
9615606,"Furniture > Chairs > Arm Chairs, Recliners & Sleeper Chairs"
9673989,"Furniture > Chairs > Arm Chairs, Recliners & Sleeper Chairs"
9673990,"Furniture > Chairs > Arm Chairs, Recliners & Sleeper Chairs"
9673991,"Furniture > Chairs > Arm Chairs, Recliners & Sleeper Chairs"
9673992,"Furniture > Chairs > Arm Chairs, Recliners & Sleeper Chairs"
9673993,"Furniture > Chairs > Arm Chairs, Recliners & Sleeper Chairs"
9673994,"Furniture > Chairs > Arm Chairs, Recliners & Sleeper Chairs"
9673995,"Furniture > Chairs > Arm Chairs, Recliners & Sleeper Chairs"
9673996,"Furniture > Chairs > Arm Chairs, Recliners & Sleeper Chairs"
9673997,"Furniture > Chairs > Arm Chairs, Recliners & Sleeper Chairs"
9673998,"Furniture > Chairs > Arm Chairs, Recliners & Sleeper Chairs"
9673999,"Furniture > Chairs > Arm Chairs, Recliners & Sleeper Chairs"
9674000,"Furniture > Chairs > Arm Chairs, Recliners & Sleeper Chairs"
9674001,"Furniture > Chairs > Arm Chairs, Recliners & Sleeper Chairs"
9674002,"Furniture > Chairs > Arm Chairs, Recliners & Sleeper Chairs"
9674003,"Furniture > Chairs > Arm Chairs, Recliners & Sleeper Chairs"
9674004,"Furniture > Chairs > Arm Chairs, Recliners & Sleeper Chairs"
9674005,"Furniture > Chairs > Arm Chairs, Recliners & Sleeper Chairs"
9674006,"Furniture > Chairs > Arm Chairs, Recliners & Sleeper Chairs"
9674007,"Furniture > Chairs > Arm Chairs, Recliners & Sleeper Chairs"
9674008,"Furniture > Chairs > Arm Chairs, Recliners & Sleeper Chairs"
9674009,"Furniture > Chairs > Arm Chairs, Recliners & Sleeper Chairs"
9674010,"Furniture > Chairs > Arm Chairs, Recliners & Sleeper Chairs"
9674011,"Furniture > Chairs > Arm Chairs, Recliners & Sleeper Chairs"
9674012,"Furniture > Chairs > Arm Chairs, Recliners & Sleeper Chairs"
9674013,"Furniture > Chairs > Arm Chairs, Recliners & Sleeper Chairs"
9674014,"Furniture > Chairs > Arm Chairs, Recliners & Sleeper Chairs"
9674015,"Furniture > Chairs > Arm Chairs, Recliners & Sleeper Chairs"
9674016,"Furniture > Chairs > Arm Chairs, Recliners & Sleeper Chairs"
9674253,"Furniture > Chairs > Arm Chairs, Recliners & Sleeper Chairs"
9674254,"Furniture > Chairs > Arm Chairs, Recliners & Sleeper Chairs"
9674255,"Furniture > Chairs > Arm Chairs, Recliners & Sleeper Chairs"
9674256,"Furniture > Chairs > Arm Chairs, Recliners & Sleeper Chairs"
9674257,"Furniture > Chairs > Arm Chairs, Recliners & Sleeper Chairs"
9674258,"Furniture > Chairs > Arm Chairs, Recliners & Sleeper Chairs"
9674259,"Furniture > Chairs > Arm Chairs, Recliners & Sleeper Chairs"
9674260,"Furniture > Chairs > Arm Chairs, Recliners & Sleeper Chairs"
9674261,"Furniture > Chairs > Arm Chairs, Recliners & Sleeper Chairs"
9674262,"Furniture > Chairs > Arm Chairs, Recliners & Sleeper Chairs"
9674263,"Furniture > Chairs > Arm Chairs, Recliners & Sleeper Chairs"
9674264,"Furniture > Chairs > Arm Chairs, Recliners & Sleeper Chairs"
9674265,"Furniture > Chairs > Arm Chairs, Recliners & Sleeper Chairs"
9674266,"Furniture > Chairs > Arm Chairs, Recliners & Sleeper Chairs"
9674267,"Furniture > Chairs > Arm Chairs, Recliners & Sleeper Chairs"
9674268,"Furniture > Chairs > Arm Chairs, Recliners & Sleeper Chairs"
9674269,"Furniture > Chairs > Arm Chairs, Recliners & Sleeper Chairs"
9674270,"Furniture > Chairs > Arm Chairs, Recliners & Sleeper Chairs"
9674271,"Furniture > Chairs > Arm Chairs, Recliners & Sleeper Chairs"
9674272,"Furniture > Chairs > Arm Chairs, Recliners & Sleeper Chairs"
9674273,"Furniture > Chairs > Arm Chairs, Recliners & Sleeper Chairs"
9674274,"Furniture > Chairs > Arm Chairs, Recliners & Sleeper Chairs"
9674275,"Furniture > Chairs > Arm Chairs, Recliners & Sleeper Chairs"
9674276,"Furniture > Chairs > Arm Chairs, Recliners & Sleeper Chairs"
9674277,"Furniture > Chairs > Arm Chairs, Recliners & Sleeper Chairs"
9674278,"Furniture > Chairs > Arm Chairs, Recliners & Sleeper Chairs"
9674279,"Furniture > Chairs > Arm Chairs, Recliners & Sleeper Chairs"
9674280,"Furniture > Chairs > Arm Chairs, Recliners & Sleeper Chairs"
9678350,"Furniture > Chairs > Arm Chairs, Recliners & Sleeper Chairs"
9678351,"Furniture > Chairs > Arm Chairs, Recliners & Sleeper Chairs"
9678352,"Furniture > Chairs > Arm Chairs, Recliners & Sleeper Chairs"
9678353,"Furniture > Chairs > Arm Chairs, Recliners & Sleeper Chairs"
9692598,"Furniture > Chairs > Arm Chairs, Recliners & Sleeper Chairs"
9703467,"Furniture > Chairs > Arm Chairs, Recliners & Sleeper Chairs"
9703468,"Furniture > Chairs > Arm Chairs, Recliners & Sleeper Chairs"
9703470,"Furniture > Chairs > Arm Chairs, Recliners & Sleeper Chairs"
9703476,"Furniture > Chairs > Arm Chairs, Recliners & Sleeper Chairs"
9703478,"Furniture > Chairs > Arm Chairs, Recliners & Sleeper Chairs"
9703482,"Furniture > Chairs > Arm Chairs, Recliners & Sleeper Chairs"
9703496,"Furniture > Chairs > Arm Chairs, Recliners & Sleeper Chairs"
9703497,"Furniture > Chairs > Arm Chairs, Recliners & Sleeper Chairs"
9703525,"Furniture > Chairs > Arm Chairs, Recliners & Sleeper Chairs"
9703527,"Furniture > Chairs > Arm Chairs, Recliners & Sleeper Chairs"
9703675,"Furniture > Chairs > Arm Chairs, Recliners & Sleeper Chairs"
9703712,"Furniture > Chairs > Arm Chairs, Recliners & Sleeper Chairs"
9703716,"Furniture > Chairs > Arm Chairs, Recliners & Sleeper Chairs"
9703718,"Furniture > Chairs > Arm Chairs, Recliners & Sleeper Chairs"
9703719,"Furniture > Chairs > Arm Chairs, Recliners & Sleeper Chairs"
9703723,"Furniture > Chairs > Arm Chairs, Recliners & Sleeper Chairs"
9703725,"Furniture > Chairs > Arm Chairs, Recliners & Sleeper Chairs"
9703834,"Furniture > Chairs > Arm Chairs, Recliners & Sleeper Chairs"
9703835,"Furniture > Chairs > Arm Chairs, Recliners & Sleeper Chairs"
9703836,"Furniture > Chairs > Arm Chairs, Recliners & Sleeper Chairs"
9703871,"Furniture > Chairs > Arm Chairs, Recliners & Sleeper Chairs"
9703872,"Furniture > Chairs > Arm Chairs, Recliners & Sleeper Chairs"
9703873,"Furniture > Chairs > Arm Chairs, Recliners & Sleeper Chairs"
9703874,"Furniture > Chairs > Arm Chairs, Recliners & Sleeper Chairs"
9703875,"Furniture > Chairs > Arm Chairs, Recliners & Sleeper Chairs"
9703876,"Furniture > Chairs > Arm Chairs, Recliners & Sleeper Chairs"
9703877,"Furniture > Chairs > Arm Chairs, Recliners & Sleeper Chairs"
9703880,"Furniture > Chairs > Arm Chairs, Recliners & Sleeper Chairs"
9703881,"Furniture > Chairs > Arm Chairs, Recliners & Sleeper Chairs"
9703883,"Furniture > Chairs > Arm Chairs, Recliners & Sleeper Chairs"
9703888,"Furniture > Chairs > Arm Chairs, Recliners & Sleeper Chairs"
9703906,"Furniture > Chairs > Arm Chairs, Recliners & Sleeper Chairs"
9703907,"Furniture > Chairs > Arm Chairs, Recliners & Sleeper Chairs"
9703908,"Furniture > Chairs > Arm Chairs, Recliners & Sleeper Chairs"
9707319,"Furniture > Chairs > Arm Chairs, Recliners & Sleeper Chairs"
9707320,"Furniture > Chairs > Arm Chairs, Recliners & Sleeper Chairs"
9707368,"Furniture > Chairs > Arm Chairs, Recliners & Sleeper Chairs"
9707369,"Furniture > Chairs > Arm Chairs, Recliners & Sleeper Chairs"
9707404,"Furniture > Chairs > Arm Chairs, Recliners & Sleeper Chairs"
9707405,"Furniture > Chairs > Arm Chairs, Recliners & Sleeper Chairs"
9707406,"Furniture > Chairs > Arm Chairs, Recliners & Sleeper Chairs"
9707407,"Furniture > Chairs > Arm Chairs, Recliners & Sleeper Chairs"
9707415,"Furniture > Chairs > Arm Chairs, Recliners & Sleeper Chairs"
9707416,"Furniture > Chairs > Arm Chairs, Recliners & Sleeper Chairs"
9707417,"Furniture > Chairs > Arm Chairs, Recliners & Sleeper Chairs"
9707418,"Furniture > Chairs > Arm Chairs, Recliners & Sleeper Chairs"
9707420,"Furniture > Chairs > Arm Chairs, Recliners & Sleeper Chairs"
9707421,"Furniture > Chairs > Arm Chairs, Recliners & Sleeper Chairs"
9707590,"Furniture > Chairs > Arm Chairs, Recliners & Sleeper Chairs"
9707594,"Furniture > Chairs > Arm Chairs, Recliners & Sleeper Chairs"
9707631,"Furniture > Chairs > Arm Chairs, Recliners & Sleeper Chairs"
9707633,"Furniture > Chairs > Arm Chairs, Recliners & Sleeper Chairs"
9707638,"Furniture > Chairs > Arm Chairs, Recliners & Sleeper Chairs"
9707641,"Furniture > Chairs > Arm Chairs, Recliners & Sleeper Chairs"
9707655,"Furniture > Chairs > Arm Chairs, Recliners & Sleeper Chairs"
9707656,"Furniture > Chairs > Arm Chairs, Recliners & Sleeper Chairs"
9707658,"Furniture > Chairs > Arm Chairs, Recliners & Sleeper Chairs"
9707660,"Furniture > Chairs > Arm Chairs, Recliners & Sleeper Chairs"
9707661,"Furniture > Chairs > Arm Chairs, Recliners & Sleeper Chairs"
9707680,"Furniture > Chairs > Arm Chairs, Recliners & Sleeper Chairs"
9707682,"Furniture > Chairs > Arm Chairs, Recliners & Sleeper Chairs"
9707683,"Furniture > Chairs > Arm Chairs, Recliners & Sleeper Chairs"
9707688,"Furniture > Chairs > Arm Chairs, Recliners & Sleeper Chairs"
9707690,"Furniture > Chairs > Arm Chairs, Recliners & Sleeper Chairs"
9707691,"Furniture > Chairs > Arm Chairs, Recliners & Sleeper Chairs"
9707692,"Furniture > Chairs > Arm Chairs, Recliners & Sleeper Chairs"
9707693,"Furniture > Chairs > Arm Chairs, Recliners & Sleeper Chairs"
9707694,"Furniture > Chairs > Arm Chairs, Recliners & Sleeper Chairs"
9707695,"Furniture > Chairs > Arm Chairs, Recliners & Sleeper Chairs"
9708720,"Furniture > Chairs > Arm Chairs, Recliners & Sleeper Chairs"
9709278,"Furniture > Chairs > Arm Chairs, Recliners & Sleeper Chairs"
9709946,"Furniture > Chairs > Arm Chairs, Recliners & Sleeper Chairs"
9711045,"Furniture > Chairs > Arm Chairs, Recliners & Sleeper Chairs"
9718243,"Furniture > Chairs > Arm Chairs, Recliners & Sleeper Chairs"
9718251,"Furniture > Chairs > Arm Chairs, Recliners & Sleeper Chairs"
9718252,"Furniture > Chairs > Arm Chairs, Recliners & Sleeper Chairs"
9718253,"Furniture > Chairs > Arm Chairs, Recliners & Sleeper Chairs"
9718254,"Furniture > Chairs > Arm Chairs, Recliners & Sleeper Chairs"
9718255,"Furniture > Chairs > Arm Chairs, Recliners & Sleeper Chairs"
9718256,"Furniture > Chairs > Arm Chairs, Recliners & Sleeper Chairs"
9718257,"Furniture > Chairs > Arm Chairs, Recliners & Sleeper Chairs"
9718258,"Furniture > Chairs > Arm Chairs, Recliners & Sleeper Chairs"
9718259,"Furniture > Chairs > Arm Chairs, Recliners & Sleeper Chairs"
9718260,"Furniture > Chairs > Arm Chairs, Recliners & Sleeper Chairs"
9718261,"Furniture > Chairs > Arm Chairs, Recliners & Sleeper Chairs"
9718262,"Furniture > Chairs > Arm Chairs, Recliners & Sleeper Chairs"
9718264,"Furniture > Chairs > Arm Chairs, Recliners & Sleeper Chairs"
9719542,"Furniture > Chairs > Arm Chairs, Recliners & Sleeper Chairs"
9719543,"Furniture > Chairs > Arm Chairs, Recliners & Sleeper Chairs"
9719544,"Furniture > Chairs > Arm Chairs, Recliners & Sleeper Chairs"
9719545,"Furniture > Chairs > Arm Chairs, Recliners & Sleeper Chairs"
9719546,"Furniture > Chairs > Arm Chairs, Recliners & Sleeper Chairs"
9719547,"Furniture > Chairs > Arm Chairs, Recliners & Sleeper Chairs"
9719548,"Furniture > Chairs > Arm Chairs, Recliners & Sleeper Chairs"
9719549,"Furniture > Chairs > Arm Chairs, Recliners & Sleeper Chairs"
9719550,"Furniture > Chairs > Arm Chairs, Recliners & Sleeper Chairs"
9719551,"Furniture > Chairs > Arm Chairs, Recliners & Sleeper Chairs"
9719552,"Furniture > Chairs > Arm Chairs, Recliners & Sleeper Chairs"
9719553,"Furniture > Chairs > Arm Chairs, Recliners & Sleeper Chairs"
9719554,"Furniture > Chairs > Arm Chairs, Recliners & Sleeper Chairs"
9719555,"Furniture > Chairs > Arm Chairs, Recliners & Sleeper Chairs"
9719556,"Furniture > Chairs > Arm Chairs, Recliners & Sleeper Chairs"
9719557,"Furniture > Chairs > Arm Chairs, Recliners & Sleeper Chairs"
9719558,"Furniture > Chairs > Arm Chairs, Recliners & Sleeper Chairs"
9719559,"Furniture > Chairs > Arm Chairs, Recliners & Sleeper Chairs"
9719561,"Furniture > Chairs > Arm Chairs, Recliners & Sleeper Chairs"
9719562,"Furniture > Chairs > Arm Chairs, Recliners & Sleeper Chairs"
9719563,"Furniture > Chairs > Arm Chairs, Recliners & Sleeper Chairs"
9719564,"Furniture > Chairs > Arm Chairs, Recliners & Sleeper Chairs"
9719565,"Furniture > Chairs > Arm Chairs, Recliners & Sleeper Chairs"
9723054,"Furniture > Chairs > Arm Chairs, Recliners & Sleeper Chairs"
9723055,"Furniture > Chairs > Arm Chairs, Recliners & Sleeper Chairs"
9723056,"Furniture > Chairs > Arm Chairs, Recliners & Sleeper Chairs"
9723057,"Furniture > Chairs > Arm Chairs, Recliners & Sleeper Chairs"
9723058,"Furniture > Chairs > Arm Chairs, Recliners & Sleeper Chairs"
9723059,"Furniture > Chairs > Arm Chairs, Recliners & Sleeper Chairs"
9723060,"Furniture > Chairs > Arm Chairs, Recliners & Sleeper Chairs"
9723061,"Furniture > Chairs > Arm Chairs, Recliners & Sleeper Chairs"
9723062,"Furniture > Chairs > Arm Chairs, Recliners & Sleeper Chairs"
9723063,"Furniture > Chairs > Arm Chairs, Recliners & Sleeper Chairs"
9723064,"Furniture > Chairs > Arm Chairs, Recliners & Sleeper Chairs"
9723065,"Furniture > Chairs > Arm Chairs, Recliners & Sleeper Chairs"
9723066,"Furniture > Chairs > Arm Chairs, Recliners & Sleeper Chairs"
9723067,"Furniture > Chairs > Arm Chairs, Recliners & Sleeper Chairs"
9723068,"Furniture > Chairs > Arm Chairs, Recliners & Sleeper Chairs"
9723069,"Furniture > Chairs > Arm Chairs, Recliners & Sleeper Chairs"
9723070,"Furniture > Chairs > Arm Chairs, Recliners & Sleeper Chairs"
9723071,"Furniture > Chairs > Arm Chairs, Recliners & Sleeper Chairs"
9723072,"Furniture > Chairs > Arm Chairs, Recliners & Sleeper Chairs"
9723074,"Furniture > Chairs > Arm Chairs, Recliners & Sleeper Chairs"
9723075,"Furniture > Chairs > Arm Chairs, Recliners & Sleeper Chairs"
9723076,"Furniture > Chairs > Arm Chairs, Recliners & Sleeper Chairs"
9723077,"Furniture > Chairs > Arm Chairs, Recliners & Sleeper Chairs"
9723078,"Furniture > Chairs > Arm Chairs, Recliners & Sleeper Chairs"
9723079,"Furniture > Chairs > Arm Chairs, Recliners & Sleeper Chairs"
9723080,"Furniture > Chairs > Arm Chairs, Recliners & Sleeper Chairs"
9723081,"Furniture > Chairs > Arm Chairs, Recliners & Sleeper Chairs"
9723082,"Furniture > Chairs > Arm Chairs, Recliners & Sleeper Chairs"
9723083,"Furniture > Chairs > Arm Chairs, Recliners & Sleeper Chairs"
9723084,"Furniture > Chairs > Arm Chairs, Recliners & Sleeper Chairs"
9723085,"Furniture > Chairs > Arm Chairs, Recliners & Sleeper Chairs"
9723086,"Furniture > Chairs > Arm Chairs, Recliners & Sleeper Chairs"
9723087,"Furniture > Chairs > Arm Chairs, Recliners & Sleeper Chairs"
9723088,"Furniture > Chairs > Arm Chairs, Recliners & Sleeper Chairs"
9723089,"Furniture > Chairs > Arm Chairs, Recliners & Sleeper Chairs"
9723090,"Furniture > Chairs > Arm Chairs, Recliners & Sleeper Chairs"
9723091,"Furniture > Chairs > Arm Chairs, Recliners & Sleeper Chairs"
9723092,"Furniture > Chairs > Arm Chairs, Recliners & Sleeper Chairs"
9723093,"Furniture > Chairs > Arm Chairs, Recliners & Sleeper Chairs"
9742846,"Furniture > Chairs > Arm Chairs, Recliners & Sleeper Chairs"
9742972,"Furniture > Chairs > Arm Chairs, Recliners & Sleeper Chairs"
9742974,"Furniture > Chairs > Arm Chairs, Recliners & Sleeper Chairs"
9742977,"Furniture > Chairs > Arm Chairs, Recliners & Sleeper Chairs"
9742980,"Furniture > Chairs > Arm Chairs, Recliners & Sleeper Chairs"
9742984,"Furniture > Chairs > Arm Chairs, Recliners & Sleeper Chairs"
9742986,"Furniture > Chairs > Arm Chairs, Recliners & Sleeper Chairs"
9742987,"Furniture > Chairs > Arm Chairs, Recliners & Sleeper Chairs"
9742989,"Furniture > Chairs > Arm Chairs, Recliners & Sleeper Chairs"
9742991,"Furniture > Chairs > Arm Chairs, Recliners & Sleeper Chairs"
9742993,"Furniture > Chairs > Arm Chairs, Recliners & Sleeper Chairs"
9743088,"Furniture > Chairs > Arm Chairs, Recliners & Sleeper Chairs"
9743090,"Furniture > Chairs > Arm Chairs, Recliners & Sleeper Chairs"
9743093,"Furniture > Chairs > Arm Chairs, Recliners & Sleeper Chairs"
9743094,"Furniture > Chairs > Arm Chairs, Recliners & Sleeper Chairs"
9743101,"Furniture > Chairs > Arm Chairs, Recliners & Sleeper Chairs"
9743131,"Furniture > Chairs > Arm Chairs, Recliners & Sleeper Chairs"
9743135,"Furniture > Chairs > Arm Chairs, Recliners & Sleeper Chairs"
9743147,"Furniture > Chairs > Arm Chairs, Recliners & Sleeper Chairs"
9743148,"Furniture > Chairs > Arm Chairs, Recliners & Sleeper Chairs"
9743149,"Furniture > Chairs > Arm Chairs, Recliners & Sleeper Chairs"
9743152,"Furniture > Chairs > Arm Chairs, Recliners & Sleeper Chairs"
9743169,"Furniture > Chairs > Arm Chairs, Recliners & Sleeper Chairs"
9743170,"Furniture > Chairs > Arm Chairs, Recliners & Sleeper Chairs"
9743172,"Furniture > Chairs > Arm Chairs, Recliners & Sleeper Chairs"
9960337,Home & Garden > Lawn & Garden > Outdoor Living > Outdoor Umbrellas & Sunshades
9960338,Home & Garden > Lawn & Garden > Outdoor Living > Outdoor Umbrellas & Sunshades
9960339,Home & Garden > Lawn & Garden > Outdoor Living > Outdoor Umbrellas & Sunshades
9960342,Home & Garden > Lawn & Garden > Outdoor Living > Outdoor Umbrellas & Sunshades
9960343,Home & Garden > Lawn & Garden > Outdoor Living > Outdoor Umbrellas & Sunshades
9960348,Home & Garden > Lawn & Garden > Outdoor Living > Outdoor Umbrellas & Sunshades
9960349,Home & Garden > Lawn & Garden > Outdoor Living > Outdoor Umbrellas & Sunshades
9960354,Home & Garden > Lawn & Garden > Outdoor Living > Outdoor Umbrellas & Sunshades
9960355,Home & Garden > Lawn & Garden > Outdoor Living > Outdoor Umbrellas & Sunshades
9960356,Home & Garden > Lawn & Garden > Outdoor Living > Outdoor Umbrellas & Sunshades
9960367,Home & Garden > Lawn & Garden > Outdoor Living > Outdoor Umbrellas & Sunshades
9960368,Home & Garden > Lawn & Garden > Outdoor Living > Outdoor Umbrellas & Sunshades
9960369,Home & Garden > Lawn & Garden > Outdoor Living > Outdoor Umbrellas & Sunshades
9960388,Home & Garden > Lawn & Garden > Outdoor Living > Outdoor Umbrellas & Sunshades
9960389,Home & Garden > Lawn & Garden > Outdoor Living > Outdoor Umbrellas & Sunshades
9960390,Home & Garden > Lawn & Garden > Outdoor Living > Outdoor Umbrellas & Sunshades
9960391,Home & Garden > Lawn & Garden > Outdoor Living > Outdoor Umbrellas & Sunshades
9960392,Home & Garden > Lawn & Garden > Outdoor Living > Outdoor Umbrellas & Sunshades
9960393,Home & Garden > Lawn & Garden > Outdoor Living > Outdoor Umbrellas & Sunshades
9960394,Home & Garden > Lawn & Garden > Outdoor Living > Outdoor Umbrellas & Sunshades
9960395,Home & Garden > Lawn & Garden > Outdoor Living > Outdoor Umbrellas & Sunshades
9960403,Home & Garden > Lawn & Garden > Outdoor Living > Outdoor Umbrellas & Sunshades
9960404,Home & Garden > Lawn & Garden > Outdoor Living > Outdoor Umbrellas & Sunshades
9960405,Home & Garden > Lawn & Garden > Outdoor Living > Outdoor Umbrellas & Sunshades
9960406,Home & Garden > Lawn & Garden > Outdoor Living > Outdoor Umbrellas & Sunshades
9960409,Home & Garden > Lawn & Garden > Outdoor Living > Outdoor Umbrellas & Sunshades
